n,relevance,seniority,note,title,firm,location,department,url,ats,token,job_id
1,rejected,unknown,Swedish procurement consultant; no finance/markets,Upphandlingskonsult till ArkivIT,ArkivIT AB,"Stockholm, Stockholms län",Upphandlare,https://arbetsformedlingen.se/platsbanken/annonser/31218882,jobtech,jobstream,31218882
2,rejected,unknown,Payment processing infrastructure; not quant work,Software Development Engineer III,gocardless.com,"London, UK",Product Development,https://job-boards.greenhouse.io/gocardless/jobs/7627201,greenhouse,gocardless,7627201
3,less_relevant,unknown,Quant dev supporting researchers; building not research,Quantitative Developer - Fundamental Equities,schonfeld.com,"London, England, United Kingdom",Fundamental Equity COO Office,https://job-boards.greenhouse.io/schonfeld/jobs/7957690,greenhouse,schonfeld,7957690
4,less_relevant,student_intern,C++ intern on trading systems; tech not research,Quantitative Technologist (C++ Intern) ,radixtrading.com,Chicago,Research Technology & Trading Systems,https://job-boards.greenhouse.io/radixuniversity/jobs/8500265002,greenhouse,radixuniversity,8500265002
5,less_relevant,new_grad,Graduate quant trader; trading desk not research,Graduate Quant Trader,flowtraders.com,Hong Kong,Trading,https://job-boards.greenhouse.io/flowtraders/jobs/7760610,greenhouse,flowtraders,7760610
6,relevant,junior_0_2,Junior quant researcher; explicit research focus,Junior Quantitative Researcher ,flowtraders.com,Amsterdam,Trading,https://job-boards.greenhouse.io/flowtraders/jobs/6492219,greenhouse,flowtraders,6492219
7,rejected,unknown,Admin/office operations in Thailand; not finance,Admin Specialist - Office Operations & Set-up,moomoo.com,,,https://apply.workable.com/j/82B38FE4CF,workable,moomoo,82B38FE4CF
8,rejected,unknown,Product/business solutions fintech; not quant research,"Business Solution Specialist, Private Wealth & Institutional Business",moomoo.com,,,https://apply.workable.com/j/2674B33D4E,workable,moomoo,2674B33D4E
9,less_relevant,senior_6_10,Experienced FX trader; trading desk focused,Experienced FX/Forex Trader,gelbergroup.com,"Chicago, IL",Trading,https://job-boards.greenhouse.io/gelbergroup/jobs/4684331006,greenhouse,gelbergroup,4684331006
10,less_relevant,unknown,Trading automation engineer; systems not research,Software Engineer (Trading Automation),flowtraders.com,New York,Product Development,https://job-boards.greenhouse.io/flowtraders/jobs/8120460,greenhouse,flowtraders,8120460
11,less_relevant,new_grad,Graduate trader; training and trading desk focused,Graduate Trader,flowtraders.com,Amsterdam,Trading,https://job-boards.greenhouse.io/flowtraders/jobs/7507482,greenhouse,flowtraders,7507482
12,less_relevant,student_intern,Barclays QA internship; analytics support not research,Quantitative Analytics Associate Off Cycle Internship 2027 Hong Kong,cards.barclaycardus.com,"Hong Kong, Cheung Kong Center",,https://barclays.wd3.myworkdayjobs.com/en-US/External_Career_Site_Barclays/job/Hong-Kong-Cheung-Kong-Center/Quantitative-Analytics-Associate-Off-Cycle-Internship-2027-Hong-Kong_JR-0000117565,workday,barclays|wd3|External_Career_Site_Barclays,/job/Hong-Kong-Cheung-Kong-Center/Quantitative-Analytics-Associate-Off-Cycle-Internship-2027-Hong-Kong_JR-0000117565
13,rejected,unknown,Mental health consultant at bank; not quant work,Workplace Mental Health Consultant (Part Time),rre.com,"Florence, Kentucky, United States",Employer Services,https://job-boards.greenhouse.io/springhealth66/jobs/4679718005,greenhouse,springhealth66,4679718005
14,rejected,unknown,Event planning specialist; not finance,Senior Meeting Planning & Hospitality Specialist,williamblair.com,"Chicago, Illinois, United States",820 WREM,https://www.williamblair.com/Careers/job-description?gh_jid=5204757007,greenhouse,williamblair,5204757007
15,less_relevant,new_grad,Graduate quant trader NYC; trading training program,Graduate Quantitative Trader,flowtraders.com,New York,Trading,https://job-boards.greenhouse.io/flowtraders/jobs/8094581,greenhouse,flowtraders,8094581
16,less_relevant,senior_6_10,Experienced equity trader; trading desk focused,Experienced Equity Discretionary Trader,gelbergroup.com,"White Plains, New York, United States",Trading,https://job-boards.greenhouse.io/gelbergroup/jobs/4684313006,greenhouse,gelbergroup,4684313006
17,less_relevant,junior_0_2,Junior quant derivatives; likely trading/risk focused,"Junior Quant, Equity Derivatives",clsa.com,London,,https://citicclsa.wd3.myworkdayjobs.com/en-US/External/job/London/Junior-Quant--Equity-Derivatives_JR002854,workday,citicclsa|wd3|External,/job/London/Junior-Quant--Equity-Derivatives_JR002854
18,less_relevant,student_intern,Barclays QA internship Singapore; analytics support,Quantitative Analytics Associate Off Cycle Internship 2027 Singapore,cards.barclaycardus.com,"Singapore, Marina Bay Financial Tower 2",,https://barclays.wd3.myworkdayjobs.com/en-US/External_Career_Site_Barclays/job/Singapore-Marina-Bay-Financial-Tower-2/Quantitative-Analytics-Associate-Off-Cycle-Internship-2027-Singapore_JR-0000117563,workday,barclays|wd3|External_Career_Site_Barclays,/job/Singapore-Marina-Bay-Financial-Tower-2/Quantitative-Analytics-Associate-Off-Cycle-Internship-2027-Singapore_JR-0000117563
19,less_relevant,senior_6_10,Experienced trader; trading desk no research,Experienced Trader,gelbergroup.com,"Chicago, IL",Trading,https://job-boards.greenhouse.io/gelbergroup/jobs/4683960006,greenhouse,gelbergroup,4683960006
20,less_relevant,senior_6_10,Experienced energy trader; trading commodities,Experienced Energy Trader,gelbergroup.com,"Chicago, IL; White Plains, New York, United States",Trading,https://job-boards.greenhouse.io/gelbergroup/jobs/4676117006,greenhouse,gelbergroup,4676117006
21,less_relevant,junior_0_2,Junior macro overlay trader; trading desk focused,Junior Macro Overlay Trader - Global Markets Division,bankofsingapore.com,OCBC Singapore,,https://ocbc.wd102.myworkdayjobs.com/en-US/External/job/OCBC-Singapore/Junior-Macro-Overlay-Trader---Global-Markets-Division_JR00009824,workday,ocbc|wd102|External,/job/OCBC-Singapore/Junior-Macro-Overlay-Trader---Global-Markets-Division_JR00009824
22,rejected,unknown,Sales for data platform; not financial markets,Strategic Account Executive - Consumer Goods Industry ,dcvc.com,"London, United Kingdom",Enterprise Sales,https://databricks.com/company/careers/open-positions/job?gh_jid=8622413002,greenhouse,databricks,8622413002
23,rejected,unknown,Event coordinator; not quant work,Event Coordinator (Casual) - Melbourne,moomoo.com,,Global Branches,https://apply.workable.com/j/DE44472A94,workable,moomoo,DE44472A94
24,relevant,new_grad,Quant researcher identifying trading opportunities early career,Quantitative Researcher (Full-Time - Master’s/Bachelor’s),radixtrading.com,"Chicago, New York, Amsterdam",Research,https://job-boards.greenhouse.io/radixuniversity/jobs/8521642002,greenhouse,radixuniversity,8521642002
25,less_relevant,unknown,Institutional trader; trading operations not research,Institutional Trader ,flowtraders.com,Hong Kong,Trading,https://job-boards.greenhouse.io/flowtraders/jobs/7927974,greenhouse,flowtraders,7927974
26,less_relevant,junior_0_2,Junior gold trader; trading focused,Junior Gold Trader - Global Markets Division,bankofsingapore.com,OCBC Singapore,,https://ocbc.wd102.myworkdayjobs.com/en-US/External/job/OCBC-Singapore/Junior-Gold-Trader---Global-Markets-Division_JR00009823-1,workday,ocbc|wd102|External,/job/OCBC-Singapore/Junior-Gold-Trader---Global-Markets-Division_JR00009823-1
27,rejected,unknown,Autonomy engineer at vehicle company; not finance,Autonomy Release Engineer II,mavenventures.com,"Ann Arbor, MI",Autonomy Engineering,https://job-boards.greenhouse.io/maymobility/jobs/8418831002,greenhouse,maymobility,8418831002
28,less_relevant,unknown,Platform support engineer at quant firm; operations,Platform Support Engineer,schonfeld.com,"New York, New York, United States",Platform Support,https://job-boards.greenhouse.io/schonfeld/jobs/7996905,greenhouse,schonfeld,7996905
29,rejected,unknown,Crypto credit risk analyst; crypto outside scope,Credit Risk Analyst,blockchaincapital.com,Remote - USA,Finance & Accounting,https://www.coinbase.com/careers/positions/8131356?gh_jid=8131356,greenhouse,coinbase,8131356
30,less_relevant,senior_6_10,Experienced equity options trader; trading desk,Experienced Equity Options Discretionary Trader,gelbergroup.com,"Chicago, IL",Trading,https://job-boards.greenhouse.io/gelbergroup/jobs/4684317006,greenhouse,gelbergroup,4684317006
31,less_relevant,junior_0_2,Associate quant developer; development not research,"Associate, Quant Developer, Delta One, Equity Derivatives",clsa.com,Hong Kong,,https://citicclsa.wd3.myworkdayjobs.com/en-US/External/job/Hong-Kong/Associate-Director--Director--EQD-Quant-Developer--Equity-Derivatives_JR002284,workday,citicclsa|wd3|External,/job/Hong-Kong/Associate-Director--Director--EQD-Quant-Developer--Equity-Derivatives_JR002284
32,rejected,unknown,Loan processor fintech; lending operations not markets,Senior Loan Processor (Hybrid),enova.com,"South Jordan, UT",Credit Operations,https://job-boards.greenhouse.io/enova/jobs/8092052,greenhouse,enova,8092052
33,rejected,student_intern,Private equity ESG internship; PE discretionary investing,ESG internship | London | 6-months,paipartners.com,"London, United Kingdom",PPG ESG,https://careers.paipartners.com/o/esg-internship-london-6-months,recruitee,paipartners,2440750
34,less_relevant,junior_0_2,Experienced trader Amsterdam; at least two years specified,Experienced Trader,gelbergroup.com,"Amsterdam, North Holland, Netherlands",Trading,https://job-boards.greenhouse.io/gelbergroup/jobs/4684327006,greenhouse,gelbergroup,4684327006
35,rejected,unknown,Business analyst fintech; not quant markets research,Business Analyst,teya.com,London,Credit & Analytics,https://jobs.ashbyhq.com/teya/a5cae31a-ed90-4604-a371-5aa6a3e12fb4,ashby,teya,a5cae31a-ed90-4604-a371-5aa6a3e12fb4
36,less_relevant,student_intern,Barclays finance internship summer 2027,Quantitative Finance Associate Summer Internship Program 2027 New York,cards.barclaycardus.com,"New York, 745 7th Avenue",,https://barclays.wd3.myworkdayjobs.com/en-US/External_Career_Site_Barclays/job/New-York-745-7th-Avenue/Quantitative-Finance-Associate-Summer-Internship-Program-2027-New-York_JR-0000128099,workday,barclays|wd3|External_Career_Site_Barclays,/job/New-York-745-7th-Avenue/Quantitative-Finance-Associate-Summer-Internship-Program-2027-New-York_JR-0000128099
37,rejected,unknown,Home modification contractor; not finance,General Contractor - Home Modifications,primary.vc,"Cleveland, OH",Installer Network,https://job-boards.greenhouse.io/jukeboxhealth/jobs/4286114009,greenhouse,jukeboxhealth,4286114009
38,rejected,unknown,Tax associate at credit firm; not research,Associate,eaglepointcredit.com,"Greenwich, CT",Tax,https://jobs.lever.co/eaglepointcredit/2124b96d-53db-4d1c-be69-d2eb2360da1a,lever,eaglepointcredit,2124b96d-53db-4d1c-be69-d2eb2360da1a
39,less_relevant,unknown,DevOps engineer; systems infrastructure not research,Quantitative Technologist (Full-Time - DevOps & Systems Engineering),radixtrading.com,"Chicago, New York, Amsterdam","DevOps, Automation, & HPC Systems",https://job-boards.greenhouse.io/radixuniversity/jobs/8521638002,greenhouse,radixuniversity,8521638002
40,rejected,unknown,Growth equity research analyst; discretionary investing excluded,Research Analyst,sandscapital.com,"Arlington, VA",Public Markets Team,https://job-boards.greenhouse.io/sandscapitalmanagementllc/jobs/4690540006,greenhouse,sandscapitalmanagementllc,4690540006
41,less_relevant,junior_0_2,Credit quantitative risk; risk modeling not alpha research,"Associate, Liquid Credit Quantitative Risk & Research",ares.com,"Los Angeles, CA - Century City",,https://aresmgmt.wd1.myworkdayjobs.com/en-US/External/job/Los-Angeles-CA---Century-City/Associate--Liquid-Credit-Quantitative-Risk---Research_R8318,workday,aresmgmt|wd1|External,/job/Los-Angeles-CA---Century-City/Associate--Liquid-Credit-Quantitative-Risk---Research_R8318
42,rejected,student_intern,German HSE student worker; not finance,"Werkstudent Health, Safety & Environment (m/w/d)",earlybird.com,"Ottobrunn, Bavaria, Germany","Infrastructure, Safety & Service",https://job-boards.eu.greenhouse.io/isaraerospace/jobs/4772565101,greenhouse,isaraerospace,4772565101
43,less_relevant,unknown,Data engineer at quant firm; infrastructure not research,Data Engineer,winton.com,"London, United Kingdom",Software Development,https://job-boards.eu.greenhouse.io/winton/jobs/4574638101,greenhouse,winton,4574638101
44,rejected,junior_0_2,Credit risk operations; fintech not markets research,"Associate, Credit Risk Operations (Debt Collections)",airwallex.com,SG - Singapore,Operations,https://jobs.ashbyhq.com/airwallex/b7239044-3e5f-49eb-a64e-2de83d7b275b,ashby,airwallex,b7239044-3e5f-49eb-a64e-2de83d7b275b
45,less_relevant,senior_6_10,FPGA engineer requires PhD; hardware systems specialized,"Quantitative Technologist (Full-Time - FPGA Engineer, PhD) ",radixtrading.com,Chicago,Hardware,https://job-boards.greenhouse.io/radixuniversity/jobs/8521654002,greenhouse,radixuniversity,8521654002
46,less_relevant,junior_0_2,Associate precious metals trader; trading focused,"Associate, Precious Metals Trader, Commodities",clsa.com,Hong Kong,,https://citicclsa.wd3.myworkdayjobs.com/en-US/External/job/Hong-Kong/Associate--Precious-Metals-Trader--Commodities_JR002601,workday,citicclsa|wd3|External,/job/Hong-Kong/Associate--Precious-Metals-Trader--Commodities_JR002601
47,rejected,unknown,AI benchmark SME; not financial markets research,Subject Matter Expert – Qualtative/Scientific/Corporate (English/Mandarin) – Remote,clear.ventures,China (Remote),LiltLancer Community,https://jobs.ashbyhq.com/lilt-production/9930e4a9-40ad-4fd7-8df2-d5811e1cef44,ashby,lilt-production,9930e4a9-40ad-4fd7-8df2-d5811e1cef44
48,rejected,unknown,Data governance analyst forex fintech; not research,Data Governance Analyst,pepperstone.com,,IT,https://apply.workable.com/j/6D68ADA2B2,workable,pepperstone,6D68ADA2B2
49,rejected,junior_0_2,Credit risk operations underwriting; not research,"Associate, Credit Risk Operations (Underwriting)",airwallex.com,SG - Singapore,Operations,https://jobs.ashbyhq.com/airwallex/70a4cf53-2312-48a9-973d-3f55f41ab2d3,ashby,airwallex,70a4cf53-2312-48a9-973d-3f55f41ab2d3
50,rejected,unknown,Crypto user researcher; not markets quant research,"Senior Researcher, Consumer (Advanced)",blockchaincapital.com,Remote - USA,Design,https://www.coinbase.com/careers/positions/8095526?gh_jid=8095526,greenhouse,coinbase,8095526
51,adjacent,junior_0_2,Quantitative strategist title vague; no job description,"Associate, AI Solutions & Quantitative Strategist",apollo.com,"New York, New York",,https://athene.wd5.myworkdayjobs.com/en-US/Apollo_Careers/job/New-York-New-York/Associate--Quantitative-Strategist_R260059,workday,athene|wd5|Apollo_Careers,/job/New-York-New-York/Associate--Quantitative-Strategist_R260059
52,rejected,unknown,Portfolio operations analyst; ETF operations not research,Portfolio Operations Analyst,profunds.com,"Bethesda, MD",Portfolio Operations,https://boards.greenhouse.io/proshares/jobs/6121499004?gh_jid=6121499004,greenhouse,proshares,6121499004
53,rejected,unknown,Ads product specialist; media tech not finance,Programmatic and Sponsorship Ads Product Specialist,step.com,"New York, NY",Engineering,https://job-boards.greenhouse.io/mrbeastyoutube/jobs/6114090004,greenhouse,mrbeastyoutube,6114090004
54,less_relevant,unknown,C++ quant developer; alpha generation via development,Quantitative Technologist (Full-Time - C++ Developer) ,radixtrading.com,"Chicago, New York, Amsterdam",Research Technology & Trading Systems,https://job-boards.greenhouse.io/radixuniversity/jobs/8500240002,greenhouse,radixuniversity,8500240002
55,rejected,unknown,Trading specialist broker; not research,Trading Specialist,moomoo.com,,,https://apply.workable.com/j/AC75CFB242,workable,moomoo,AC75CFB242
56,relevant,new_grad,Graduate quantitative researcher quant options trading,Graduate Quantitative Researcher,alloptions.nl,Austin,Quant Trading,https://alloptions.bamboohr.com/careers/86,bamboohr,alloptions,86
57,less_relevant,unknown,Quantitative analyst FX trading; trading not research,Quantitative Analyst FX Electronic Trading,citibank.com.sg,London  United Kingdom,,https://citi.wd5.myworkdayjobs.com/en-US/2/job/London--United-Kingdom/Quantitative-Analyst-FX-Electronic-Trading_26972675,workday,citi|wd5|2,/job/London--United-Kingdom/Quantitative-Analyst-FX-Electronic-Trading_26972675
58,rejected,unknown,Solutions architect crypto; crypto outside scope,Solutions Architect,blockchaincapital.com,"Hybrid - New York, NY","Institutional Sales, Trading, and Prime Services",https://www.coinbase.com/careers/positions/8056065?gh_jid=8056065,greenhouse,coinbase,8056065
59,rejected,unknown,IT security PKI specialist; not finance,PKI specialist till Serviceförvaltningen,medmerabank.se,"Stockholm, Sweden",Security,https://career.computerswedenrecruitment.se/jobs/8157438-pki-specialist-till-serviceforvaltningen,teamtailor,career.computerswedenrecruitment.se,4fab29f1-1d9c-496b-87ed-cda605600ffe
60,rejected,unknown,Data solutions analyst wealth fintech; not research,Client Delivery Advocate - Analyst,icapitalnetwork.com,"Salt Lake City, Utah, United States",Data Solutions,https://job-boards.greenhouse.io/icapitalnetwork/jobs/8586146002,greenhouse,icapitalnetwork,8586146002
61,less_relevant,unknown,Sales trader FX; trading not research,Sales Trader,cmcmarkets.com,Singapore,,https://cmcmarkets.wd3.myworkdayjobs.com/en-US/CMC_Markets_Careers/job/Singapore/Sales-Trader_CMC4427-1,workday,cmcmarkets|wd3|CMC_Markets_Careers,/job/Singapore/Sales-Trader_CMC4427-1
62,rejected,unknown,Executive assistant crypto trading; admin not research,"Executive Assistant, Trading & Research",galaxy.com,"New York, NY",Admin,https://job-boards.greenhouse.io/galaxydigitalservices/jobs/6114658004,greenhouse,galaxydigitalservices,6114658004
63,rejected,unknown,Sales executive manufacturing; not finance,"Senior Account Executive, Defense",cherry.vc,"Huntsville, AL",Marketplace Sales,https://job-boards.greenhouse.io/xometry/jobs/5211490007,greenhouse,xometry,5211490007
64,rejected,unknown,Financial analyst infrastructure funds; not quant research,"Financial Analyst, Reporting (Future Opportunities)",fengate.com,,,https://apply.workable.com/j/D53D00AD9B,workable,fengate,D53D00AD9B
65,less_relevant,unknown,Electronic algo sales trader; trading sales not research,Electronic/Algo Sales Trader,tpicap.com,Singapore,,https://tp.wd107.myworkdayjobs.com/en-US/TP-ICAP/job/Singapore/Associate--Execution-Trading_R5426,workday,tp|wd107|TP-ICAP,/job/Singapore/Associate--Execution-Trading_R5426
66,less_relevant,unknown,Quantitative developer commodities; development not research,"Quantitative Developer, Commodities",winton.com,"London, United Kingdom",IMR,https://job-boards.eu.greenhouse.io/winton/jobs/4875778101,greenhouse,winton,4875778101
67,rejected,unknown,Data integration analyst healthcare; not finance,Senior Data Integration Analyst,flarecapital.com,United States,Payment Solutions,https://job-boards.greenhouse.io/coherehealth/jobs/7784512003,greenhouse,coherehealth,7784512003
68,rejected,junior_0_2,Corporate credit analyst CLO; ratings not alpha research,"Analyst/Associate, Corporate Credit (Credit Estimates)",rram.com,"9 West 57th Street 17th Floor New York, NY 10019",Corporate Advisory,https://job-boards.greenhouse.io/reddingridge/jobs/5365957008,greenhouse,reddingridge,5365957008
69,adjacent,unknown,Quantitative model analyst bank; unclear if trading or risk,Quantitative Model Analyst 2,usbank.com,4 Locations,,https://usbank.wd1.myworkdayjobs.com/en-US/US_Bank_Careers/job/Chicago-IL/Quantitative-Model-Analyst-2_2026-0014257,workday,usbank|wd1|US_Bank_Careers,/job/Chicago-IL/Quantitative-Model-Analyst-2_2026-0014257
70,less_relevant,unknown,Trading desk algorithmic firm; trading not research,Trading Desk,xtxmarkets.com,"Singapore, Central, Singapore",Trading,https://job-boards.greenhouse.io/xtxmarketstechnologies/jobs/7798502003,greenhouse,xtxmarketstechnologies,7798502003
71,rejected,unknown,Swedish IT operations education; not finance,Teknisk systemförvaltare till Dibber,Dibber Sverige AB,"Sollentuna, Stockholms län",Systemförvaltare,https://arbetsformedlingen.se/platsbanken/annonser/31349646,jobtech,jobstream,31349646
72,rejected,junior_0_2,Financial PR associate; communications not research,Financial PR Associate,moomoo.com,,Key Account Business Department,https://apply.workable.com/j/FAA05BA21F,workable,moomoo,FAA05BA21F
73,adjacent,unknown,Quant analyst exchange operator; unclear scope,Quant Analyst,euronext.com,London,,https://hrhub.wd3.myworkdayjobs.com/en-US/Euronext_Career_Page/job/London/Quant-Analyst_R26971,workday,hrhub|wd3|Euronext_Career_Page,/job/London/Quant-Analyst_R26971
74,less_relevant,unknown,Portfolio strategy risk analyst; strategy/risk not research,Systematic Portfolio Strategy and Risk Analyst (NYC or Miami),schonfeld.com,"Miami, Florida, United States; New York, New York, United States",Systematic Risk,https://job-boards.greenhouse.io/schonfeld/jobs/7402926,greenhouse,schonfeld,7402926
75,rejected,unknown,Commercial garage door technician; not finance,Commercial Garage Door Technician,guildgaragegroup.com,"Raleigh, North Carolina, United States",Commercial,https://job-boards.greenhouse.io/guildgaragegroup/jobs/4336339009,greenhouse,guildgaragegroup,4336339009
76,rejected,unknown,Customer experience associate retail; not research,Financial Customer Experience Associate - Licensed,moomoo.com,,Global Branches,https://apply.workable.com/j/3297D7424C,workable,moomoo,3297D7424C
77,less_relevant,unknown,Execution consultant trading; trading execution not research,"Execution Consultant, Trading",clsa.com,Singapore,,https://citicclsa.wd3.myworkdayjobs.com/en-US/External/job/Singapore/Execution-Consultant--Trading_JR002785,workday,citicclsa|wd3|External,/job/Singapore/Execution-Consultant--Trading_JR002785
78,less_relevant,unknown,DevOps engineer night shift; systems infrastructure,Quantitative Technologist (Full-Time - DevOps - Night Shift),radixtrading.com,Chicago,"DevOps, Automation, & HPC Systems",https://job-boards.greenhouse.io/radixuniversity/jobs/8521641002,greenhouse,radixuniversity,8521641002
79,rejected,unknown,Lifecycle marketer AI education; not finance research,Lifecycle Marketer,aifund.ai,"Mountain View, CA",Marketing,https://jobs.lever.co/AIFund/55952a18-f51f-4d42-a2d4-88ddbb8a6e27,lever,AIFund,55952a18-f51f-4d42-a2d4-88ddbb8a6e27
80,rejected,unknown,Site reliability engineer payments; not quant research,Site Reliability Engineer,gocardless.com,"London, UK",Product Development,https://job-boards.greenhouse.io/gocardless/jobs/7996584,greenhouse,gocardless,7996584
81,less_relevant,unknown,Quantitative research portfolio implementation; operational focus,Quantitative Research Analyst – Portfolio Implementation,pimco.com,"Newport Beach, CA USA",,https://pimco.wd1.myworkdayjobs.com/en-US/pimco-careers/job/Newport-Beach-CA-USA/Quantitative-Research-Analyst---Portfolio-Implementation_R105714,workday,pimco|wd1|pimco-careers,/job/Newport-Beach-CA-USA/Quantitative-Research-Analyst---Portfolio-Implementation_R105714
82,relevant,unknown,Applied ML scientist quant trading firm; research on strategies,Applied ML Scientist ,pdtpartners.com,"New York, NY",Research / Strategies,https://job-boards.greenhouse.io/pdtpartners/jobs/1473516,greenhouse,pdtpartners,1473516
83,rejected,unknown,Porter building maintenance; not finance,Porter - 300 Main,kairoi.com,"300 Main - San Antonio, TX, San Antonio, United States",Operations - Community,https://careers.kairoi.com/jobs/657044-porter-300-main,teamtailor,careers.kairoi.com,52da14ab-b651-42c2-aebe-49dcbbbfe206
84,rejected,junior_0_2,Portfolio oversight real estate; discretionary investing,"Associate, Portfolio Oversight",cimgroup.com,"Los Angeles, CA",Investments - Real Estate Equity,https://jobs.lever.co/cimgroup/cdef5ff5-718f-4447-a860-302708bb7c95,lever,cimgroup,cdef5ff5-718f-4447-a860-302708bb7c95
85,adjacent,unknown,Quantitative valuations LSEG; valuations could be operational,"Specialist, Quantitative Valuations",lseg.com,USA-New York-28 Liberty Street,,https://lseg.wd3.myworkdayjobs.com/en-US/Careers/job/USA-New-York-28-Liberty-Street/Specialist--Quantitative-Valuations_R0120356-1,workday,lseg|wd3|Careers,/job/USA-New-York-28-Liberty-Street/Specialist--Quantitative-Valuations_R0120356-1
86,rejected,junior_0_2,Derivative sales analyst crypto; crypto sales not research,Derivative Sales Analyst,blockchaincapital.com,Remote - UK,"Institutional Sales, Trading, and Prime Services",https://www.coinbase.com/careers/positions/8097446?gh_jid=8097446,greenhouse,coinbase,8097446
87,rejected,unknown,Data center operations superintendent; not research,Site Superintendent – Data Center Startup & Commissioning,shieldcap.com,United States (Remote),R&D - Edge Hardware,https://job-boards.greenhouse.io/armada/jobs/5383208008,greenhouse,armada,5383208008
88,rejected,unknown,Investment analyst healthcare private equity; PE discretionary,"Senior Analyst, Investment Team (Animal & Environmental Health)",archimed.group,,Archimed,https://apply.workable.com/j/73C32923F1,workable,archimed,73C32923F1
89,less_relevant,unknown,Quantitative model stress testing; risk modeling not research,Quantitative Analytics Specialist (Stress Testing Model Development) - SAS/Python,td.com,2 Locations,,https://td.wd3.myworkdayjobs.com/en-US/TD_Bank_Careers/job/Wilmington-Delaware/Quantitative-Analytics-Specialist--Stress-Testing-Model-Development----SAS-Python_R_1499218-1,workday,td|wd3|TD_Bank_Careers,/job/Wilmington-Delaware/Quantitative-Analytics-Specialist--Stress-Testing-Model-Development----SAS-Python_R_1499218-1
90,rejected,junior_0_2,Derivative sales crypto; crypto sales excluded,Derivative Sales Analyst (Prosumer Sales),blockchaincapital.com,Remote - USA,"Institutional Sales, Trading, and Prime Services",https://www.coinbase.com/careers/positions/8021857?gh_jid=8021857,greenhouse,coinbase,8021857
91,rejected,unknown,AI engineer fintech bank; fintech product not markets research,AI Engineer,nordiska.se,"Stockholm, Sweden",Tech,https://career.nordiska.com/jobs/8219921-ai-engineer,teamtailor,career.nordiska.com,ae2fbe07-abc6-4e49-a1ca-bda35ce51815
92,less_relevant,senior_6_10,Senior software engineer treasury technology; systems,Senior Software Engineer,schonfeld.com,"London, England, United Kingdom",Treasury Technology,https://job-boards.greenhouse.io/schonfeld/jobs/8091383,greenhouse,schonfeld,8091383
93,rejected,unknown,Model analyst AML bank; compliance not research,Quantitative Model Analyst - AML,usbank.com,5 Locations,,https://usbank.wd1.myworkdayjobs.com/en-US/US_Bank_Careers/job/Charlotte-NC/Quantitative-Model-Analyst---AML_2026-0023207,workday,usbank|wd1|US_Bank_Careers,/job/Charlotte-NC/Quantitative-Model-Analyst---AML_2026-0023207
94,rejected,unknown,Equity analyst growth company; discretionary fundamental research,Equity Analyst,focusfinancialpartners.com,"New York , NY",Operations & Analytics,https://job-boards.greenhouse.io/focusfinancialpartners/jobs/6102839004,greenhouse,focusfinancialpartners,6102839004
95,rejected,unknown,Vehicle communications architect autonomy; not finance,Senior Vehicle Communications Architect,mavenventures.com,"Ann Arbor, MI",Autonomy Engineering,https://job-boards.greenhouse.io/maymobility/jobs/8206406002,greenhouse,maymobility,8206406002
96,rejected,unknown,Platform engineer market intelligence; infrastructure not research,"Staff Platform Engineer, Cloud Developer Experience",tribecavp.com,Remote - United States,Engineering,https://job-boards.greenhouse.io/alphasense/jobs/8687635002,greenhouse,alphasense,8687635002
97,less_relevant,unknown,Quantitative analyst rates market making; trading not research,Quantitative Analyst (Rates Electronic Market Making),citibank.com.sg,London  United Kingdom,,https://citi.wd5.myworkdayjobs.com/en-US/2/job/London--United-Kingdom/Quantitative-Analyst--Rates-Electronic-Market-Making-_26976732,workday,citi|wd5|2,/job/London--United-Kingdom/Quantitative-Analyst--Rates-Electronic-Market-Making-_26976732
98,rejected,unknown,Data scientist pricing fintech; lending not markets,Data Scientist - Pricing & Profitability (Hybrid),enova.com,"Chicago, IL",Analytics,https://job-boards.greenhouse.io/enova/jobs/8092417,greenhouse,enova,8092417
99,rejected,unknown,Talent community CDMO pharma; not finance,Werde Teil unserer Talent Community!,simtra.com,"Halle, North Rhine-Westphalia, Germany",,https://job-boards.greenhouse.io/simtrabps/jobs/4624458007,greenhouse,simtrabps,4624458007
100,rejected,unknown,Salesforce engineer wealth advisory; CRM not research,Senior Salesforce Engineer,tuftoncapital.com,"Remote, USA",Technology,https://job-boards.greenhouse.io/merceradvisors/jobs/5265775008,greenhouse,merceradvisors,5265775008
101,relevant,unknown,Execution research at quant firm; no clear title seniority,"Execution Quant, Trading",clsa.com,Hong Kong,,https://citicclsa.wd3.myworkdayjobs.com/en-US/External/job/Hong-Kong/Execution-Quant--Trading_JR002875,workday,citicclsa|wd3|External,/job/Hong-Kong/Execution-Quant--Trading_JR002875
102,rejected,unknown,Market intelligence research; fintech not quant markets,Channel and Customer Research Analyst (Japanese Speaker),tribecavp.com,"Singapore, Central, Singapore",Expert Insights,https://job-boards.greenhouse.io/alphasense/jobs/8574484002,greenhouse,alphasense,8574484002
103,rejected,senior_6_10,Maintenance technician; not finance,"Senior Maintenance Technician, Packaging - 3rd Shift",simtra.com,"Bloomington, Indiana, United States",Reliability & Maintenance,https://job-boards.greenhouse.io/simtrabps/jobs/5191403007,greenhouse,simtrabps,5191403007
104,adjacent,unknown,Debt analyst at asset manager; investment research not quant,Emerging Country Debt Analyst,gmo.com,"Boston, MA",Emerging Country Debt,https://jobs.lever.co/gmo/501137ee-b1fa-4bb7-98b4-c6677f96fec0,lever,gmo,501137ee-b1fa-4bb7-98b4-c6677f96fec0
105,less_relevant,junior_0_2,Sales trading analyst; trading not research,"Analyst, Program Sales Trading, Trading",clsa.com,Hong Kong,,https://citicclsa.wd3.myworkdayjobs.com/en-US/External/job/Hong-Kong/Analyst--Program-Sales-Trading--Trading_JR003064,workday,citicclsa|wd3|External,/job/Hong-Kong/Analyst--Program-Sales-Trading--Trading_JR003064
106,rejected,senior_6_10,Data scientist lending fintech; payments not markets,"Senior Data Scientist, Algorithm (Lending & Onboarding)",airwallex.com,SG - Singapore,Product,https://jobs.ashbyhq.com/airwallex/9a620994-db83-4dca-b9bd-0e5c792cf2f3,ashby,airwallex,9a620994-db83-4dca-b9bd-0e5c792cf2f3
107,rejected,senior_6_10,Data scientist growth analytics; consumer not markets,"Senior Data Scientist, Growth",dolarapp.com,London,Engineering,https://jobs.ashbyhq.com/ARQ/9b53bbd7-98dc-477a-b215-09e8f635b00d,ashby,ARQ,9b53bbd7-98dc-477a-b215-09e8f635b00d
108,less_relevant,senior_6_10,Software engineer post-trade; systems not research,"Senior Software Engineer, Post-Trade",winton.com,"London, United Kingdom",Software Development,https://job-boards.eu.greenhouse.io/winton/jobs/4725913101,greenhouse,winton,4725913101
109,less_relevant,student_intern,Sales and trading analyst; 2027 analyst program,"Markets – Sales and Trading, Full Time Analyst, Singapore - 2027",citibank.com.sg,Singapore  Singapore,,https://citi.wd5.myworkdayjobs.com/en-US/2/job/Singapore--Singapore/Markets---Sales-and-Trading--Full-Time-Analyst--Singapore---2027_26978295,workday,citi|wd5|2,/job/Singapore--Singapore/Markets---Sales-and-Trading--Full-Time-Analyst--Singapore---2027_26978295
110,rejected,junior_0_2,Credit risk operations fintech; payments not markets,"Associate, Credit Risk Operations",airwallex.com,US - San Francisco,Operations,https://jobs.ashbyhq.com/airwallex/f682f840-b50c-446c-a6ed-61afd0500015,ashby,airwallex,f682f840-b50c-446c-a6ed-61afd0500015
111,rejected,unknown,Workforce development coordinator; not finance,SEAL Coordinator,mainstcapital.com,"Waxahachie, Texas, United States",Workforce Services,https://job-boards.greenhouse.io/careerteam/jobs/4703081005,greenhouse,careerteam,4703081005
112,rejected,unknown,Generic investment posting; PE explicitly excluded,Opportunistic - Investment Teams,vikingglobal.com,"New York, NY",,https://job-boards.greenhouse.io/vikingglobalinvestors/jobs/4809389004,greenhouse,vikingglobalinvestors,4809389004
113,adjacent,unknown,Investment AI specialist; scope ambiguous without body,Multi-Strat and Investment AI Specialist,bankofsingapore.com,BOS Singapore,,https://ocbc.wd102.myworkdayjobs.com/en-US/External/job/BOS-Singapore/Multi-Strat-and-Investment-AI-Specialist_JR00009150,workday,ocbc|wd102|External,/job/BOS-Singapore/Multi-Strat-and-Investment-AI-Specialist_JR00009150
114,less_relevant,unknown,Internal auditor risk models; audit not research,Internal Auditor – Financial risks and models,swedbank.com,"Stockholm Region, Sundbyberg, Sweden","Risk management, compliance and legal",https://jobs.swedbank.com/jobs/27399-internal-auditor-financial-risks-and-models,teamtailor,jobs.swedbank.com,312bfc0d-6aec-42d6-a636-30b4b112458f
115,rejected,unknown,CRM architect retail; not finance,"CRM Architect, B2B",basisset.com,"United States, Remote",B2B,https://job-boards.greenhouse.io/quince/jobs/5045555008,greenhouse,quince,5045555008
116,rejected,unknown,Generic interest registration; not a specific role,Register Your Interest: Technology,winton.com,"London, United Kingdom",Technology,https://job-boards.eu.greenhouse.io/winton/jobs/4207625101,greenhouse,winton,4207625101
117,relevant,junior_0_2,Quant research analyst at fixed income firm,Quantitative Research Analyst - Client Solutions & Analytics,pimco.com,"Newport Beach, CA USA",,https://pimco.wd1.myworkdayjobs.com/en-US/pimco-careers/job/Newport-Beach-CA-USA/Quantitative-Research-Analyst_R106236,workday,pimco|wd1|pimco-careers,/job/Newport-Beach-CA-USA/Quantitative-Research-Analyst_R106236
118,rejected,unknown,Market intelligence analyst mandarin; not quant markets,Channel and Customer Research Analyst (Mandarin Speaker),tribecavp.com,"Singapore, Central, Singapore",Expert Insights,https://job-boards.greenhouse.io/alphasense/jobs/8566490002,greenhouse,alphasense,8566490002
119,rejected,unknown,CRM specialist e-commerce; not finance,CRM & Marketing Automation Specialist,selectedgroup.dk,"København, Denmark",,https://selectedgroup.teamtailor.com/jobs/8065690-crm-marketing-automation-specialist,teamtailor,selectedgroup,24585518-ef6e-4e48-8026-bd4ada401f48
120,rejected,student_intern,PE internship; private equity explicitly excluded,"CLOSED: Munich Investment Group Internship (Large Cap + MMF) | 3-months | Q3-27 (applications open September 15, 2026 – October 15, 2026)",paipartners.com,"Munich, Germany",Munich Large Cap,https://careers.paipartners.com/o/closed-munich-investment-group-internship-large-cap-mmf-3-months-q3-27-applications-open-september-15-2026-october-15-2026,recruitee,paipartners,2696316
121,less_relevant,unknown,Institutional equity sales trading; sales not research,Institutional Equity Sales Trading - Global Markets Equities,bankofsingapore.com,OCBC Singapore,,https://ocbc.wd102.myworkdayjobs.com/en-US/External/job/OCBC-Singapore/Institutional-Equity-Sales-Trading---Global-Markets-Equities_JR00007910,workday,ocbc|wd102|External,/job/OCBC-Singapore/Institutional-Equity-Sales-Trading---Global-Markets-Equities_JR00007910
122,rejected,unknown,Procurement specialist; operations not trading,Technology Procurement Specialist,xtxmarkets.com,"London, England, United Kingdom",Procurement,https://job-boards.greenhouse.io/xtxmarketstechnologies/jobs/7827774003,greenhouse,xtxmarketstechnologies,7827774003
123,rejected,unknown,M&A engineer crypto; cryptocurrency explicitly excluded,M&A Collaboration & Security Platforms Engineer,payward.com,United Kingdom,Security & IT,https://jobs.ashbyhq.com/kraken.com/a06838e0-053c-4b11-9934-bfa30c95164d,ashby,kraken.com,a06838e0-053c-4b11-9934-bfa30c95164d
124,rejected,unknown,Computational neuroscientist; not financial markets,Computational Neuroscientist,firstsparkventures.com,San Francisco,Research,https://jobs.ashbyhq.com/alljoined/9881679f-74c2-409e-bdf7-0270dbce012c,ashby,alljoined,9881679f-74c2-409e-bdf7-0270dbce012c
125,adjacent,mid_3_5,Credit risk model analyst; consumer credit not markets,Credit Risk Model Development Quantitative Analyst II - Consumer Portfolio (Hybrid - see job description for potential work locations),wilmingtontrust.com,6 Locations,,https://mtb.wd5.myworkdayjobs.com/en-US/WTExternal/job/Buffalo-NY/Credit-Risk-Model-Development-Quantitative-Analyst-II---Consumer-Portfolio--Hybrid---see-job-description-for-potential-work-locations-_R83338-2,workday,mtb|wd5|WTExternal,/job/Buffalo-NY/Credit-Risk-Model-Development-Quantitative-Analyst-II---Consumer-Portfolio--Hybrid---see-job-description-for-potential-work-locations-_R83338-2
126,rejected,junior_0_2,Taxable bond research analyst; investment research excluded,Associate Taxable Research Analyst,gwkinvest.com,"Boston, MA",Taxable Bond ,https://job-boards.greenhouse.io/gwkinvestmentmanagementllc/jobs/4721669005,greenhouse,gwkinvestmentmanagementllc,4721669005
127,rejected,unknown,Maintenance technician residential; not finance,Maintenance Technician (Residential),cimgroup.com,"Alexandria, VA",Property Management,https://jobs.lever.co/cimgroup/cc63fc14-0441-4a90-91d5-c4d95a4fea99,lever,cimgroup,cc63fc14-0441-4a90-91d5-c4d95a4fea99
128,rejected,unknown,Real estate development analyst; not finance,Development Analyst,esr.com,,Australia,https://apply.workable.com/j/7C3EE8F11C,workable,esr-group,7C3EE8F11C
129,less_relevant,new_grad,Graduate quantitative trader; trading not research,Graduate Quantitative Trader,alloptions.nl,Austin,Trading,https://alloptions.bamboohr.com/careers/85,bamboohr,alloptions,85
130,rejected,unknown,Solutions architect; crypto exchange excluded,Solutions Architect,blockchaincapital.com,"Hybrid - London, UK","Institutional Sales, Trading, and Prime Services",https://www.coinbase.com/careers/positions/8096720?gh_jid=8096720,greenhouse,coinbase,8096720
131,rejected,unknown,GTM recruiter life sciences; not finance,GTM Recruiter,conviction.com,San Francisco,Operations,https://jobs.lever.co/collate/c32347d6-b99a-445f-951f-8c2b8c21edd6,lever,collate,c32347d6-b99a-445f-951f-8c2b8c21edd6
132,rejected,unknown,Wealth advisor; wealth advisory explicitly excluded,Wealth Advisor,waverly-advisors.com,"Pensacola, FL",Wealth Advisors,https://job-boards.greenhouse.io/waverlyadvisorsllc/jobs/4360616009,greenhouse,waverlyadvisorsllc,4360616009
133,relevant,junior_0_2,Quantitative research analyst at fixed income firm,Quantitative Research Analyst,pimco.com,"Newport Beach, CA USA",,https://pimco.wd1.myworkdayjobs.com/en-US/pimco-careers/job/Newport-Beach-CA-USA/Quantitative-Research-Analyst_R106246,workday,pimco|wd1|pimco-careers,/job/Newport-Beach-CA-USA/Quantitative-Research-Analyst_R106246
134,rejected,unknown,eFX solutions admin; operations not trading research,eFX Solutions Administration Specialist,admiralmarkets.com,,Trading,https://apply.workable.com/j/30B617B5D3,workable,admirals,30B617B5D3
135,rejected,unknown,Tax associate R&D credits; not finance,Tax Associate - R&D Tax Credits,wealth.aprio.com,"Atlanta, GA",Specialty Tax,https://jobs.lever.co/Aprio/d67a69d2-448f-4f14-88b0-0397af90fca6,lever,Aprio,d67a69d2-448f-4f14-88b0-0397af90fca6
136,rejected,junior_0_2,Associate client research; market research not quant,"Associate, Client Research",tribecavp.com,Chicago,Expert Insights,https://job-boards.greenhouse.io/alphasense/jobs/8352147002,greenhouse,alphasense,8352147002
137,relevant,unknown,Quantitative model analyst; credit risk modeling in scope,Quantitative Model Analyst 2,usbank.com,2 Locations,,https://usbank.wd1.myworkdayjobs.com/en-US/US_Bank_Careers/job/Hopkins-MN/Quantitative-Model-Analyst-2_2026-0024602,workday,usbank|wd1|US_Bank_Careers,/job/Hopkins-MN/Quantitative-Model-Analyst-2_2026-0024602
138,relevant,senior_6_10,Quantitative researcher; 5+ years alpha research required,Quantitative Researcher,schonfeld.com,"Hong Kong, Hong Kong",Internal Portfolio Managers & Analysts,https://job-boards.greenhouse.io/schonfeld/jobs/7624691,greenhouse,schonfeld,7624691
139,rejected,unknown,Retail store associate piercing; not finance,Retail Store Associate,palmersquare.com,"Westport, CT",Retail Store Associates,https://jobs.lever.co/heyrowan/c71b3eaf-ee77-4468-a575-143bbedcd847,lever,heyrowan,c71b3eaf-ee77-4468-a575-143bbedcd847
140,rejected,junior_0_2,M&A associate lawyer; legal not quantitative,"M&A Associate, Bowery Legal",interplay.vc,New York,Portfolio Companies,https://jobs.ashbyhq.com/interplay/7ed667a1-a540-4ba8-a386-c7abd3511b8c,ashby,interplay,7ed667a1-a540-4ba8-a386-c7abd3511b8c
141,less_relevant,student_intern,Sales trading structuring; summer internship 2027 grad,"Sales, Trading and Structuring Summer Internship Programme 2027 Hong Kong",cards.barclaycardus.com,"Hong Kong, Cheung Kong Center",,https://barclays.wd3.myworkdayjobs.com/en-US/External_Career_Site_Barclays/job/Hong-Kong-Cheung-Kong-Center/Sales--Trading-and-Structuring-Summer-Internship-Programme-2027-Hong-Kong_JR-0000117559,workday,barclays|wd3|External_Career_Site_Barclays,/job/Hong-Kong-Cheung-Kong-Center/Sales--Trading-and-Structuring-Summer-Internship-Programme-2027-Hong-Kong_JR-0000117559
142,less_relevant,junior_0_2,Software engineer business analytics; systems not research,Software Engineer - Business Analytics ,schonfeld.com,"New York, New York, United States",Business Analytics,https://job-boards.greenhouse.io/schonfeld/jobs/7958235,greenhouse,schonfeld,7958235
143,rejected,unknown,Open application Sweden; no specific role,Open Application Sweden,paretosec.com,"Stockholm, Sweden",,https://paretosecurities.teamtailor.com/jobs/3713025-open-application-sweden,teamtailor,paretosecurities,d85367d5-8df1-4283-bc0c-5b838dd71d94
144,rejected,student_intern,Administrative support; wealth management firm,Vi söker kontinuerligt engagerade personer som vill arbeta extra,garantum.se,"Stockholm, Sweden",Invest | Fondkommission,https://karriar.garantum.se/jobs/1526008-vi-soker-kontinuerligt-engagerade-personer-som-vill-arbeta-extra,teamtailor,karriar.garantum.se,9c53b27c-5c59-41f7-9030-95341caabd67
145,relevant,unknown,Fixed income quantitative specialist; credit quant in scope,Fixed Income Quantitative Specialist,lseg.com,"New York, United States",,https://lseg.wd3.myworkdayjobs.com/en-US/Careers/job/New-York-United-States/Fixed-Income-Quantitative-Specialist_R0121482-1,workday,lseg|wd3|Careers,/job/New-York-United-States/Fixed-Income-Quantitative-Specialist_R0121482-1
146,rejected,unknown,Channel research analyst; market intelligence not quant,Channel and Customer Research Analyst,tribecavp.com,Chicago,Expert Insights,https://job-boards.greenhouse.io/alphasense/jobs/8672253002,greenhouse,alphasense,8672253002
147,rejected,unknown,Groundskeeper community; not finance,Groundskeeper - Kingsland West,kairoi.com,"Kingsland West - Houston, TX, Houston, United States",Operations - Community,https://careers.kairoi.com/jobs/656750-groundskeeper-kingsland-west,teamtailor,careers.kairoi.com,3500a2f5-3781-4d68-8761-648d122fd021
148,rejected,unknown,Engineer technical staff; wealth management fintech,Engineer - Technical Staff,savvywealth.com,NYC Office,R&D,https://jobs.ashbyhq.com/savvy/6cd2d4b9-26c3-4574-9975-5767920a9e7e,ashby,savvy,6cd2d4b9-26c3-4574-9975-5767920a9e7e
149,less_relevant,unknown,Emerging markets trading AM; trading not research,Emerging Markets Trading - AM,bankofsingapore.com,OCBC Singapore,,https://ocbc.wd102.myworkdayjobs.com/en-US/External/job/OCBC-Singapore/Emerging-Markets-Trading---AM_JR00010166,workday,ocbc|wd102|External,/job/OCBC-Singapore/Emerging-Markets-Trading---AM_JR00010166
150,less_relevant,senior_6_10,Energy futures trader; 4-6 years required proprietary,Energy Trader,eagleseven.com,,Trading,https://apply.workable.com/j/8ABFCC6460,workable,eagle-seven,8ABFCC6460
151,rejected,unknown,Lakebase sales specialist; database product sales, Lakebase Sales Specialist (Enterprise UKI) ,dcvc.com,"London, United Kingdom",HQ Management,https://databricks.com/company/careers/open-positions/job?gh_jid=8569535002,greenhouse,databricks,8569535002
152,rejected,unknown,Software engineer neuroscience; not financial markets,Software Engineer,firstsparkventures.com,San Francisco,Engineering,https://jobs.ashbyhq.com/alljoined/646373a0-8314-439e-8c90-24620a6094bd,ashby,alljoined,646373a0-8314-439e-8c90-24620a6094bd
153,less_relevant,junior_0_2,Associate short term trader; trading not research,"Associate, Short Term Trader",pimco.com,"Newport Beach, CA USA",,https://pimco.wd1.myworkdayjobs.com/en-US/pimco-careers/job/Newport-Beach-CA-USA/Associate--Short-Term-Trader_R106352,workday,pimco|wd1|pimco-careers,/job/Newport-Beach-CA-USA/Associate--Short-Term-Trader_R106352
154,rejected,unknown,Security engineer; infrastructure not research,Security Engineer ,xtxmarkets.com,"London, England, United Kingdom",Risk,https://job-boards.greenhouse.io/xtxmarketstechnologies/jobs/7864136003,greenhouse,xtxmarketstechnologies,7864136003
155,rejected,unknown,Service technician property; not finance,Service Technician - Cortland Duluth,cortland.com,"Duluth, GA",Onsite Service,https://job-boards.greenhouse.io/cortland/jobs/4304244009,greenhouse,cortland,4304244009
156,rejected,student_intern,Corporate finance debt advisory; investment banking not quant,INTERNSHIP - CORPORATE FINANCE - DEBT ADVISORY - NYON,keplercheuvreux.com,"Switzerland - Nyon, Nyon, Switzerland",Corporate Finance,https://keplercheuvreux.teamtailor.com/jobs/7965546-internship-corporate-finance-debt-advisory-nyon,teamtailor,keplercheuvreux,86db19d6-e7a7-4aa0-b255-bf8edbbe5569
157,relevant,unknown,Quantitative analyst rates XVA; credit quant modeling,Quantitative Analyst – Rates XVA,citibank.com.sg,New York New York United States,,https://citi.wd5.myworkdayjobs.com/en-US/2/job/New-York-New-York-United-States/Quantitative-Analyst---Rates-XVA_26982013,workday,citi|wd5|2,/job/New-York-New-York-United-States/Quantitative-Analyst---Rates-XVA_26982013
158,rejected,unknown,Risk analyst operational/legal; compliance not market risk,Risk Analyst,williamblair.com,"Chicago, Illinois, United States",865 Risk Management,https://www.williamblair.com/Careers/job-description?gh_jid=5160583007,greenhouse,williamblair,5160583007
159,rejected,senior_6_10,Senior data engineer; crypto excluded,"Senior Software Engineer, Data Engineering",castleisland.vc,"San Francisco, CA, United States",Engineering,https://ripple.com/careers/all-jobs/job/7872439?gh_jid=7872439,greenhouse,ripple,7872439
160,rejected,unknown,Demand planner apparel; not finance,Demand Planner - Canterbury & Mitre,canterbury.com,"Farringdon, London, London, United Kingdom",Product Development & Innovation,https://careers.pentland.com/jobs/8168851-demand-planner-canterbury-mitre,teamtailor,pentlandbrandsuk,5e60f2f3-d9bb-4035-92ae-528c933ff9fa
161,adjacent,unknown,Specialist quantitative valuations; scope ambiguous no body,"Specialist, Quantitative Valuations",lseg.com,USA-New York-28 Liberty Street,,https://lseg.wd3.myworkdayjobs.com/en-US/Careers/job/USA-New-York-28-Liberty-Street/Specialist--Quantitative-Valuations_R0120358-1,workday,lseg|wd3|Careers,/job/USA-New-York-28-Liberty-Street/Specialist--Quantitative-Valuations_R0120358-1
162,adjacent,unknown,Market risk data analytics; role type unclear no body,Market Risk Data Analytics Specialist (2),usbank.com,3 Locations,,https://usbank.wd1.myworkdayjobs.com/en-US/US_Bank_Careers/job/New-York-NY/Market-Risk-Data-Analytics-Specialist--2-_2026-0022374,workday,usbank|wd1|US_Bank_Careers,/job/New-York-NY/Market-Risk-Data-Analytics-Specialist--2-_2026-0022374
163,rejected,senior_6_10,Senior system design engineer; quantum computing not markets,Senior System Design Engineer,blackbird.vc,"Milpitas, California, United States",Engineering,https://www.psiquantum.com/apply?gh_jid=7581305003,greenhouse,psiquantum,7581305003
164,rejected,junior_0_2,Infrastructure credit associate; credit investing excluded,Infrastructure Credit Associate,eaglepointcredit.com,"Greenwich, CT",Investment Team - Infrastructure Credit,https://jobs.lever.co/eaglepointcredit/7fdfd4cc-66c3-4988-b369-18ee124e4192,lever,eaglepointcredit,7fdfd4cc-66c3-4988-b369-18ee124e4192
165,less_relevant,unknown,Precious metals physical trader; commodities not signal,Precious Metals Physical Trading Specialist (VN2703),marex.com,Hong Kong,Metals,https://marex.breezy.hr/p/11f09d69f57701-precious-metals-physical-trading-specialist-vn2703,breezy,marex,11f09d69f57701
166,rejected,unknown,Sustainable investing research; ESG investment research excluded,"Sustainable Investing Research Analyst, Officer - State Street Investment Management",statestreet.com,"London, England",,https://statestreet.wd1.myworkdayjobs.com/en-US/Global/job/London-England/Sustainable-Investing-Research-Analyst--Officer---State-Street-Investment-Management_R-795593,workday,statestreet|wd1|Global,/job/London-England/Sustainable-Investing-Research-Analyst--Officer---State-Street-Investment-Management_R-795593
167,rejected,unknown,Mobile app platform engineer; fintech not markets,Mobile App Platform Engineer,nordnetab.com,"Stockholm, Sweden",Engineering,https://career.nordnetab.com/jobs/5923098-mobile-app-platform-engineer,teamtailor,career.nordnetab.com,219abd99-cfce-4258-9858-01300a8c4093
168,rejected,unknown,Analyst real estate assets; not finance,Analyst,esr.com,,Greater China,https://apply.workable.com/j/2BA44D114A,workable,esr-group,2BA44D114A
169,relevant,unknown,Quantitative risk officer; credit risk quant in scope,Quantitative Risk Officer and Risk Model Developer,statestreet.com,3 Locations,,https://statestreet.wd1.myworkdayjobs.com/en-US/Global/job/Clifton-New-Jersey/Quantitative-Risk-Officer-and-Risk-Model-Developer_R-778435-5,workday,statestreet|wd1|Global,/job/Clifton-New-Jersey/Quantitative-Risk-Officer-and-Risk-Model-Developer_R-778435-5
170,less_relevant,unknown,Securities finance trader; trading not research,Securities Finance Trader,marex.com,"London, United Kingdom",Capital Markets,https://marex.breezy.hr/p/73602d77d7c401-securities-finance-trader,breezy,marex,73602d77d7c401
171,rejected,unknown,Groundskeeper cortland; not finance,Groundskeeper-Cortland Bayport,cortland.com,"Tampa, FL",Onsite Service,https://job-boards.greenhouse.io/cortland/jobs/4340638009,greenhouse,cortland,4340638009
172,rejected,senior_6_10,Senior planning associate; wealth management excluded,Senior Planning Associate,marathonwealth.net,"Charlotte, NC",Planning,https://job-boards.greenhouse.io/moderawealthmanagement/jobs/5369123008,greenhouse,moderawealthmanagement,5369123008
173,relevant,student_intern,Quantitative analysis analyst; 2027 analyst program,"Markets - Quantitative Analysis, Full-Time Analyst, New York – USA, 2027",citibank.com.sg,New York New York United States,,https://citi.wd5.myworkdayjobs.com/en-US/2/job/New-York-New-York-United-States/Markets---Quantitative-Analysis--Full-Time-Analyst--New-York---USA--2027_26978780,workday,citi|wd5|2,/job/New-York-New-York-United-States/Markets---Quantitative-Analysis--Full-Time-Analyst--New-York---USA--2027_26978780
174,less_relevant,unknown,EMEA emerging market debt trader; trading not research,EMEA Emerging Market Debt Trader,wellington.com,"London, United Kingdom",,https://wellington.wd5.myworkdayjobs.com/en-US/External/job/London-United-Kingdom/EMEA-Emerging-Market-Debt-Trader_R94597-1,workday,wellington|wd5|External,/job/London-United-Kingdom/EMEA-Emerging-Market-Debt-Trader_R94597-1
175,rejected,unknown,SAP FI/CO consultant; systems not quantitative research,SAP FI/CO Consultant (m/f/d),hvcapital.com,Munich,Finance,https://job-boards.eu.greenhouse.io/arxroboticsgmbh/jobs/4929546101,greenhouse,arxroboticsgmbh,4929546101
176,rejected,senior_6_10,Senior associate intermediary distribution; sales not research,"Senior Associate, Strategic Accounts (Intermediary Distribution)",williamblair.com,"Chicago, Illinois, United States",730 IM Distribution - Intermediary,https://www.williamblair.com/Careers/job-description?gh_jid=5174565007,greenhouse,williamblair,5174565007
177,relevant,unknown,Machine learning quantitative research analyst; ML quant in scope,Machine Learning Quantitative Research Analyst,statestreet.com,"Cambridge, Massachusetts",,https://statestreet.wd1.myworkdayjobs.com/en-US/Global/job/Cambridge-Massachusetts/Machine-Learning-Quantitative-Research-Analyst_R-793399,workday,statestreet|wd1|Global,/job/Cambridge-Massachusetts/Machine-Learning-Quantitative-Research-Analyst_R-793399
178,less_relevant,unknown,Fixed income trader; trading not research,Fixed Income Trader,usbank.com,3 Locations,,https://usbank.wd1.myworkdayjobs.com/en-US/US_Bank_Careers/job/Harrisburg-PA/Fixed-Income-Trader_2026-0010764,workday,usbank|wd1|US_Bank_Careers,/job/Harrisburg-PA/Fixed-Income-Trader_2026-0010764
179,rejected,senior_6_10,Solutions engineer payments; fintech not markets,Senior Solutions Engineer - Spend/ERP,airwallex.com,UK - London,Merchant Services,https://jobs.ashbyhq.com/airwallex/79e85187-d127-499b-8464-2cfd288ce4d5,ashby,airwallex,79e85187-d127-499b-8464-2cfd288ce4d5
180,rejected,junior_0_2,Wealth planning analyst; wealth management explicitly excluded,Wealth Planning Analyst,mariner.com,"Florham Park, NJ",Wealth,https://jobs.ashbyhq.com/mariner-careers/53039b83-d4a7-45f9-ac28-20a300a6b266,ashby,mariner-careers,53039b83-d4a7-45f9-ac28-20a300a6b266
181,relevant,unknown,Quantitative researcher arrow street capital; quant systematic firm,Quantitative Researcher,arrowstreetcapital.com,Boston,,https://arrowstreetcapital.wd5.myworkdayjobs.com/en-US/Campus_Careers/job/Boston/Quantitative-Researcher_R1066-5,workday,arrowstreetcapital|wd5|Campus_Careers,/job/Boston/Quantitative-Researcher_R1066-5
182,less_relevant,unknown,Credit risk specialist; risk management not research,Group Risk Specialist- Credit Risk Mgmt 1B (US),td.com,3 Locations,,https://td.wd3.myworkdayjobs.com/en-US/TD_Bank_Careers/job/Mount-Laurel-New-Jersey/Group-Risk-Specialist--US-_R_1503331,workday,td|wd3|TD_Bank_Careers,/job/Mount-Laurel-New-Jersey/Group-Risk-Specialist--US-_R_1503331
183,rejected,unknown,Customer success representative fintech; operations not quant,Customer Success Representative - French & Dutch speaking,qred.se,"Stockholm, Sweden",,https://jobs.qred.com/jobs/7959470-customer-success-representative-french-dutch-speaking,teamtailor,jobs.qred.com,6b7b5884-e814-4f4d-887f-ec3bb005e521
184,rejected,junior_0_2,Fund monitoring analyst; performance reporting not research,Fund Monitoring - Analyst ,icapitalnetwork.com,"Boca Raton, Florida, United States",Fund Monitoring Reporting and Governance,https://job-boards.greenhouse.io/icapitalnetwork/jobs/8602435002,greenhouse,icapitalnetwork,8602435002
185,less_relevant,student_intern,Sales trading structuring internship; summer 2027 grad,"Sales, Trading and Structuring Summer Internship Programme 2027 Singapore",cards.barclaycardus.com,"Singapore, Marina Bay Financial Tower 2",,https://barclays.wd3.myworkdayjobs.com/en-US/External_Career_Site_Barclays/job/Singapore-Marina-Bay-Financial-Tower-2/Sales--Trading-and-Structuring-Summer-Internship-Programme-2027-Singapore_JR-0000117562,workday,barclays|wd3|External_Career_Site_Barclays,/job/Singapore-Marina-Bay-Financial-Tower-2/Sales--Trading-and-Structuring-Summer-Internship-Programme-2027-Singapore_JR-0000117562
186,relevant,mid_3_5,Credit risk analytics analyst II; credit quant in scope,Acquisitions Credit Risk Analytics - Analyst II,citibank.com.sg,2 Locations,,https://citi.wd5.myworkdayjobs.com/en-US/2/job/Gurgaon-Haryana-India/Credit-Portfolio-Analyst_26930326,workday,citi|wd5|2,/job/Gurgaon-Haryana-India/Credit-Portfolio-Analyst_26930326
187,rejected,student_intern,AI training contributor; data annotation not finance,AI Training Contributor - English (Great Britain) - Remote,clear.ventures,UK (Remote),LiltLancer Community,https://jobs.ashbyhq.com/lilt-production/b7790c9d-8ded-4b15-aec1-fa03b8371242,ashby,lilt-production,b7790c9d-8ded-4b15-aec1-fa03b8371242
188,rejected,junior_0_2,Planning associate; wealth management explicitly excluded,Planning Associate,marathonwealth.net,"Wayne, PA",Planning,https://job-boards.greenhouse.io/moderawealthmanagement/jobs/5278541008,greenhouse,moderawealthmanagement,5278541008
189,less_relevant,junior_0_2,Spread products market risk associate; risk not research,Spread Products Market Risk Associate,mizuhogroup.com,"New York, NY (1271 AOA/6th Ave)",,https://mizuho.wd1.myworkdayjobs.com/en-US/mizuhoamericas/job/New-York-NY-1271-AOA6th-Ave/Spread-Products-Market-Risk-Associate_R7263,workday,mizuho|wd1|mizuhoamericas,/job/New-York-NY-1271-AOA6th-Ave/Spread-Products-Market-Risk-Associate_R7263
190,rejected,unknown,Fixed income portfolio analyst; portfolio analyst excluded,Fixed Income Portfolio Analyst,wellington.com,"Boston, MA, United States",,https://wellington.wd5.myworkdayjobs.com/en-US/External/job/Boston-MA-United-States/Fixed-Income-Portfolio-Analyst_R93733-1,workday,wellington|wd5|External,/job/Boston-MA-United-States/Fixed-Income-Portfolio-Analyst_R93733-1
191,rejected,unknown,Service technician; property management not finance,Service Technician,cortland.com,"Hilliard, OH",Onsite Service,https://job-boards.greenhouse.io/cortland/jobs/4310588009,greenhouse,cortland,4310588009
192,rejected,junior_0_2,Client experience associate; wealth management excluded,"Client Experience Associate, Advisor Dedicated",kaleelcompany.com,"Hybrid - Irving, TX",Client Experience,https://job-boards.greenhouse.io/fartherfinance/jobs/4720474005,greenhouse,fartherfinance,4720474005
193,less_relevant,junior_0_2,Associate trader currency; trading not research,Associate Trader/Trader - Currency,russellinvestments.com,2 Locations,,https://russell.wd5.myworkdayjobs.com/en-US/russellinvestments/job/Seattle/Associate-Trader-Trader---Currency_R-04116-1,workday,russell|wd5|russellinvestments,/job/Seattle/Associate-Trader-Trader---Currency_R-04116-1
194,less_relevant,unknown,Trader investment grade credit; trading not research,"Trader, Investment Grade Credit",pimco.com,"Newport Beach, CA USA",,https://pimco.wd1.myworkdayjobs.com/en-US/pimco-careers/job/Newport-Beach-CA-USA/Portfolio-Manager--Credit-IG_R106281,workday,pimco|wd1|pimco-careers,/job/Newport-Beach-CA-USA/Portfolio-Manager--Credit-IG_R106281
195,rejected,unknown,Handyman 32BJ; property maintenance not finance,Handyman - 32BJ ,rxr.com,New York,Property Management,https://job-boards.greenhouse.io/rxr/jobs/5367056008,greenhouse,rxr,5367056008
196,rejected,unknown,Service desk analyst; IT support not quantitative,Service Desk Analyst,tuftoncapital.com,Denver (HQ),Technology,https://job-boards.greenhouse.io/merceradvisors/jobs/5372066008,greenhouse,merceradvisors,5372066008
197,relevant,unknown,Quant researcher trading; quant research for systematic trading,"Quant Researcher, Trading",invesco.com,2 Locations,,https://invesco.wd1.myworkdayjobs.com/en-US/IVZ/job/New-York-New-York/Quant-Researcher--Trading_R-13492-1,workday,invesco|wd1|IVZ,/job/New-York-New-York/Quant-Researcher--Trading_R-13492-1
198,adjacent,mid_3_5,Front office credit risk analyst officer; credit quant front office,"Front Office Credit Risk Analyst, Officer (Onsite)",statestreet.com,"Boston, Massachusetts",,https://statestreet.wd1.myworkdayjobs.com/en-US/Global/job/Boston-Massachusetts/Front-Office-Credit-Risk-Analyst--Officer--Onsite-_R-795291,workday,statestreet|wd1|Global,/job/Boston-Massachusetts/Front-Office-Credit-Risk-Analyst--Officer--Onsite-_R-795291
199,rejected,unknown,Technical builder AI; AI infrastructure not financial markets,Technical Builder,aifund.ai,"Palo Alto, CA",AI Fund,https://jobs.lever.co/AIFund/0c921ef9-a780-4966-bb61-a61a11de1a49,lever,AIFund,0c921ef9-a780-4966-bb61-a61a11de1a49
200,rejected,unknown,Strategy specialist bank; banking strategy not quantitative research,Strategy Specialist,trustbank.sg,Singapore,CEO Office,https://job-boards.greenhouse.io/trustbank/jobs/7730231003,greenhouse,trustbank,7730231003
201,less_relevant,mid_3_5,"MGR, eFX Trading - Global Markets Division","MGR, eFX Trading - Global Markets Division",bankofsingapore.com,OCBC Singapore,,https://ocbc.wd102.myworkdayjobs.com/en-US/External/job/OCBC-Singapore/Forex-Trading---MGR_JR00009977,workday,ocbc|wd102|External,/job/OCBC-Singapore/Forex-Trading---MGR_JR00009977
202,less_relevant,junior_0_2,USD Rates Trading Analyst,USD Rates Trading Analyst,usbank.com,2 Locations,,https://usbank.wd1.myworkdayjobs.com/en-US/US_Bank_Careers/job/Charlotte-NC/USD-Rates-Analyst_2026-0022674,workday,usbank|wd1|US_Bank_Careers,/job/Charlotte-NC/USD-Rates-Analyst_2026-0022674
203,rejected,unknown,RVP of Sales,RVP of Sales,impact.com,Remote ,Sales,https://job-boards.greenhouse.io/impact/jobs/8191730002,greenhouse,impact,8191730002
204,rejected,senior_6_10,"Senior Software Engineer, Test Infrastructure","Senior Software Engineer, Test Infrastructure",kaleelcompany.com,Hybrid - New York,Engineering,https://job-boards.greenhouse.io/fartherfinance/jobs/4570587005,greenhouse,fartherfinance,4570587005
205,less_relevant,junior_0_2,"Associate Trader/Trader, Equity","Associate Trader/Trader, Equity",russellinvestments.com,Seattle,,https://russell.wd5.myworkdayjobs.com/en-US/russellinvestments/job/Seattle/Trader--Fixed-Income_R-04174,workday,russell|wd5|russellinvestments,/job/Seattle/Trader--Fixed-Income_R-04174
206,rejected,unknown,Electronic Sales Trader,Electronic Sales Trader,tpicap.com,New York,,https://tp.wd107.myworkdayjobs.com/en-US/TP-ICAP/job/New-York/Electronic-Sales-Trader_R5316,workday,tp|wd107|TP-ICAP,/job/New-York/Electronic-Sales-Trader_R5316
207,rejected,unknown,"Sales Development Representative, SME & Growth, DACH"," Sales Development Representative, SME & Growth, DACH",airwallex.com,DE - Berlin,SME & Growth Business,https://jobs.ashbyhq.com/airwallex/17452299-88fe-4880-9794-9c635b989292,ashby,airwallex,17452299-88fe-4880-9794-9c635b989292
208,rejected,junior_0_2,"Associate, Product Strategy & Development","Associate, Product Strategy & Development ",pembertonam.com,London,Product Strategy and Development,https://jobs.ashbyhq.com/Pemberton/620db7a0-9fab-442b-8c98-9be65335c602,ashby,Pemberton,620db7a0-9fab-442b-8c98-9be65335c602
209,relevant,student_intern,"Quantitative Researcher Intern, Summer 2027","Quantitative Researcher Intern, Summer 2027",arrowstreetcapital.com,Boston,,https://arrowstreetcapital.wd5.myworkdayjobs.com/en-US/Campus_Careers/job/Boston/Quantitative-Researcher-Intern--Summer-2027_R1505,workday,arrowstreetcapital|wd5|Campus_Careers,/job/Boston/Quantitative-Researcher-Intern--Summer-2027_R1505
210,rejected,junior_0_2,Residential Warehouse Trader Analyst,Residential Warehouse Trader Analyst,cards.barclaycardus.com,"New York, 745 7th Avenue",,https://barclays.wd3.myworkdayjobs.com/en-US/External_Career_Site_Barclays/job/New-York-745-7th-Avenue/Residential-Warehouse-Trader-Analyst_JR-0000102369,workday,barclays|wd3|External_Career_Site_Barclays,/job/New-York-745-7th-Avenue/Residential-Warehouse-Trader-Analyst_JR-0000102369
211,rejected,unknown,Contracts Administrator,Contracts Administrator,esr.com,,Australia,https://apply.workable.com/j/884C9C32BD,workable,esr-group,884C9C32BD
212,rejected,senior_6_10,Senior Mobile Engineer,Senior Mobile Engineer,kaleelcompany.com,"Hybrid - New York, NY",Engineering,https://job-boards.greenhouse.io/fartherfinance/jobs/4629896005,greenhouse,fartherfinance,4629896005
213,relevant,junior_0_2,"Quantitative Research Analyst, Mortgages","Quantitative Research Analyst, Mortgages",pimco.com,"London, GBR",,https://pimco.wd1.myworkdayjobs.com/en-US/pimco-careers/job/London-GBR/Quantitative-Research-Analyst_R106492,workday,pimco|wd1|pimco-careers,/job/London-GBR/Quantitative-Research-Analyst_R106492
214,rejected,junior_0_2,Trading System Implementation Specialist - VN2883,Trading System Implementation Specialist - VN2883,marex.com,"New York, United States",Capital Markets,https://marex.breezy.hr/p/df3c415f567301-trading-system-implementation-specialist-vn2883,breezy,marex,df3c415f567301
215,rejected,student_intern,Robot Learning Intern,Robot Learning Intern,westwavecapital.com,Singapore Office,Engineering,https://jobs.ashbyhq.com/dexmate/2ba5c98b-721d-43db-9b11-aac5aa175df4,ashby,dexmate,2ba5c98b-721d-43db-9b11-aac5aa175df4
216,rejected,senior_6_10,Senior Tax Associate (California),Senior Tax Associate (California),tuftoncapital.com,"Remote, USA",Wealth Solutions - Tax,https://job-boards.greenhouse.io/merceradvisors/jobs/5362629008,greenhouse,merceradvisors,5362629008
217,less_relevant,junior_0_2,"Business Consultant, Quantitative Data","Business Consultant, Quantitative Data",lseg.com,2 Locations,,https://lseg.wd3.myworkdayjobs.com/en-US/Careers/job/USA-New-York-28-Liberty-Street/Business-Consultant--Quantitative-Data_R0120357-1,workday,lseg|wd3|Careers,/job/USA-New-York-28-Liberty-Street/Business-Consultant--Quantitative-Data_R0120357-1
218,less_relevant,junior_0_2,"Investment Risk Analyst, Fixed Income","Investment Risk Analyst, Fixed Income",wellington.com,2 Locations,,https://wellington.wd5.myworkdayjobs.com/en-US/External/job/London-United-Kingdom/Investment-Risk-Analyst--Fixed-Income_R93445-1,workday,wellington|wd5|External,/job/London-United-Kingdom/Investment-Risk-Analyst--Fixed-Income_R93445-1
219,rejected,junior_0_2,Production Product Engineer till Mycronic!,Production Product Engineer till Mycronic! ,ACADEMIC WORK SWEDEN AB,"Täby, Stockholms län","Civilingenjör, produktion, elektronik",https://arbetsformedlingen.se/platsbanken/annonser/31180885,jobtech,jobstream,31180885
220,rejected,junior_0_2,Relationship Associate - Singapore,Relationship Associate - Singapore,gmo.com,Singapore,Global Client Relations,https://jobs.lever.co/gmo/c997fd75-41a7-41a5-b106-878ac99cec5d,lever,gmo,c997fd75-41a7-41a5-b106-878ac99cec5d
221,rejected,unknown,"Quantitative Risk, Off","Quantitative Risk, Off",statestreet.com,"Hangzhou, China",,https://statestreet.wd1.myworkdayjobs.com/en-US/Global/job/Hangzhou-China/Quantitative-Risk--Off_R-795492,workday,statestreet|wd1|Global,/job/Hangzhou-China/Quantitative-Risk--Off_R-795492
222,less_relevant,junior_0_2,Derivatives Analytics & AI Solutions Engineer,Derivatives Analytics & AI Solutions Engineer,mizuhogroup.com,"New York, NY (1271 AOA/6th Ave)",,https://mizuho.wd1.myworkdayjobs.com/en-US/mizuhoamericas/job/New-York-NY-1271-AOA6th-Ave/Derivatives-Analytics---AI-Solutions-Engineer_R7131,workday,mizuho|wd1|mizuhoamericas,/job/New-York-NY-1271-AOA6th-Ave/Derivatives-Analytics---AI-Solutions-Engineer_R7131
223,rejected,unknown,CDL A Truck Driver,CDL A Truck Driver,insightpartners.com,Dallas TX,Distribution,https://job-boards.greenhouse.io/misfitsmarket/jobs/6383918003,greenhouse,misfitsmarket,6383918003
224,rejected,unknown,Commercial Lines Account Coordinator,Commercial Lines Account Coordinator,lwarner.com,"Panama City, Florida, United States",Account Management,https://job-boards.greenhouse.io/foundationriskpartners/jobs/5145285007,greenhouse,foundationriskpartners,5145285007
225,rejected,junior_0_2,Market Administrator (Trading Tech Support Analyst),Market Administrator (Trading Tech Support Analyst),tpicap.com,Hong Kong,,https://tp.wd107.myworkdayjobs.com/en-US/TP-ICAP/job/Hong-Kong/Market-Administrator--Trading-Tech-Support-Analyst-_R5395-1,workday,tp|wd107|TP-ICAP,/job/Hong-Kong/Market-Administrator--Trading-Tech-Support-Analyst-_R5395-1
226,rejected,unknown,"Legal Counsel - (Equity Derivatives, Trading Documentation)","Legal Counsel - (Equity Derivatives, Trading Documentation)",mizuhogroup.com,NYC (1285),,https://mizuho.wd1.myworkdayjobs.com/en-US/mizuhoamericas/job/NYC-1285/Equity-Finance---Derivatives-Attorney_R7005,workday,mizuho|wd1|mizuhoamericas,/job/NYC-1285/Equity-Finance---Derivatives-Attorney_R7005
227,rejected,junior_0_2,Leasing Consultant (Residential),Leasing Consultant (Residential),cimgroup.com,"Los Angeles, CA",Property Management,https://jobs.lever.co/cimgroup/1308e2dc-0ae6-4e1b-be42-0d9edac8b54f,lever,cimgroup,1308e2dc-0ae6-4e1b-be42-0d9edac8b54f
228,rejected,junior_0_2,Software Engineer,Software Engineer,pdtpartners.com,"London, UK",Technology,https://job-boards.greenhouse.io/pdtpartners/jobs/7964007,greenhouse,pdtpartners,7964007
229,rejected,unknown,General Full-Time Application,General Full-Time Application,harrisonst.com,"Chicago,  IL",General Application,https://jobs.lever.co/harrisonst/caee0692-f4bb-4639-b13e-a3a9f3b41793,lever,harrisonst,caee0692-f4bb-4639-b13e-a3a9f3b41793
230,rejected,junior_0_2,PolyPath Market Risk Technology Specialist (Java/Python),PolyPath Market Risk Technology Specialist (Java/Python),santander.com,2 Locations,,https://santander.wd3.myworkdayjobs.com/en-US/SantanderCareers/job/New-York/PolyPath-Market-Risk-Technology-Specialist--Java-Python-_Req1596400,workday,santander|wd3|SantanderCareers,/job/New-York/PolyPath-Market-Risk-Technology-Specialist--Java-Python-_Req1596400
231,rejected,junior_0_2,Learning Community Specialist,Learning Community Specialist,castleisland.vc,"New York, NY, United States",People Operations,https://ripple.com/careers/all-jobs/job/7951682?gh_jid=7951682,greenhouse,ripple,7951682
232,rejected,junior_0_2,Data Governance Analyst,Data Governance Analyst,pepperstone.com,,IT,https://apply.workable.com/j/08FFE9CCCF,workable,pepperstone,08FFE9CCCF
233,rejected,unknown,Legal Counsel - Derivatives / Trading,Legal Counsel - Derivatives / Trading,mandg.com,London,,https://mgpru.wd3.myworkdayjobs.com/en-US/mandgprudential/job/London/Legal-Counsel---Derivatives---Trading_R19989-1,workday,mgpru|wd3|mandgprudential,/job/London/Legal-Counsel---Derivatives---Trading_R19989-1
234,rejected,unknown,Sales Development Representative,Sales Development Representative,teya.com,London,UK Operations,https://jobs.ashbyhq.com/teya/6840cc2b-e727-465c-973d-34ab289fa6fc,ashby,teya,6840cc2b-e727-465c-973d-34ab289fa6fc
235,rejected,unknown,Register Your Interest: Investment Management,Register Your Interest: Investment Management,winton.com,"London, United Kingdom",Investment Management ,https://job-boards.eu.greenhouse.io/winton/jobs/4207622101,greenhouse,winton,4207622101
236,rejected,unknown,Trading Systems Support,Trading Systems Support,tpicap.com,New York,,https://tp.wd107.myworkdayjobs.com/en-US/TP-ICAP/job/New-York/Trading-Systems-Support_R5575,workday,tp|wd107|TP-ICAP,/job/New-York/Trading-Systems-Support_R5575
237,rejected,unknown,Call Center Agent - Kundenrückgewinnung im Homeoffice (w/m/d),Call Center Agent - Kundenrückgewinnung im Homeoffice (w/m/d) ,runacap.com,Remote,Pre-Sales,https://job-boards.greenhouse.io/smavagmbh/jobs/7582022003,greenhouse,smavagmbh,7582022003
238,rejected,student_intern,"Risk Management - Internship (Lyon, France)","Risk Management - Internship (Lyon, France)",archimed.group,,Archimed,https://apply.workable.com/j/935A65F322,workable,archimed,935A65F322
239,less_relevant,junior_0_2,"Analyst, GRM Market Risk","Analyst, GRM Market Risk",rbcbluebay.com,"New York, New York, United States of America",,https://rbc.wd3.myworkdayjobs.com/en-US/RBCGLOBAL1/job/New-York-New-York-United-States-of-America/Analyst--GRM-Market-Risk_R-0000179068-1,workday,rbc|wd3|RBCGLOBAL1,/job/New-York-New-York-United-States-of-America/Analyst--GRM-Market-Risk_R-0000179068-1
240,rejected,junior_0_2,Quality & Reliability Engineer,Quality & Reliability Engineer,step.com,Primary: Bay Area (San Francisco/Peninsula) ,Engineering,https://job-boards.greenhouse.io/mrbeastyoutube/jobs/6140344004,greenhouse,mrbeastyoutube,6140344004
241,rejected,student_intern,Ground Systems Working Student (m/f/d),Ground Systems Working Student (m/f/d),earlybird.com,"Ottobrunn, Bavaria, Germany; Parsdorf, Bavaria, Germany",Ground Systems,https://job-boards.eu.greenhouse.io/isaraerospace/jobs/4912793101,greenhouse,isaraerospace,4912793101
242,less_relevant,unknown,US Equity Trader,US Equity Trader,wellington.com,"Boston, MA, United States",,https://wellington.wd5.myworkdayjobs.com/en-US/External/job/Boston-MA-United-States/US-Equity-Trader_R92302,workday,wellington|wd5|External,/job/Boston-MA-United-States/US-Equity-Trader_R92302
243,rejected,junior_0_2,Media Systems Engineer,Media Systems Engineer,step.com,"Raleigh, NC",IT,https://job-boards.greenhouse.io/mrbeastyoutube/jobs/6119484004,greenhouse,mrbeastyoutube,6119484004
244,rejected,junior_0_2,Engineer - Local 94,Engineer - Local 94,rxr.com,New York,Engineering,https://job-boards.greenhouse.io/rxr/jobs/5206919008,greenhouse,rxr,5206919008
245,less_relevant,junior_0_2,Site Reliability Engineer - - Electronic Trading Team,Site Reliability Engineer - - Electronic Trading Team,lseg.com,2 Locations,,https://lseg.wd3.myworkdayjobs.com/en-US/Careers/job/St-Loui-Missouri/Site-Reliability-Engineer-----Electronic-Trading-Team_R0119763-1,workday,lseg|wd3|Careers,/job/St-Loui-Missouri/Site-Reliability-Engineer-----Electronic-Trading-Team_R0119763-1
246,rejected,unknown,"Enterprise Account Executive, Chicago","Enterprise Account Executive, Chicago",horizon3.ai,"Chicago, Illinois",Sales,https://jobs.ashbyhq.com/horizon3ai/e36f6fa4-d4f2-41fd-8891-a509468668bf,ashby,horizon3ai,e36f6fa4-d4f2-41fd-8891-a509468668bf
247,rejected,senior_6_10,Senior DevOps Engineer,Senior DevOps Engineer,williamblair.com,"Chicago, Illinois, United States",810 Information Technology,https://www.williamblair.com/Careers/job-description?gh_jid=5105879007,greenhouse,williamblair,5105879007
248,rejected,unknown,Market Risk,Market Risk,statestreet.com,"Boston, Massachusetts",,https://statestreet.wd1.myworkdayjobs.com/en-US/Global/job/Boston-Massachusetts/Market-Risk_R-791518,workday,statestreet|wd1|Global,/job/Boston-Massachusetts/Market-Risk_R-791518
249,rejected,unknown,"Data Scientist, Next Gen Recommendation Systems","Data Scientist, Next Gen Recommendation Systems",impact.com,New York City,Product,https://job-boards.greenhouse.io/impact/jobs/8509182002,greenhouse,impact,8509182002
250,rejected,unknown,Informationssäkerhetssamordnare till Svenska institutet,Informationssäkerhetssamordnare till Svenska institutet,medmerabank.se,"Stockholm, Sweden",Security,https://career.computerswedenrecruitment.se/jobs/7977612-informationssakerhetssamordnare-till-svenska-institutet,teamtailor,career.computerswedenrecruitment.se,a0c96473-afbf-46ca-a3a3-2eafc59440dc
251,rejected,unknown,Företagsrådgivare Kungsängenkontoret,Företagsrådgivare Kungsängenkontoret,swedbank.com,"Stockholm Region, Sundbyberg, Sweden",Customer service and advice,https://jobs.swedbank.com/jobs/27570-foretagsradgivare-kungsangenkontoret,teamtailor,jobs.swedbank.com,f2712004-ad74-4859-acd2-fc97be8a69df
252,rejected,unknown,Juniora Konsulter Technology Risk | Assurance | Stockholm,Juniora Konsulter Technology Risk | Assurance | Stockholm ,Ernst & Young Aktiebolag,"Stockholm, Stockholms län",IT-tekniker,https://arbetsformedlingen.se/platsbanken/annonser/31350903,jobtech,jobstream,31350903
253,rejected,unknown,"Client Service Executive, Wealth Management","Client Service Executive, Wealth Management",kiltergroup.com,,,https://apply.workable.com/j/52A918E8EB,workable,kilter-group,52A918E8EB
254,rejected,senior_6_10,Senior Planning Associate,Senior Planning Associate,marathonwealth.net,"Atlanta, GA",Planning,https://job-boards.greenhouse.io/moderawealthmanagement/jobs/5386299008,greenhouse,moderawealthmanagement,5386299008
255,rejected,mid_3_5,Subject Matter Expert – Mathematics (Mandarin) – Remote,Subject Matter Expert – Mathematics (Mandarin) – Remote,clear.ventures,China (Remote),LiltLancer Community,https://jobs.ashbyhq.com/lilt-production/1a50b5dd-18ac-471e-8bdd-ee45ba1b94cb,ashby,lilt-production,1a50b5dd-18ac-471e-8bdd-ee45ba1b94cb
256,rejected,junior_0_2,Staff Cloud Platform Engineer - Cloud Developer Experience,Staff Cloud Platform Engineer - Cloud Developer Experience,tribecavp.com,Remote - United Kingdom,Engineering,https://job-boards.greenhouse.io/alphasense/jobs/8628007002,greenhouse,alphasense,8628007002
257,rejected,student_intern,Product Management Intern (Summer 2027),Product Management Intern (Summer 2027),dcvc.com,"Bellevue, Washington; Mountain View, California; San Francisco, California",Product,https://databricks.com/company/careers/open-positions/job?gh_jid=6883068002,greenhouse,databricks,6883068002
258,rejected,senior_6_10,Senior Fluid Systems / Process Design Engineer,Senior Fluid Systems / Process Design Engineer,earlybird.com,"Ottobrunn, Bavaria, Germany",Ground Systems,https://job-boards.eu.greenhouse.io/isaraerospace/jobs/4919871101,greenhouse,isaraerospace,4919871101
259,rejected,unknown,Customer Advisor,Customer Advisor,northmill.com,"Stockholm, Sweden",Customer Center,https://careers.northmill.com/jobs/7790481-customer-advisor,teamtailor,careers.northmill.com,e0a7db14-171a-427a-a256-a417cc265d6f
260,rejected,junior_0_2,Application Security Engineer,Application Security Engineer,pepperstone.com,,,https://apply.workable.com/j/9E86CB0DB3,workable,pepperstone,9E86CB0DB3
261,rejected,unknown,Call Center Agent - Kreditabsicherung im Homeoffice (w/m/d),Call Center Agent - Kreditabsicherung im Homeoffice (w/m/d) ,runacap.com,Remote,EKS ,https://job-boards.greenhouse.io/smavagmbh/jobs/7578623003,greenhouse,smavagmbh,7578623003
262,rejected,senior_6_10,"Associate/Senior Associate, Management Consulting","Associate/Senior Associate, Management Consulting",rclco.com,"New York City, Los Angeles, Washington, D.C",RCLCO,https://job-boards.greenhouse.io/rclco/jobs/8096150,greenhouse,rclco,8096150
263,rejected,junior_0_2,Forward Deployed Engineer,Forward Deployed Engineer,conviction.com,San Francisco,Engineering,https://jobs.lever.co/collate/31c0b6b3-3a59-4fd4-8ca9-63ff2740780a,lever,collate,31c0b6b3-3a59-4fd4-8ca9-63ff2740780a
264,rejected,junior_0_2,General Campus Analyst Application,General Campus Analyst Application,harrisonst.com,"Chicago,  IL",General Campus,https://jobs.lever.co/harrisonst/c8539236-06f5-4dee-9dd7-5d0851bb530f,lever,harrisonst,c8539236-06f5-4dee-9dd7-5d0851bb530f
265,rejected,unknown,Account Executive (GTME - SMB),Account Executive (GTME - SMB),clay.com,New York,GTM - Sales,https://jobs.ashbyhq.com/claylabs/6e5c1f60-a194-4fe0-8a1c-f160731ccc98,ashby,claylabs,6e5c1f60-a194-4fe0-8a1c-f160731ccc98
266,adjacent,junior_0_2,"Client Delivery Specialist, Automation - Associate","Client Delivery Specialist, Automation - Associate",icapitalnetwork.com,"Salt Lake City, Utah, United States",Data Solutions,https://job-boards.greenhouse.io/icapitalnetwork/jobs/8699794002,greenhouse,icapitalnetwork,8699794002
267,rejected,junior_0_2,Systems PhD - Software Engineer,Systems PhD - Software Engineer ,dcvc.com,"Mountain View, California; San Francisco, California",Engineering - Pipeline,https://databricks.com/company/careers/open-positions/job?gh_jid=8482037002,greenhouse,databricks,8482037002
268,rejected,junior_0_2,Sr IT Systems Specialist,Sr IT Systems Specialist,humaninterest.com,"San Francisco, CA",Engineering,https://job-boards.greenhouse.io/humaninterest/jobs/8020213,greenhouse,humaninterest,8020213
269,rejected,senior_6_10,Senior Sales Engineer (Tri-State),Senior Sales Engineer (Tri-State),horizon3.ai,"US, Remote",Sales,https://jobs.ashbyhq.com/horizon3ai/11f7f16d-819d-44c6-90c8-0ae0834b26f9,ashby,horizon3ai,11f7f16d-819d-44c6-90c8-0ae0834b26f9
270,rejected,senior_6_10,IT Service Desk Specialist,IT Service Desk Specialist,admiralmarkets.com,,IT,https://apply.workable.com/j/F91E9FA697,workable,admirals,F91E9FA697
271,rejected,unknown,Experienced Gameplay Programmer- Stellaris,Experienced Gameplay Programmer- Stellaris,paradoxinteractive.com,"Stockholm, Sweden, Stockholm, Sweden",Games Programming,https://career.paradoxplaza.com/jobs/7350489-experienced-gameplay-programmer-stellaris,teamtailor,career.paradoxplaza.com,ad6956b6-5617-479d-afee-fca44eb5bc62
272,rejected,student_intern,Process Automation Intern (October-December 2026),Process Automation Intern (October-December 2026),fundingsocieties.com,,Engineering,https://apply.workable.com/j/594D89B760,workable,fundingsocieties,594D89B760
273,rejected,unknown,KMA-samordnare anläggning,KMA-samordnare anläggning,Bustos Konsulttjänster AB,"Stockholm, Stockholms län",HSEQ Manager/KMA-samordnare,https://arbetsformedlingen.se/platsbanken/annonser/31354677,jobtech,jobstream,31354677
274,rejected,unknown,Demand Planner - Speedo,Demand Planner - Speedo,canterbury.com,"Farringdon, London, London, United Kingdom",,https://careers.pentland.com/jobs/8073842-demand-planner-speedo,teamtailor,pentlandbrandsuk,8bf59f29-0a9e-4c61-9c6e-384ff26b34d9
275,rejected,senior_6_10,Strategy & Operations Senior Associate (Hybrid),Strategy & Operations Senior Associate (Hybrid),enova.com,"Chicago, IL ",Strategy & Operations ,https://job-boards.greenhouse.io/enova/jobs/8067055,greenhouse,enova,8067055
276,rejected,unknown,Deal Desk,Deal Desk,clay.com,New York,Finance,https://jobs.ashbyhq.com/claylabs/1ad2a991-cc6a-4645-a6b8-18ae61737d6d,ashby,claylabs,1ad2a991-cc6a-4645-a6b8-18ae61737d6d
277,rejected,unknown,"Maintenance Technician, IFM - Tampa, FL","Maintenance Technician, IFM - Tampa, FL",cortland.com,"Tampa, FL",Integrated Facilities,https://job-boards.greenhouse.io/cortland/jobs/4314571009,greenhouse,cortland,4314571009
278,rejected,student_intern,Summer 2027 Portfolio Management Intern,Summer 2027 Portfolio Management Intern,harrisonst.com,"Chicago,  IL",Portfolio Management,https://jobs.lever.co/harrisonst/e71eab04-cbea-4318-a553-704ee33ceef6,lever,harrisonst,e71eab04-cbea-4318-a553-704ee33ceef6
279,rejected,student_intern,Internship - Sales (m/w/d),Internship - Sales (m/w/d),finn.com,Munich,Internships,https://jobs.lever.co/finn/fc5d1573-a0ef-4152-804f-099fb622b3b8,lever,finn,fc5d1573-a0ef-4152-804f-099fb622b3b8
280,rejected,junior_0_2,"Strategic Transformation, Data Support - Associate","Strategic Transformation, Data Support - Associate ",icapitalnetwork.com,"Salt Lake City, Utah, United States",Fund Finance,https://job-boards.greenhouse.io/icapitalnetwork/jobs/8606952002,greenhouse,icapitalnetwork,8606952002
281,rejected,junior_0_2,"Associate, Social Media","Associate, Social Media",generalatlantic.com,New York - Park Avenue,Marketing & Corporate Affairs,https://job-boards.greenhouse.io/generalatlantic/jobs/6015174004,greenhouse,generalatlantic,6015174004
282,less_relevant,junior_0_2,Software Engineer: Perception,Software Engineer: Perception ,inflection.fund,"Los Angeles, US",Engineering,https://job-boards.eu.greenhouse.io/lodestarspace/jobs/4661387101,greenhouse,lodestarspace,4661387101
283,rejected,junior_0_2,Energy Efficiency Engineer,Energy Efficiency Engineer,buoyant.vc,,Delivery,https://apply.workable.com/j/941D26F9B4,workable,resource-innovations,941D26F9B4
284,rejected,unknown,FinTech Sales - Private Markets,FinTech Sales - Private Markets,afsgroup.nl,"Amsterdam, Netherlands",AFS E-Venues,https://afsgroup.recruitee.com/o/fintech-sales-private-markets,recruitee,afsgroup,2710505
285,rejected,mid_3_5,Senior Federal Technical Support Engineer,Senior Federal Technical Support Engineer,horizon3.ai,"US, Remote",Customer,https://jobs.ashbyhq.com/horizon3ai/6734dee7-32bc-4401-bccd-24eda31fb80e,ashby,horizon3ai,6734dee7-32bc-4401-bccd-24eda31fb80e
286,rejected,senior_6_10,"Senior Associate, Consolidation & External Reporting","Senior Associate, Consolidation & External Reporting",generalatlantic.com,New York - Park Avenue,Finance,https://job-boards.greenhouse.io/generalatlantic/jobs/6100889004,greenhouse,generalatlantic,6100889004
287,rejected,unknown,Öppen ansökan - Ortodontiassistent,Öppen ansökan - Ortodontiassistent,smile.se,"Hela Sverige, Bromma, Sweden",Avdelning: Tandsköterskor och Ortodontiassistenter,https://karriar.smile.se/jobs/7577184-oppen-ansokan-ortodontiassistent,teamtailor,karriar.smile.se,85d8dcc7-38f9-46b3-9289-cc0850a7a322
288,rejected,unknown,Recovery Coach,Recovery Coach,fcventures.com,Remote,Recovery Coaching,https://bicyclehealth.com/careers-opportunities?gh_jid=6119412004,greenhouse,bicyclehealth,6119412004
289,rejected,unknown,"Executive Assistant, New York Magazine","Executive Assistant, New York Magazine",cafe.com,"New York, NY",New York Magazine,http://boards.greenhouse.io/voxmedia/jobs/8041500?gh_jid=8041500,greenhouse,voxmedia,8041500
290,rejected,junior_0_2,"Software Engineer, Early Career","Software Engineer, Early Career",aquatic.com,Chicago; New York,Technology,https://job-boards.greenhouse.io/aquaticcapitalmanagement/jobs/8489226002,greenhouse,aquaticcapitalmanagement,8489226002
291,adjacent,junior_0_2,Investor Relations - Analyst,Investor Relations - Analyst,icapitalnetwork.com,"Salt Lake City, Utah, United States",Investor Relations,https://job-boards.greenhouse.io/icapitalnetwork/jobs/8574831002,greenhouse,icapitalnetwork,8574831002
292,rejected,senior_6_10,"Senior Analyst, Investment Team (Life Science Tools & Services)","Senior Analyst, Investment Team (Life Science Tools & Services)",archimed.group,,Archimed,https://apply.workable.com/j/80C1BD870B,workable,archimed,80C1BD870B
293,rejected,unknown,AI-utvecklare,AI-utvecklare,Humanit Stockholm AB,"Stockholm, Stockholms län",Mjukvaruutvecklare,https://arbetsformedlingen.se/platsbanken/annonser/31353393,jobtech,jobstream,31353393
294,adjacent,senior_6_10,Retirement Plan Specialist,Retirement Plan Specialist ,tuftoncapital.com,"Remote, USA",Wealth Solutions,https://job-boards.greenhouse.io/merceradvisors/jobs/5225746008,greenhouse,merceradvisors,5225746008
295,rejected,unknown,Maintenance Technician,Maintenance Technician,griffisresidential.com,"West Palm Beach, Florida, United States",Griffis West Palm,https://griffisresidential.com/open-positions/?gh_jid=5235546008,greenhouse,griffisresidential,5235546008
296,rejected,senior_6_10,Senior Salesforce Solution Architect,Senior Salesforce Solution Architect,mariner.com,United States,Platform,https://jobs.ashbyhq.com/mariner-careers/55465a0f-04d6-4e97-adf7-dc682a8c8842,ashby,mariner-careers,55465a0f-04d6-4e97-adf7-dc682a8c8842
297,rejected,junior_0_2,Client Service Associate,Client Service Associate,waverly-advisors.com,"Huntsville, AL",Client Service,https://job-boards.greenhouse.io/waverlyadvisorsllc/jobs/4363546009,greenhouse,waverlyadvisorsllc,4363546009
298,rejected,junior_0_2,"AI Factory, Value Engineer","AI Factory, Value Engineer",shieldcap.com,United States (Remote),S&M - Leviathan,https://job-boards.greenhouse.io/armada/jobs/5182555008,greenhouse,armada,5182555008
299,rejected,senior_6_10,Senior Product Designer,Senior Product Designer ,compound.vc,Remote,Product,https://job-boards.greenhouse.io/fortrobotics/jobs/4721939005,greenhouse,fortrobotics,4721939005
300,rejected,junior_0_2,Control Room - Associate,Control Room - Associate ,icapitalnetwork.com,"Salt Lake City, Utah, United States",Regulatory and Compliance,https://job-boards.greenhouse.io/icapitalnetwork/jobs/8492838002,greenhouse,icapitalnetwork,8492838002
301,rejected,unknown,Business development,Enterprise Business Development Representative - West,alphapartners.com,United States - Remote,Business Development,https://job-boards.greenhouse.io/chainguard/jobs/4663455006,greenhouse,chainguard,4663455006
302,rejected,new_grad,Life sciences pharma,"Associate, Life Sciences",generalatlantic.com,New York - Park Avenue,Life Sciences,https://job-boards.greenhouse.io/generalatlantic/jobs/5778302004,greenhouse,generalatlantic,5778302004
303,rejected,unknown,Infrastructure,Staff Infrastructure/DevOps Engineer,superstate.co,New York City,Engineering,https://jobs.lever.co/superstate/d1634337-c3e3-41c7-bc3e-0774c4b6ac3d,lever,superstate,d1634337-c3e3-41c7-bc3e-0774c4b6ac3d
304,rejected,new_grad,Private equity,"Associate, Investment",pantheon.com,"San Francisco, California, United States",Investment,https://job-boards.greenhouse.io/pantheonpublic/jobs/8619089002,greenhouse,pantheonpublic,8619089002
305,rejected,unknown,Sales role,"Enterprise Account Executive, Benelux",dcvc.com,"Amsterdam, Netherlands",Enterprise Sales,https://databricks.com/company/careers/open-positions/job?gh_jid=8589349002,greenhouse,databricks,8589349002
306,rejected,new_grad,Asset management,"Senior Financial Analyst, Financial Planning & Analysis (Future Opportunities)",fengate.com,,Corporate Services,https://apply.workable.com/j/D40C973947,workable,fengate,D40C973947
307,rejected,new_grad,Unclassified role,Fincrime Analyst (Relocation to Luxembourg),satispay.com,"Netherlands, Amsterdam",Fincrime Operations,https://jobs.ashbyhq.com/satispay/7a4abfb5-b788-4ec7-a14e-37b45b8fa266,ashby,satispay,7a4abfb5-b788-4ec7-a14e-37b45b8fa266
308,rejected,unknown,Software engineer,Business Developer,afsgroup.nl,"Amsterdam, Netherlands",AFS E-Venues,https://afsgroup.recruitee.com/o/business-developer,recruitee,afsgroup,2654468
309,rejected,unknown,Construction role,Construction Superintendent,rxr.com,New York City,Construction Services,https://job-boards.greenhouse.io/rxr/jobs/5348857008,greenhouse,rxr,5348857008
310,rejected,new_grad,Unclassified role,Collateral Analyst,gmo.com,"Boston, MA",Trade Operations,https://jobs.lever.co/gmo/9366b5d7-8930-43f7-bae6-98115e3a87a2,lever,gmo,9366b5d7-8930-43f7-bae6-98115e3a87a2
311,rejected,unknown,Sales role,"Mid-Enterprise Account Executive, NYC",horizon3.ai,"New York City, NY",Sales,https://jobs.ashbyhq.com/horizon3ai/e167d383-422f-4955-b59f-c635402634e5,ashby,horizon3ai,e167d383-422f-4955-b59f-c635402634e5
312,rejected,senior_6_10,Infrastructure,Senior Backend / Infrastructure Engineer – TypeScript,titan.com,New York ,Engineering,https://jobs.ashbyhq.com/titan/560bac35-f617-41b9-b0b9-a6a08d474862,ashby,titan,560bac35-f617-41b9-b0b9-a6a08d474862
313,rejected,unknown,Non-tech role,Voice Talent - British English (male) - Remote,clear.ventures,UK (Remote),LiltLancer Community,https://jobs.ashbyhq.com/lilt-production/48e2f767-5bf5-462d-ab9d-70a908afd4a9,ashby,lilt-production,48e2f767-5bf5-462d-ab9d-70a908afd4a9
314,rejected,unknown,Non-tech role,Real Estate Reporter,cafe.com,"New York, NY",Curbed,http://boards.greenhouse.io/voxmedia/jobs/8101003?gh_jid=8101003,greenhouse,voxmedia,8101003
315,rejected,senior_6_10,Unclassified role,"(Senior) Relationship Officer, Surabaya",fundingsocieties.com,,Sales,https://apply.workable.com/j/C3AD524925,workable,fundingsocieties,C3AD524925
316,rejected,unknown,Unclassified role,Fullstackutvecklare .Net till Svea Bank,svea.com,"Solna, Sweden",Tech,https://career.svea.com/jobs/8211363-fullstackutvecklare-net-till-svea-bank,teamtailor,career.svea.com,3c69ec88-343c-4346-98bc-204964b12442
317,rejected,new_grad,Compliance,Compliance Analyst,verifone.com,"London, England, United Kingdom",Legal/BusDev,https://job-boards.greenhouse.io/verifone/jobs/7781207003,greenhouse,verifone,7781207003
318,rejected,new_grad,Sales role,Sales Enablement Associate,focusfinancialpartners.com,"Chicago, IL",Client Solutions,https://job-boards.greenhouse.io/focusfinancialpartners/jobs/6116738004,greenhouse,focusfinancialpartners,6116738004
319,rejected,unknown,Sales role,Product Sales Specialist,swedbank.com,"Stockholm Region, Sundbyberg, Sweden","People, marketing, communication and support",https://jobs.swedbank.com/jobs/27546-product-sales-specialist,teamtailor,jobs.swedbank.com,64bf6589-bf46-49eb-abd3-3289a04c15d1
320,rejected,unknown,IT support,IT Helpdesk Support Engineer,business.com,"Boston, Massachusetts",Engineering,https://jobs.ashbyhq.com/centerfield/e0e40507-917a-4282-b8a1-668ef35af94a,ashby,centerfield,e0e40507-917a-4282-b8a1-668ef35af94a
321,rejected,unknown,Technician trades,Garage Door Medics - General Application,guildgaragegroup.com,"San Diego, CA",Administrative,https://job-boards.greenhouse.io/guildgaragegroup/jobs/4002786009,greenhouse,guildgaragegroup,4002786009
322,rejected,new_grad,Unclassified role,Corporate Finance Experienced Associate,bpm.com,San Francisco Bay Area,Valuations,https://jobs.lever.co/bpmcpa/76a56ad7-d265-4c79-a48e-d2ccddf68fa9,lever,bpmcpa,76a56ad7-d265-4c79-a48e-d2ccddf68fa9
323,rejected,unknown,Technician trades,Commercial Garage Door Technician,guildgaragegroup.com,"The Jaydor Co. - East Norristown, PA",Commercial,https://job-boards.greenhouse.io/guildgaragegroup/jobs/4261864009,greenhouse,guildgaragegroup,4261864009
324,rejected,unknown,Asset management,Community Relations Coordinator,galaxy.com,"Lubbock, Texas (REMOTE)",Data Centers,https://job-boards.greenhouse.io/galaxydigitalservices/jobs/6118796004,greenhouse,galaxydigitalservices,6118796004
325,rejected,unknown,Software engineer,"Software Engineer, Full Stack ",plaid.com,San Francisco HQ,All Departments,https://jobs.ashbyhq.com/plaid/ecc50d24-e303-480d-85d7-3041c1508cfe,ashby,plaid,ecc50d24-e303-480d-85d7-3041c1508cfe
326,rejected,senior_6_10,Software engineer,"Senior Customer Engineer, Edge APAC",shieldcap.com,Singapore (Remote),S&M - Pre Sale,https://job-boards.greenhouse.io/armada/jobs/5280554008,greenhouse,armada,5280554008
327,rejected,unknown,Healthcare therapy,"Travel Occupational Therapist, Home-Modifications",primary.vc,"Des Moines, IA",Occupational Therapy,https://job-boards.greenhouse.io/jukeboxhealth/jobs/4274495009,greenhouse,jukeboxhealth,4274495009
328,adjacent,lead,Portfolio oversight,Portfolio Consultant III,tuftoncapital.com,"Remote, USA",Portfolio Consulting,https://job-boards.greenhouse.io/merceradvisors/jobs/5355999008,greenhouse,merceradvisors,5355999008
329,rejected,unknown,Life sciences pharma,"Science and Compliance Specialist, Weekend AM",simtra.com,"Bloomington, Indiana, United States",Plant Operations,https://job-boards.greenhouse.io/simtrabps/jobs/5183815007,greenhouse,simtrabps,5183815007
330,rejected,lead,Operations,Billing Specialist (Mountain Time Zone or Pacific Time Zone),tuftoncapital.com,"Remote, USA",Investment Operations,https://job-boards.greenhouse.io/merceradvisors/jobs/5276480008,greenhouse,merceradvisors,5276480008
331,rejected,unknown,Customer support,Customer Success Representative – eShepherd,gallagher.com,"United Kingdom, North United Kingdom, Birmingham",eShepherd,https://careers.gallagher.com/jobs/7840494-customer-success-representative-eshepherd,teamtailor,careers.gallagher.com,4cedeb9c-d6ab-45d4-b510-13494fc40a35
332,adjacent,new_grad,Portfolio oversight,"Analyst, Portfolio Oversight (Infrastructure Focus)",cimgroup.com,"Los Angeles, CA",Investments - Infra and Impact,https://jobs.lever.co/cimgroup/7cebe27d-cce5-4268-a871-843a270754d3,lever,cimgroup,7cebe27d-cce5-4268-a871-843a270754d3
333,rejected,unknown,Energy clean tech,Energy Engineer,buoyant.vc,,Delivery,https://apply.workable.com/j/3372D3520E,workable,resource-innovations,3372D3520E
334,rejected,senior_6_10,Hardware solar,Senior Photovoltaics / Solar Array Engineer - Solar & Deployables,radical.vc,"San Jose, CA",Engineering - Hardware,https://job-boards.greenhouse.io/muonspace/jobs/5212080007,greenhouse,muonspace,5212080007
335,rejected,senior_6_10,Design role,Senior Graphic Designer,maveron.com,"Los Angeles, CA",Creative,https://job-boards.greenhouse.io/everlane/jobs/7778582003,greenhouse,everlane,7778582003
336,rejected,senior_6_10,Software engineer,Senior QA Automation Engineer,pepperstone.com,,IT,https://apply.workable.com/j/6FDED6FBB8,workable,pepperstone,6FDED6FBB8
337,rejected,senior_6_10,HR recruiting,Senior Recruiter (GTM) ,btv.vc,"New York, NY ",People,https://job-boards.greenhouse.io/coast/jobs/6084878004,greenhouse,coast,6084878004
338,adjacent,new_grad,Equity research,Senior Research Associate - Global Equity (Technology),williamblair.com,"Chicago, Illinois, United States",675 IM Investments - Global Growth,https://www.williamblair.com/Careers/job-description?gh_jid=5186505007,greenhouse,williamblair,5186505007
339,rejected,unknown,Sales role,"Mid-Enterprise Account Executive, Houston",horizon3.ai,Texas,Sales,https://jobs.ashbyhq.com/horizon3ai/b47fd875-0e47-47fd-aebe-c4b18f99aa38,ashby,horizon3ai,b47fd875-0e47-47fd-aebe-c4b18f99aa38
340,rejected,new_grad,Unclassified role,Emerging Country Debt - Corporate Credit Analyst,gmo.com,"Boston, MA",Emerging Country Debt,https://jobs.lever.co/gmo/901dc25c-33ac-4695-8593-f6dae8f7b9c3,lever,gmo,901dc25c-33ac-4695-8593-f6dae8f7b9c3
341,rejected,unknown,Maintenance,Porter - Heights at Interlocken,kairoi.com,"Heights at Interlocken - Broomfield, CO, Broomfield, United States",Operations - Community,https://careers.kairoi.com/jobs/656633-porter-heights-at-interlocken,teamtailor,careers.kairoi.com,7c8146fc-0492-4ed1-ac7b-1097c47f257c
342,rejected,new_grad,Onboarding,Onboarding Associate,bitgo.com,"Singapore, North West, Singapore",Compliance,https://job-boards.greenhouse.io/bitgo/jobs/8040218002,greenhouse,bitgo,8040218002
343,rejected,unknown,HR recruiting,Recruiter (6 month contract),rho.co,NYC,"Central (People, Finance, Legal)",https://jobs.ashbyhq.com/rho/94d61e4b-65aa-498e-8c0f-9e7890e94733,ashby,rho,94d61e4b-65aa-498e-8c0f-9e7890e94733
344,rejected,unknown,Wealth advisory,Wealth Advisor,waverly-advisors.com,"Cincinnati, OH",Wealth Advisors,https://job-boards.greenhouse.io/waverlyadvisorsllc/jobs/4299641009,greenhouse,waverlyadvisorsllc,4299641009
345,rejected,unknown,Software engineer,"Quality Assurance Engineer, Manufacturing ",cherry.vc,"Detroit, MI",Quality Assurance,https://job-boards.greenhouse.io/xometry/jobs/4746944007,greenhouse,xometry,4746944007
346,rejected,new_grad,Asset management,"Analyst, Transactions, Summer 2027",harrisonst.com,"Chicago,  IL",Transactions,https://jobs.lever.co/harrisonst/6751ed05-7c9e-4c7a-bbec-ec96392697bd,lever,harrisonst,6751ed05-7c9e-4c7a-bbec-ec96392697bd
347,rejected,senior_6_10,Sales role,Enterprise Account Executive EMEA,headline.com,United Kingdom,Sales,https://bitwarden.com/careers/7789407003/?gh_jid=7789407003,greenhouse,bitwarden,7789407003
348,rejected,lead,Fintech non-markets,Mobile Developer,admiralmarkets.com,,IT,https://apply.workable.com/j/E54641627C,workable,admirals,E54641627C
349,rejected,unknown,Non-tech role,Bilingual Actor - Spanish - English ,openai.fund,Los Angeles,Learning & Curriculum,https://jobs.ashbyhq.com/speak/4debae4e-a4d1-43e1-86e6-dfac0f11f780,ashby,speak,4debae4e-a4d1-43e1-86e6-dfac0f11f780
350,rejected,new_grad,Private equity,"Associate, Investment",pantheon.com,Singapore,Investment,https://job-boards.greenhouse.io/pantheonpublic/jobs/8622757002,greenhouse,pantheonpublic,8622757002
351,rejected,senior_6_10,Sales role,"Senior Account Executive, Supplier Sales",cherry.vc,"Denver, CO",Supplier Sales,https://job-boards.greenhouse.io/xometry/jobs/5150601007,greenhouse,xometry,5150601007
352,rejected,senior_6_10,Software engineer,Senior Staff Physical AI Data Algorithm Engineer,xpeng.com,"Santa Clara, CA",General Intelligence Center,https://job-boards.greenhouse.io/xpengmotors/jobs/8554408002,greenhouse,xpengmotors,8554408002
353,rejected,senior_6_10,HR recruiting,Senior Talent Attraction Specialist (m/f/d),earlybird.com,"Ottobrunn, Bavaria, Germany",Talent,https://job-boards.eu.greenhouse.io/isaraerospace/jobs/4688142101,greenhouse,isaraerospace,4688142101
354,rejected,unknown,Fintech non-markets,Strategic Partnerships,fundingsocieties.com,,Partnerships,https://apply.workable.com/j/76EC4F1D61,workable,fundingsocieties,76EC4F1D61
355,rejected,unknown,Sales role,"Account Executive, Pro (Los Angeles)",prudence.vc,"Playa Vista, Ca",Sales:Account Executive Pro,https://job-boards.greenhouse.io/crexi/jobs/4648939005,greenhouse,crexi,4648939005
356,rejected,student_intern,Asset management,Working Student Software Engineering (m/f/d),ginmon.de,"Frankfurt am Main, Deutschland",IT,https://ginmon.recruitee.com/o/working-student-software-engineering-mfd,recruitee,ginmon,1527954
357,rejected,unknown,Unclassified role,Technical Designer,maveron.com,"Los Angeles, CA",Quality Assurance & Technical Design,https://job-boards.greenhouse.io/everlane/jobs/7861106003,greenhouse,everlane,7861106003
358,rejected,new_grad,Unclassified role,Data Platform Analyst,gmo.com,"Boston, MA",Investment Data Solutions,https://jobs.lever.co/gmo/a8e8b02a-5cf8-41f9-82de-955afbcfe22f,lever,gmo,a8e8b02a-5cf8-41f9-82de-955afbcfe22f
359,rejected,unknown,Customer support,Merchant Support Specialist APAC,unlimit.com,Shanghai Office,Customer Support,https://jobs.lever.co/unlimit/c6813826-066a-41b5-aede-7d8a71fd1fc1,lever,unlimit,c6813826-066a-41b5-aede-7d8a71fd1fc1
360,rejected,unknown,Infrastructure,Infrastructure Engineer,flint.com,San Francisco,Engineering,https://jobs.ashbyhq.com/flint/9347be1d-49bd-40bc-9308-acca85ee1117,ashby,flint,9347be1d-49bd-40bc-9308-acca85ee1117
361,rejected,senior_6_10,Software engineer,Senior Autonomy Engineer,mavenventures.com,"Ann Arbor, MI",Autonomy Engineering,https://job-boards.greenhouse.io/maymobility/jobs/8611992002,greenhouse,maymobility,8611992002
362,rejected,new_grad,Sales role,Senior Sales Analyst,equityzen.com,"New York, New York, United States",Sales,https://job-boards.greenhouse.io/equityzen/jobs/6620608003,greenhouse,equityzen,6620608003
363,rejected,unknown,Sales role,Venue Sales Representative,octopusenergygeneration.com,Bristol (GB),Acquisition,https://jobs.lever.co/octoenergy/0a4a3f77-1758-41e7-a4b0-e54b9a983523,lever,octoenergy,0a4a3f77-1758-41e7-a4b0-e54b9a983523
364,rejected,unknown,Software engineer,Software Engineer: On-board Autonomy,inflection.fund,"Los Angeles, US",Engineering,https://job-boards.eu.greenhouse.io/lodestarspace/jobs/4661406101,greenhouse,lodestarspace,4661406101
365,rejected,unknown,Unclassified role,"Product Designer, Marketing & GTM",enigma.com,"New York, NY or Los Angeles, CA",Marketing,https://job-boards.greenhouse.io/enigmaio/jobs/7348421,greenhouse,enigmaio,7348421
366,rejected,unknown,Unclassified role,General Application,eaglepointcredit.com,"Greenwich, CT",Eagle Point Credit,https://jobs.lever.co/eaglepointcredit/ea911c08-9f21-4a75-a509-c015d07cfa1e,lever,eaglepointcredit,ea911c08-9f21-4a75-a509-c015d07cfa1e
367,rejected,unknown,HR recruiting,Talent Acquisition Coordinator,profunds.com,"Bethesda, MD",Human Resources,https://boards.greenhouse.io/proshares/jobs/6016376004?gh_jid=6016376004,greenhouse,proshares,6016376004
368,rejected,unknown,Unclassified role,Financial Modeller,octopusenergygeneration.com,London (GB),Development,https://jobs.lever.co/octoenergy/472279e4-402a-4b15-b281-342c8aa9a9e0,lever,octoenergy,472279e4-402a-4b15-b281-342c8aa9a9e0
369,rejected,unknown,Operations,Accounts Payable Specialist,palmersquare.com,"Larchmont, NY",Finance,https://jobs.lever.co/heyrowan/c48ee59e-2a62-4da3-b101-6628b5be5393,lever,heyrowan,c48ee59e-2a62-4da3-b101-6628b5be5393
370,rejected,unknown,Unclassified role,Systems Administrator,marathonwealth.net,"Boston, MA",Technology,https://job-boards.greenhouse.io/moderawealthmanagement/jobs/5376634008,greenhouse,moderawealthmanagement,5376634008
371,rejected,unknown,Technician trades,Garage Door - Install Technician / Apprentice,guildgaragegroup.com,"Red Mountain - Birmingham, AL",Residential Install,https://job-boards.greenhouse.io/guildgaragegroup/jobs/4338275009,greenhouse,guildgaragegroup,4338275009
372,rejected,unknown,Software engineer,"Motor / Electromechanical Applications Engineer, Vandrel",interplay.vc,New York,Portfolio Companies,https://jobs.ashbyhq.com/interplay/95c3b707-b101-4a69-91f8-1d180e0e0a00,ashby,interplay,95c3b707-b101-4a69-91f8-1d180e0e0a00
373,rejected,unknown,Unclassified role,Key Holder (PT),camp.com,"Miami, FL (Aventura)","MIAMI, FL (AVENTURA)",https://job-boards.greenhouse.io/camp/jobs/8616766002,greenhouse,camp,8616766002
374,rejected,unknown,Software engineer,Application Security Engineer,pepperstone.com,,IT,https://apply.workable.com/j/DB94046D16,workable,pepperstone,DB94046D16
375,rejected,unknown,Unclassified role,Risk Consultant,benifex.com,"Southampton, United Kingdom",Corporate Benefits,https://careers.benifex.com/jobs/8080496-risk-consultant,teamtailor,benefex,400843d5-77ee-4097-b942-d78a0154c429
376,rejected,unknown,Unclassified role,Demand Planner - Berghaus,canterbury.com,"Farringdon, London, London, United Kingdom",Product Development & Innovation,https://careers.pentland.com/jobs/8168666-demand-planner-berghaus,teamtailor,pentlandbrandsuk,95ab7f6e-e3d5-4e51-b19b-163ef194cccb
377,rejected,senior_6_10,Sales role,"Senior Account Executive, Enterprise",cherry.vc,"Seattle, WA",Marketplace Sales,https://job-boards.greenhouse.io/xometry/jobs/5019717007,greenhouse,xometry,5019717007
378,rejected,unknown,Asset management,EHS  Engineer (Data Centers),galaxy.com,"Afton, Texas",Data Centers,https://job-boards.greenhouse.io/galaxydigitalservices/jobs/6139108004,greenhouse,galaxydigitalservices,6139108004
379,rejected,unknown,Cybersecurity,Staff Security Engineer,assured.com,Remote,Engineering,https://jobs.ashbyhq.com/assured/1d132af6-bb3d-4a5b-be81-f307cb801dd2,ashby,assured,1d132af6-bb3d-4a5b-be81-f307cb801dd2
380,rejected,new_grad,Unclassified role,Data Analyst ,winton.com,"London, United Kingdom",Software Development,https://job-boards.eu.greenhouse.io/winton/jobs/4868964101,greenhouse,winton,4868964101
381,rejected,new_grad,Sales role,Senior Sales Operations Analyst,cherry.vc,"North Bethesda, MD",Sales Operations ,https://job-boards.greenhouse.io/xometry/jobs/5178287007,greenhouse,xometry,5178287007
382,rejected,senior_6_10,Software engineer,"Senior Customer Engineer, Federal",shieldcap.com,"Washington, D.C., USA (Remote)",S&M - Federal,https://job-boards.greenhouse.io/armada/jobs/5206914008,greenhouse,armada,5206914008
383,rejected,unknown,Software engineer,"Software Engineer, Full Stack",plaid.com,New York City Office,All Departments,https://jobs.ashbyhq.com/plaid/a9dc0810-546b-4773-9545-2862409e24b4,ashby,plaid,a9dc0810-546b-4773-9545-2862409e24b4
384,adjacent,new_grad,Financial analyst,Financial Product Analyst / Associate,fundingsocieties.com,,,https://apply.workable.com/j/6567B1F902,workable,fundingsocieties,6567B1F902
385,rejected,unknown,Customer support,Employee Benefits Customer Service Representative ,lwarner.com,"Camden, New Jersey, United States; Orlando, Florida, United States; Remote",Customer Service,https://job-boards.greenhouse.io/foundationriskpartners/jobs/5189943007,greenhouse,foundationriskpartners,5189943007
386,rejected,unknown,Unclassified role,Yardi Systems Administrator (Commercial Retail CRE),bridge33capital.com,,Offshore,https://apply.workable.com/j/3683D4C393,workable,bridge33capital,3683D4C393
387,rejected,lead,Software engineer,IAM Engineer,payward.com,United States,Security & IT,https://jobs.ashbyhq.com/kraken.com/d39ac0dc-7131-4c66-8c84-5a3971dd199f,ashby,kraken.com,d39ac0dc-7131-4c66-8c84-5a3971dd199f
388,rejected,senior_6_10,Software engineer,Senior Cloud Engineer - Fixed Term Contract,pepperstone.com,,IT,https://apply.workable.com/j/68664CEF30,workable,pepperstone,68664CEF30
389,rejected,unknown,Customer support,"SOC Support Specialist- Pacific or MountainTime Zone, Weekend Shift",forgepointcap.com,United States of America,SOC Support,https://job-boards.greenhouse.io/huntress/jobs/7855135003,greenhouse,huntress,7855135003
390,rejected,unknown,Software engineer,AI-Native Data Platform Engineer,kaleelcompany.com,"Hybrid - New York, NY",Engineering,https://job-boards.greenhouse.io/fartherfinance/jobs/4684572005,greenhouse,fartherfinance,4684572005
391,rejected,unknown,Unclassified role,Call Center Agent - Kundenrückgewinnung (m/w/d) ,runacap.com,Hamburg,Pre-Sales,https://job-boards.greenhouse.io/smavagmbh/jobs/7582021003,greenhouse,smavagmbh,7582021003
392,rejected,new_grad,Unclassified role,Planning Associate,marathonwealth.net,"Plantation, FL",Planning,https://job-boards.greenhouse.io/moderawealthmanagement/jobs/5369111008,greenhouse,moderawealthmanagement,5369111008
393,rejected,unknown,Unclassified role,"Specialty Care Navigator, Mood and Anxiety",rre.com,Remote,Care Navigation,https://job-boards.greenhouse.io/springhealth66/jobs/4719227005,greenhouse,springhealth66,4719227005
394,rejected,new_grad,Asset management,"Senior Financial Analyst, Reporting (Future Opportunities)",fengate.com,,Corporate Services,https://apply.workable.com/j/D423BDC78A,workable,fengate,D423BDC78A
395,rejected,unknown,Life sciences pharma,Projektmanager (m/w/d) für pharmazeutische Investitionsprojekte,simtra.com,"Halle, North Rhine-Westphalia, Germany",Engineering & Technology,https://job-boards.greenhouse.io/simtrabps/jobs/5008472007,greenhouse,simtrabps,5008472007
396,rejected,senior_6_10,Cybersecurity,Senior Application Security Engineer,savvywealth.com,NYC Office,R&D,https://jobs.ashbyhq.com/savvy/7ef904d4-8dbf-4ad6-8bf7-328c6f72e644,ashby,savvy,7ef904d4-8dbf-4ad6-8bf7-328c6f72e644
397,rejected,unknown,Unclassified role,Investment Content Strategist,williamblair.com,"Chicago, Illinois, United States; New York, New York",770 IM Management and Administration,https://www.williamblair.com/Careers/job-description?gh_jid=5211014007,greenhouse,williamblair,5211014007
398,rejected,unknown,HR recruiting,General Application – Join Our Talent Network,gwkinvest.com,"Boston, MA",,https://job-boards.greenhouse.io/gwkinvestmentmanagementllc/jobs/4540613005,greenhouse,gwkinvestmentmanagementllc,4540613005
399,rejected,unknown,Business development,Business Development Representative,wealth.aprio.com,"San Francisco, CA",Growth,https://jobs.lever.co/Aprio/7b05e92d-159e-45b9-8a5c-a5b5f1b9d884,lever,Aprio,7b05e92d-159e-45b9-8a5c-a5b5f1b9d884
400,rejected,unknown,Unclassified role,External Wholesaler,eaglepointcredit.com,"Greenwich, CT",Sales,https://jobs.lever.co/eaglepointcredit/0fb6174f-8104-4029-a15c-7a800aa0182a,lever,eaglepointcredit,0fb6174f-8104-4029-a15c-7a800aa0182a
401,rejected,unknown,Cloud infrastructure sales engineer; not financial markets,Senior Specialist Solutions Engineer - Platform Security and Cloud Infrastructure,dcvc.com,"Amsterdam, Netherlands",Field Engineering - Other,https://databricks.com/company/careers/open-positions/job?gh_jid=8687202002,greenhouse,databricks,8687202002
402,adjacent,mid_3_5,Treasury FTP system operations; finance but not research; 5+ years,APO to Group Treasury,swedbank.com,"Stockholm Region, Sundbyberg, Sweden",IT and data,https://jobs.swedbank.com/jobs/27442-apo-to-group-treasury,teamtailor,jobs.swedbank.com,06147435-bba4-42f1-a7ef-d8eb52ad2ed7
403,rejected,unknown,Growth platform GTM; not financial markets,GTM Engineer - Partnerships,clay.com,New York,GTM - Ops,https://jobs.ashbyhq.com/claylabs/242be863-2f62-44a7-909d-6c351dee81d1,ashby,claylabs,242be863-2f62-44a7-909d-6c351dee81d1
404,rejected,unknown,Crypto custody operations; crypto explicitly excluded,Trust Officer,bitgo.com,"Sioux Falls, South Dakota, United States",Trust,https://job-boards.greenhouse.io/bitgo/jobs/8612856002,greenhouse,bitgo,8612856002
405,rejected,unknown,Pharmaceutical manufacturing; not financial markets,Planner (m/w/d) Sichtkontrolle (befristet auf 24 Monate),simtra.com,"Halle, North Rhine-Westphalia, Germany",Plant Operations,https://job-boards.greenhouse.io/simtrabps/jobs/5128800007,greenhouse,simtrabps,5128800007
406,adjacent,student_intern,Investment banking internship; IB not quant research,Summer Internship 2027,paretosec.com,,,https://paretosecurities.teamtailor.com/jobs/7742071-summer-internship-2027,teamtailor,paretosecurities,f3d7355e-5689-434c-9921-c7c666c8e12f
407,rejected,unknown,Real estate leasing; not financial markets,Leasing Consultant (Residential),cimgroup.com,"Alexandria, VA",Property Management,https://jobs.lever.co/cimgroup/8d3f9635-5ef1-40b8-92c9-c2536582e596,lever,cimgroup,8d3f9635-5ef1-40b8-92c9-c2536582e596
408,rejected,unknown,Insurance broker operations; not financial markets,Personal Lines Account Coordinator,lwarner.com,"St. Augustine, Florida, United States",Account Management,https://job-boards.greenhouse.io/foundationriskpartners/jobs/5181150007,greenhouse,foundationriskpartners,5181150007
409,rejected,unknown,Robotics logistics handler; not financial markets,Material Handler,compound.vc,"Philadelphia, PA",Operations,https://job-boards.greenhouse.io/fortrobotics/jobs/4718958005,greenhouse,fortrobotics,4718958005
410,rejected,senior_6_10,Media company IT platform; not financial markets,Senior IT Platform Engineer,step.com,"San Mateo, California",IT,https://job-boards.greenhouse.io/mrbeastyoutube/jobs/6134605004,greenhouse,mrbeastyoutube,6134605004
411,rejected,unknown,Marketing ML/affiliate platform; not financial markets,"Sr. Data Scientist, Programmatic Algorithms",impact.com,"Columbus, OH",Product,https://job-boards.greenhouse.io/impact/jobs/8525597002,greenhouse,impact,8525597002
412,adjacent,unknown,Hedge fund network security; operations not research,Network Security Engineer,caxton.com,,Technology,https://apply.workable.com/j/FC3FF2B7F8,workable,caxton,FC3FF2B7F8
413,rejected,unknown,Nuclear reactor engineering; not financial markets,"Senior Manufacturing Engineer, Electrical Engineering ",reveillevc.com,Los Angeles,Manufacturing & Quality,https://jobs.ashbyhq.com/Antares/e6bd4565-9b44-4376-a63e-9807e5e4303f,ashby,Antares,e6bd4565-9b44-4376-a63e-9807e5e4303f
414,rejected,unknown,Wealth management; judgment-based investing excluded,Senior Planning Associate,marathonwealth.net,"Inverness, FL",Planning,https://job-boards.greenhouse.io/moderawealthmanagement/jobs/5171281008,greenhouse,moderawealthmanagement,5171281008
415,rejected,unknown,Multifamily maintenance technician; not financial markets,Maintenance Technician-Cortland Mirror Lake,cortland.com,"Apopka, FL",Onsite Service,https://job-boards.greenhouse.io/cortland/jobs/4354231009,greenhouse,cortland,4354231009
416,less_relevant,unknown,Debt brokerage trading desk; trading not research,Broker Public Debt Desk,afsgroup.nl,"Amsterdam, Netherlands",Public Debt | AFS Interest,https://afsgroup.recruitee.com/o/broker-public-debt-desk,recruitee,afsgroup,2602826
417,rejected,unknown,Healthcare product design; not financial markets,"Product Designer, Maternity Experience",alleycorp.com,"New York, NY; Remote, US (Hub cities)",Product Design,https://job-boards.greenhouse.io/mavenclinic/jobs/8493856002,greenhouse,mavenclinic,8493856002
418,rejected,unknown,Wealth advisory; judgment-based investing excluded,Wealth Advisor,waverly-advisors.com,"Jackson, MS",Wealth Advisors,https://job-boards.greenhouse.io/waverlyadvisorsllc/jobs/4252671009,greenhouse,waverlyadvisorsllc,4252671009
419,rejected,unknown,Multifamily maintenance; not financial markets,Service Technician - The Quincy,kairoi.com,"The Quincy - Austin, TX, Austin, United States",Operations - Community,https://careers.kairoi.com/jobs/657225-service-technician-the-quincy,teamtailor,careers.kairoi.com,e2cce30a-726f-4b42-b54a-cffbff28e29f
420,rejected,unknown,Consumer fintech investing platform; not research,"Software Engineer, Backend ",atomicvest.com,Remote,Engineering,https://jobs.ashbyhq.com/atomic-invest/241de06e-858d-4e52-b3ac-43bc7c024176,ashby,atomic-invest,241de06e-858d-4e52-b3ac-43bc7c024176
421,rejected,unknown,Business intelligence accounting platform; not finance,"Senior Data Analyst, Strategic Operations",collective.com,United States,Member Operations,https://jobs.ashbyhq.com/collective/39c8a250-9e18-4fbf-b2be-5a3e395f84cf,ashby,collective,39c8a250-9e18-4fbf-b2be-5a3e395f84cf
422,rejected,unknown,AI avatar platform engineering; not financial markets,Data Engineer /ML Ops,sevenstars.vc,Remote,"Engineering, Product, & Design",https://jobs.ashbyhq.com/tavus/a29d6e98-3a83-461c-b651-fc0dc387c4c7,ashby,tavus,a29d6e98-3a83-461c-b651-fc0dc387c4c7
423,rejected,unknown,Jewelry retail piercing; not financial markets,Retail Store Associate,palmersquare.com,"Charleston, SC",Retail Store Associates,https://jobs.lever.co/heyrowan/ad51e569-f60c-4c08-b4d9-3d5fdc406fc9,lever,heyrowan,ad51e569-f60c-4c08-b4d9-3d5fdc406fc9
424,rejected,student_intern,Pharmaceutical business analysis; not financial markets,Apprentice Business Analysis,archimed.group,,Archimed,https://apply.workable.com/j/B8AC07FF2F,workable,archimed,B8AC07FF2F
425,rejected,unknown,Manufacturing machinist; not financial markets,Finish Machinist (Manual Lathes),maxcessintl.com,"Keene, NH",Mill and Drill,https://job-boards.greenhouse.io/maxcessinternational/jobs/5189541008,greenhouse,maxcessinternational,5189541008
426,rejected,unknown,Wealth advisory; judgment-based investing excluded,Associate Wealth Advisor,waverly-advisors.com,"Lafayette, IN",Wealth Advisors,https://job-boards.greenhouse.io/waverlyadvisorsllc/jobs/4313031009,greenhouse,waverlyadvisorsllc,4313031009
427,rejected,unknown,Multifamily maintenance technician; not financial markets,Maintenance Technician - Cortland Peterson,cortland.com,"Colorado Springs, CO",Onsite Service,https://job-boards.greenhouse.io/cortland/jobs/4302921009,greenhouse,cortland,4302921009
428,rejected,senior_6_10,Wealth management platform; judgment-based investing,Senior Engineer - Technical Staff,savvywealth.com,NYC Office,R&D,https://jobs.ashbyhq.com/savvy/adc5d0c4-0944-49a0-8cf4-aaf573dda8cb,ashby,savvy,adc5d0c4-0944-49a0-8cf4-aaf573dda8cb
429,rejected,unknown,Real estate leasing; not financial markets,Leasing Officer,esr.com,,Japan,https://apply.workable.com/j/C27832845F,workable,esr-group,C27832845F
430,adjacent,unknown,Fintech lending platform compliance; ops not research,Bondholders Representative Officer,fundingsocieties.com,,Compliance,https://apply.workable.com/j/320AE1E35E,workable,fundingsocieties,320AE1E35E
431,rejected,unknown,Manufacturing marketplace sales; not financial markets,"Account Executive III, Defense",cherry.vc,"Denver, CO",Marketplace Sales,https://job-boards.greenhouse.io/xometry/jobs/5162174007,greenhouse,xometry,5162174007
432,adjacent,new_grad,Fintech SME lending operations; credit ops not research,Relationship Officer (Open to Fresh Grads),fundingsocieties.com,,,https://apply.workable.com/j/1EC5FF8242,workable,fundingsocieties,1EC5FF8242
433,rejected,student_intern,Real estate appraisal; not financial markets,Real Estate Appraisal Intern,bpm.com,"San Diego, CA",Interns - Advisory,https://jobs.lever.co/bpmcpa/3f7e076e-a3a6-4474-9e11-e700063b5eea,lever,bpmcpa,3f7e076e-a3a6-4474-9e11-e700063b5eea
434,rejected,unknown,Healthcare credentialing admin; not financial markets,Credentialing Associate,fcventures.com,Remote,Licensing & Credentialing,https://bicyclehealth.com/careers-opportunities?gh_jid=6142704004,greenhouse,bicyclehealth,6142704004
435,adjacent,senior_6_10,ETF fund administration; operations not research,"Senior Specialist, Financial Administration",profunds.com,"Bethesda, MD",Financial Administration,https://boards.greenhouse.io/proshares/jobs/6130201004?gh_jid=6130201004,greenhouse,proshares,6130201004
436,adjacent,unknown,Hedge fund vendor relations; procurement not research,Broker Relations and Vendor Analyst,caxton.com,,Finance,https://apply.workable.com/j/F0A48913AE,workable,caxton,F0A48913AE
437,rejected,unknown,Defense contractor test engineering; not financial markets,Test Engineer,centuria.com,"Scott AFB, IL",HQ  CCC,https://jobs.lever.co/centuria/e5c686cd-0b3a-4872-8289-6fdfc3ee61d1,lever,centuria,e5c686cd-0b3a-4872-8289-6fdfc3ee61d1
438,adjacent,junior_0_2,Fintech banking AI sales engineer; not research,Associate Sales Engineer,eranyc.com,US-Remote,Sales,https://jobs.ashbyhq.com/glia/434e04f6-6b3d-416d-9838-3fe6d2be1e2a,ashby,glia,434e04f6-6b3d-416d-9838-3fe6d2be1e2a
439,rejected,unknown,Multifamily maintenance; not financial markets,Service Technician - Us Bayou Park,kairoi.com,"US Bayou Park - Houston, TX, Houston, United States",Operations - Community,https://careers.kairoi.com/jobs/683474-service-technician-us-bayou-park,teamtailor,careers.kairoi.com,5fac28c7-250f-477f-a9b8-afb87505827e
440,less_relevant,senior_6_10,Hedge fund trading infrastructure; backend not research,Senior Software Developer (Shared Services),eagleseven.com,,Technology,https://apply.workable.com/j/3D772A97A8,workable,eagle-seven,3D772A97A8
441,rejected,unknown,Insurance sales producer; not financial markets,Employee Benefits Sales Producer,lwarner.com,"Las Vegas, Nevada, United States",Sales,https://job-boards.greenhouse.io/foundationriskpartners/jobs/5148182007,greenhouse,foundationriskpartners,5148182007
442,adjacent,student_intern,Real estate deal internship; transactions not research,Summer 2027 Transactions Intern,harrisonst.com,"Chicago,  IL",Transactions,https://jobs.lever.co/harrisonst/e82d538e-6925-4075-8829-ee5577106f71,lever,harrisonst,e82d538e-6925-4075-8829-ee5577106f71
443,rejected,unknown,Autonomous vehicle control engineering; not financial markets,Control Engineer,firstminute.capital,Germany,Product & Delivery,https://wayve.firststage.co/jobs?gh_jid=8506438002,greenhouse,wayve,8506438002
444,rejected,unknown,Wealth trust administration; not financial markets,Trust Associate I,wintrustwealth.com,"Lansing, IL",,https://wintrust.wd1.myworkdayjobs.com/en-US/Search/job/Lansing-IL/Trust-Associate-I_261533-1,workday,wintrust|wd1|Search,/job/Lansing-IL/Trust-Associate-I_261533-1
445,rejected,unknown,Healthcare clinic care advocate; not financial markets,Care Advocate,alleycorp.com,Remote,Care Delivery,https://job-boards.greenhouse.io/mavenclinic/jobs/8697125002,greenhouse,mavenclinic,8697125002
446,rejected,unknown,Sportswear retail; not financial markets,Retail Associate,columbia.com,"Leesburg, Virginia, United States of America",,https://columbiasportswearcompany.wd5.myworkdayjobs.com/en-US/CSC_Careers/job/Leesburg-Virginia-United-States-of-America/Retail-Associate_R-026103-2,workday,columbiasportswearcompany|wd5|CSC_Careers,/job/Leesburg-Virginia-United-States-of-America/Retail-Associate_R-026103-2
447,rejected,unknown,Insurance marketing; not financial markets,Insurance Marketing Analyst,lwarner.com,"Sarasota, Florida, United States",Account Management,https://job-boards.greenhouse.io/foundationriskpartners/jobs/5201649007,greenhouse,foundationriskpartners,5201649007
448,adjacent,senior_6_10,Investment bank tax compliance; operations not research,Sr. Investment Tax Specialist,bbh.com,Boston,,https://bbh.wd5.myworkdayjobs.com/en-US/BBH/job/Boston/Sr-Investment-Tax-Specialist_72259,workday,bbh|wd5|BBH,/job/Boston/Sr-Investment-Tax-Specialist_72259
449,rejected,unknown,Accounting firm BI; not financial markets,Business Intelligence Specialist Developer,cainwatters.com,"Frisco, United States",Information Technology,https://cainwattersassociates.recruitee.com/o/business-intelligence-specialist-developer,recruitee,cainwattersassociates,2639255
450,rejected,unknown,VIP road representative; insufficient detail,VIP Road Rep,universe.com,,,https://livenation.wd503.myworkdayjobs.com/en-US/LNExternalSite/job/VIP-Road-Rep_JR-84749,workday,livenation|wd503|LNExternalSite,/job/VIP-Road-Rep_JR-84749
451,rejected,unknown,Manufacturing general hiring; not financial markets,General Application,guildgaragegroup.com,"Dover Doors and Windows - Flint, MI",Administrative,https://job-boards.greenhouse.io/guildgaragegroup/jobs/4184216009,greenhouse,guildgaragegroup,4184216009
452,rejected,unknown,Semiconductor design verification; not financial markets,"Design Verification Engineer, Coherent Interconnect",samsung.com,2 Locations,,https://sec.wd3.myworkdayjobs.com/en-US/Samsung_Careers/job/3900-N-Capital-of-Texas-Hwy-Austin-TX-USA/Design-Verification-Engineer--Coherent-Interconnect_R115922,workday,sec|wd3|Samsung_Careers,/job/3900-N-Capital-of-Texas-Hwy-Austin-TX-USA/Design-Verification-Engineer--Coherent-Interconnect_R115922
453,rejected,unknown,Manufacturing digital platform; not financial markets,Senior Software Engineer (West Coast),westlygroup.com,"Oakland, CA Office",Software Engineering,https://job-boards.greenhouse.io/fictiv/jobs/8510398002,greenhouse,fictiv,8510398002
454,rejected,unknown,Customer service multilingual; not financial markets,Conseiller Client Langue Anglaise,concentrix.com,3 Locations,,https://cnx.wd1.myworkdayjobs.com/en-US/external_global/job/Tunisia---La-Charguia/Conseiller-Client-Langue-Anglaise_R1673900,workday,cnx|wd1|external_global,/job/Tunisia---La-Charguia/Conseiller-Client-Langue-Anglaise_R1673900
455,rejected,unknown,Waste management van driver; not financial markets,Van Driver (Denver),westboundequity.com,"Denver, CO",Operations,https://jobs.lever.co/Ridwell/286b766b-f403-4237-8a7e-9fe3da60ee40,lever,Ridwell,286b766b-f403-4237-8a7e-9fe3da60ee40
456,adjacent,junior_0_2,Fintech/markets investment tech service; ops not research,"Service Analyst I, Dealer & Investor Services",seic.com,USA - PA - Oaks,,https://seic.wd1.myworkdayjobs.com/en-US/SEI_Global_Services/job/USA---PA---Oaks/Service-Analyst-I--Dealer---Investor-Services_R0037045,workday,seic|wd1|SEI_Global_Services,/job/USA---PA---Oaks/Service-Analyst-I--Dealer---Investor-Services_R0037045
457,rejected,unknown,Fintech platform BDR; sales not research,Business Development Representative - Enterprise,plaid.com,New York City Office,All Departments,https://jobs.ashbyhq.com/plaid/b93abf51-f064-4923-ada8-7cc78c8939e8,ashby,plaid,b93abf51-f064-4923-ada8-7cc78c8939e8
458,rejected,unknown,Event venue food service; not financial markets,Food Runner- Good Luck Lounge,universe.com,"Sacramento, CA, USA",,https://livenation.wd503.myworkdayjobs.com/en-US/LNExternalSite/job/Sacramento-CA-USA/Food-Runner--Good-Luck-Lounge_JR-72302,workday,livenation|wd503|LNExternalSite,/job/Sacramento-CA-USA/Food-Runner--Good-Luck-Lounge_JR-72302
459,rejected,unknown,Spacecraft guidance control; not financial markets,GNC Engineer,radical.vc,"Mountain View, CA or Remote",Mission Engineering,https://job-boards.greenhouse.io/muonspace/jobs/5152220007,greenhouse,muonspace,5152220007
460,rejected,unknown,Insurance broker; not financial markets,Property & Casualty Broker,bridgespecialtygroup.com,"Morristown, NJ, USA",,https://bbinsurance.wd1.myworkdayjobs.com/en-US/BSGCareers/job/Morristown-NJ-USA/Commercial-Lines-P-C-Broker_R26_0000001600,workday,bbinsurance|wd1|BSGCareers,/job/Morristown-NJ-USA/Commercial-Lines-P-C-Broker_R26_0000001600
461,rejected,unknown,Autonomous vehicle AI/ML; not financial markets,"Staff ML Engineer, Gaia ",firstminute.capital,London,"Simulation, Evaluation, Validation",https://wayve.firststage.co/jobs?gh_jid=8610095002,greenhouse,wayve,8610095002
462,adjacent,unknown,Credit fund client operations; banking ops not research,Client Associate/Registered Client Associate,rbcbluebay.com,"Lancaster, Pennsylvania, United States of America",,https://rbc.wd3.myworkdayjobs.com/en-US/RBCGLOBAL1/job/Lancaster-Pennsylvania-United-States-of-America/Client-Associate-Registered-Client-Associate_R-0000180385,workday,rbc|wd3|RBCGLOBAL1,/job/Lancaster-Pennsylvania-United-States-of-America/Client-Associate-Registered-Client-Associate_R-0000180385
463,rejected,unknown,Open source security sales; not financial markets,Enterprise Account Executive - Central / Midwest,alphapartners.com,Illinois - Remote,Sales,https://job-boards.greenhouse.io/chainguard/jobs/4704055006,greenhouse,chainguard,4704055006
464,rejected,unknown,Resource industries support; insufficient detail,Resource Industries Support Representative,sime.com,3 Locations,,https://simedarby.wd3.myworkdayjobs.com/en-US/SimeCareerSite/job/Australia--CQ--Rockhampton-Branch/Resource-Industries-Support-Representative_JR120527-1,workday,simedarby|wd3|SimeCareerSite,/job/Australia--CQ--Rockhampton-Branch/Resource-Industries-Support-Representative_JR120527-1
465,rejected,unknown,Multifamily leasing professional; not financial markets,"Leasing Professional - Lease Up, Dallas Area",kairoi.com,"Dallas Area - Dallas, TX, Dallas, United States",Operations - Community,https://careers.kairoi.com/jobs/653731-leasing-professional-lease-up-dallas-area,teamtailor,careers.kairoi.com,c29421bb-8a28-4dca-88bf-b94ef3b15853
466,rejected,unknown,Event venue box office; not financial markets,Box Office Crew at Credit Union 1 Amphitheatre- Tinley Park,universe.com,"Tinley Park, IL, USA",,https://livenation.wd503.myworkdayjobs.com/en-US/LNExternalSite/job/Tinley-Park-IL-USA/Box-Office-Crew-at-Credit-Union-1-Amphitheatre--Tinley-Park_JR-86109,workday,livenation|wd503|LNExternalSite,/job/Tinley-Park-IL-USA/Box-Office-Crew-at-Credit-Union-1-Amphitheatre--Tinley-Park_JR-86109
467,rejected,unknown,Customer service representative; not financial markets,Customer Service Representative,guildgaragegroup.com,"Garage Door Doctor - Indianapolis, IN",Customer Service,https://job-boards.greenhouse.io/guildgaragegroup/jobs/4230357009,greenhouse,guildgaragegroup,4230357009
468,rejected,unknown,Concentrix position; insufficient detail,BP Clark 2025,concentrix.com,2 Locations,,https://cnx.wd1.myworkdayjobs.com/en-US/external_global/job/PHL-Clark/BP-Clark-2025_R1559090-32,workday,cnx|wd1|external_global,/job/PHL-Clark/BP-Clark-2025_R1559090-32
469,adjacent,unknown,Banking platform data integration; IT ops not research,Software Engineer for Data Integrations,swedbank.com,"Vilnius, Lithuania, Rīga, Latvia, Stockholm Region, Sundbyberg, Sweden",IT and data,https://jobs.swedbank.com/jobs/26965-software-engineer-for-data-integrations,teamtailor,jobs.swedbank.com,351d93be-45f3-4800-b126-f17634faab10
470,rejected,unknown,Accounting audit staff; not financial markets,August 2028 Audit Staff - Charlotte,herbein.com,"Charlotte, NC",,https://cbh.wd12.myworkdayjobs.com/en-US/CherryBekaertEarlyCareers/job/Charlotte-NC/August-2028-Audit-Staff---Charlotte_JR100908-2,workday,cbh|wd12|CherryBekaertEarlyCareers,/job/Charlotte-NC/August-2028-Audit-Staff---Charlotte_JR100908-2
471,rejected,senior_6_10,Marketing platform security; not financial markets,Senior Cloud Security Engineer,645ventures.com,"Atlanta, Georgia; Austin, Texas; Boston, Massachusetts; Chicago, Illinois; Denver, Colorado; New York, New York; REMOTE - US; San Francisco, California",People & Technology Enablement,https://job-boards.greenhouse.io/iterable/jobs/8093074,greenhouse,iterable,8093074
472,rejected,unknown,HR administration; not financial markets,HR Administrator,markel.com,Leeds - UK,,https://markelcorp.wd5.myworkdayjobs.com/en-US/GlobalCareers/job/Leeds---UK/HR-Administrator_R0023400,workday,markelcorp|wd5|GlobalCareers,/job/Leeds---UK/HR-Administrator_R0023400
473,adjacent,unknown,Challenger bank onboarding; banking ops not research,FCP Onboarding Specialist (Business Onboarding),lunar.app,"Stockholm, Sweden, Stockholm, Sweden",FCP,https://jobs.lunar.app/jobs/7948183-fcp-onboarding-specialist-business-onboarding,teamtailor,jobs.lunar.app,49741159-b2d6-495b-9dec-84930a8ce255
474,rejected,new_grad,Insurance agency early career; not research,Insurance Agency Associate - Early Career Program,marshmma.com,2 Locations,,https://mmc.wd1.myworkdayjobs.com/en-US/MMC/job/Chesterfield---Maryville/Insurance-Agency-Associate---Early-Career-Program_R_359204,workday,mmc|wd1|MMC,/job/Chesterfield---Maryville/Insurance-Agency-Associate---Early-Career-Program_R_359204
475,rejected,unknown,Language learning AI; not financial markets,AI Product Engineer,openai.fund,San Francisco,Engineering,https://jobs.ashbyhq.com/speak/e91eb4bc-93bf-4e3a-b7c9-4a2f506df43f,ashby,speak,e91eb4bc-93bf-4e3a-b7c9-4a2f506df43f
476,rejected,unknown,Environmental health safety; not financial markets,"Environmental Health & Safety Specialist, Professional II",zebra.com,2 Locations,,https://zebra.wd501.myworkdayjobs.com/en-US/Zebra_careers/job/Flowery-Branch-Georgia/Environmental-Health---Safety-Specialist--Professional-II_JR102640,workday,zebra|wd501|Zebra_careers,/job/Flowery-Branch-Georgia/Environmental-Health---Safety-Specialist--Professional-II_JR102640
477,rejected,unknown,Manufacturing assembly technician; not financial markets,Electromechanical Assembly Technician,cantos.vc,Austin,Engineering,https://jobs.ashbyhq.com/resurgent-industries/506ce017-efbd-4e40-8eaf-724166733704,ashby,resurgent-industries,506ce017-efbd-4e40-8eaf-724166733704
478,rejected,student_intern,Network security student role; not financial markets,Werkstudent im Bereich   Netzwerktechnik  / Network Security (m/f/d),carrier.com,"Viessmann IT Service GmbH, Viessmannstraße 1, 35107 Allendorf (Eder), Germany",,https://carrier.wd5.myworkdayjobs.com/en-US/jobs/job/Viessmann-IT-Service-GmbH-Viessmannstrae-1-35107-Allendorf-Eder-Germany/Werkstudent-im-Bereich---Netzwerktechnik----Network-Security--m-f-d-_30208290,workday,carrier|wd5|jobs,/job/Viessmann-IT-Service-GmbH-Viessmannstrae-1-35107-Allendorf-Eder-Germany/Werkstudent-im-Bereich---Netzwerktechnik----Network-Security--m-f-d-_30208290
479,adjacent,unknown,Financial services Slack admin; banking IT ops not research,Slack Administrator,mariner.com,United States,Platform,https://jobs.ashbyhq.com/mariner-careers/5bcdc1de-3bbc-4f5a-9544-75b70af71cbe,ashby,mariner-careers,5bcdc1de-3bbc-4f5a-9544-75b70af71cbe
480,rejected,student_intern,Tax audit staff; not financial markets,August 2028 Tax Staff - Denver,herbein.com,Denver,,https://cbh.wd12.myworkdayjobs.com/en-US/CherryBekaertEarlyCareers/job/Denver/August-2028-Tax-Staff---Denver_JR100954,workday,cbh|wd12|CherryBekaertEarlyCareers,/job/Denver/August-2028-Tax-Staff---Denver_JR100954
481,rejected,unknown,Insurance procurement; not research,Procurement Specialist,priceforbes.com,"Ardonagh Specialty, London, United Kingdom",Ardonagh Specialty - Facilities,https://ardonaghspeciality.teamtailor.com/jobs/8168027-procurement-specialist,teamtailor,ardonaghspeciality,9330745a-9f30-4125-94d9-878f9d480366
482,rejected,student_intern,Tax audit staff; not financial markets,January 2027 Tax Staff - Coral Gables,herbein.com,"Coral Gables, FL",,https://cbh.wd12.myworkdayjobs.com/en-US/CherryBekaertEarlyCareers/job/Coral-Gables-FL/January-2027-Tax-Staff---Coral-Gables_JR100570-1,workday,cbh|wd12|CherryBekaertEarlyCareers,/job/Coral-Gables-FL/January-2027-Tax-Staff---Coral-Gables_JR100570-1
483,rejected,unknown,Jewelry retail piercing; not financial markets,Retail Store Associate,palmersquare.com,"Larchmont, NY",Retail Store Associates,https://jobs.lever.co/heyrowan/4c370c28-5cbb-415e-9581-d8f2dc1fab5d,lever,heyrowan,4c370c28-5cbb-415e-9581-d8f2dc1fab5d
484,adjacent,unknown,Wealth trust administration; banking ops not research,GCM Client Administrator IV,wilmingtontrust.com,"Costa Mesa, CA",,https://mtb.wd5.myworkdayjobs.com/en-US/WTExternal/job/Costa-Mesa-CA/GCM-Client-Administrator-IV_R89152,workday,mtb|wd5|WTExternal,/job/Costa-Mesa-CA/GCM-Client-Administrator-IV_R89152
485,adjacent,unknown,Bank customer service advisor; banking service not research,Client Advisor Generalist,swedbank.com,"Stockholm Region, Sundbyberg, Sweden",Customer service and advice,https://jobs.swedbank.com/jobs/27562-client-advisor-generalist,teamtailor,jobs.swedbank.com,fedfa1d9-c149-4fde-9602-fd1dc0cffac6
486,rejected,student_intern,Tax audit staff; not financial markets,January 2027 Tax Staff - Indianapolis,herbein.com,"Indianapolis, IN",,https://cbh.wd12.myworkdayjobs.com/en-US/CherryBekaertEarlyCareers/job/Indianapolis-IN/January-2027-Tax-Staff---Indianapolis_JR100923-1,workday,cbh|wd12|CherryBekaertEarlyCareers,/job/Indianapolis-IN/January-2027-Tax-Staff---Indianapolis_JR100923-1
487,adjacent,junior_0_2,Bank IT support; banking ops not research,IT Support Engineer,nordiska.se,"Stockholm, Sweden",Tech,https://career.nordiska.com/jobs/7965692-it-support-engineer,teamtailor,career.nordiska.com,966fe420-34c4-4fe8-9f14-956f00f5487c
488,adjacent,unknown,Fintech business/financial controller; ops not research,Business Controller,befrank.nl,Amsterdam,,https://nngroup.wd3.myworkdayjobs.com/en-US/WDExternal/job/Amsterdam/Business-Controller_REQ2707734,workday,nngroup|wd3|WDExternal,/job/Amsterdam/Business-Controller_REQ2707734
489,relevant,junior_0_2,Quant research for trading; signals and models at hedge fund,"Quantitative Researcher, PhD ",aquatic.com,Chicago; New York,Research,https://job-boards.greenhouse.io/aquaticcapitalmanagement/jobs/8387685002,greenhouse,aquaticcapitalmanagement,8387685002
490,adjacent,unknown,Investment bank technical analysis; trading/risk ambiguous,Technical Analyst,bbh.com,Jersey City,,https://bbh.wd5.myworkdayjobs.com/en-US/BBH/job/Jersey-City/Technical-Analyst_72279-1,workday,bbh|wd5|BBH,/job/Jersey-City/Technical-Analyst_72279-1
491,rejected,new_grad,Fintech GTM entry-level; sales not research,GTM Associate,meow.com,New York City,GTM,https://jobs.ashbyhq.com/meow/d6a23f3e-d568-4d6d-9eb6-1773b288e1aa,ashby,meow,d6a23f3e-d568-4d6d-9eb6-1773b288e1aa
492,rejected,unknown,Aircraft structural engineering; not financial markets,MRB / Liaison Engineer (Design & Stress),airbus.com,"Kinston, NC",,https://ag.wd3.myworkdayjobs.com/en-US/Airbus/job/Kinston-NC/MRB---Liaison-Engineer--Design---Stress-_JR10422016,workday,ag|wd3|Airbus,/job/Kinston-NC/MRB---Liaison-Engineer--Design---Stress-_JR10422016
493,rejected,senior_6_10,Health insurance platform; not financial markets,"Senior Software Engineer, Full Stack (Claims)",morpheus.com,Remote,Engineering,https://job-boards.greenhouse.io/sidecarhealth/jobs/5990177004,greenhouse,sidecarhealth,5990177004
494,rejected,unknown,Tech company strategy analytics; not financial markets,"Business Strategy, Analytics",samsung.com,"6625 Excellence Way, Plano, TX, USA",,https://sec.wd3.myworkdayjobs.com/en-US/Samsung_Careers/job/6625-Excellence-Way-Plano-TX-USA/Business-Strategy--Analytics_R117946,workday,sec|wd3|Samsung_Careers,/job/6625-Excellence-Way-Plano-TX-USA/Business-Strategy--Analytics_R117946
495,rejected,student_intern,Accounting audit internship; not financial markets,Assurance Intern (January 2027),bpm.com,"San Francisco, CA",Interns - Assurance,https://jobs.lever.co/bpmcpa/c46ea6a9-6899-4b32-961e-3e51b83b94f5,lever,bpmcpa,c46ea6a9-6899-4b32-961e-3e51b83b94f5
496,rejected,unknown,Aircraft manufacturing support; not financial markets,Technical Shop Floor Support,airbus.com,"Kinston, NC",,https://ag.wd3.myworkdayjobs.com/en-US/Airbus/job/Kinston-NC/Technical-Shop-Floor-Support_JR10419522,workday,ag|wd3|Airbus,/job/Kinston-NC/Technical-Shop-Floor-Support_JR10419522
497,rejected,unknown,Jewelry retail piercing; not financial markets,Sales Associate,palmersquare.com,"Long Beach, CA",Retail Store Associates,https://jobs.lever.co/heyrowan/4b1e85cd-b644-4193-b01b-3a190bb6c141,lever,heyrowan,4b1e85cd-b644-4193-b01b-3a190bb6c141
498,rejected,unknown,Insurance sales consultant; not financial markets,Sales Consultant Associate- Maryland,unum.com,"Columbia, Maryland, USA",,https://unum.wd1.myworkdayjobs.com/en-US/External/job/Columbia-Maryland-USA/Sales-Consultant-Associate--Maryland_835128,workday,unum|wd1|External,/job/Columbia-Maryland-USA/Sales-Consultant-Associate--Maryland_835128
499,rejected,unknown,Aviation warehouse logistics; not financial markets,Warehouse Clerk,jetsupport.com,"Erlanger, KY",Warehouse,https://jobs.lever.co/jetsupport/70c8166c-5c73-43e8-a288-906b8704e8aa,lever,jetsupport,70c8166c-5c73-43e8-a288-906b8704e8aa
500,adjacent,new_grad,Economics consulting; research-oriented but not market-specific,NERA Consultant (New PhD – 2027 Grads) (Multiple Locations),marshmma.com,3 Locations,,https://mmc.wd1.myworkdayjobs.com/en-US/MMC/job/New-York---1166/NERA-Consultant--New-PhD---2027-Grads---Multiple-Locations-_R_361863-2,workday,mmc|wd1|MMC,/job/New-York---1166/NERA-Consultant--New-PhD---2027-Grads---Multiple-Locations-_R_361863-2
501,relevant,student_intern,PhD requirement; reader has graduated,Quantic - PhD Quantitative Researcher Intern (Summer 2027),walleyecapital.com,"Boston, MA",Quantic,https://job-boards.greenhouse.io/walleyecapital-external-students/jobs/4679184006,greenhouse,walleyecapital-external-students,4679184006
502,rejected,unknown,Reporting/analytics at asset manager; not research,Product Reporting Analyst (Multi-Asset),wellington.com,2 Locations,,https://wellington.wd5.myworkdayjobs.com/en-US/External/job/Central-Singapore-Singapore/Product-Reporting-Analyst_R94586-1,workday,wellington|wd5|External,/job/Central-Singapore-Singapore/Product-Reporting-Analyst_R94586-1
503,rejected,junior_0_2,Sales/business development role,Business Development Representative (Strategic) - North America,theory.ventures,"San Francisco, CA",Marketing,https://jobs.ashbyhq.com/omni/94eb7870-a4d1-4c22-8ec0-f2be89b202d9,ashby,omni,94eb7870-a4d1-4c22-8ec0-f2be89b202d9
504,rejected,unknown,Carrier HVAC; not financial markets,Project Engineer,carrier.com,"Unit 901, 9/F, 8 Lam Chak Street, Kowloon Bay, Kowloon, Hong Kong",,https://carrier.wd5.myworkdayjobs.com/en-US/jobs/job/Unit-901-9F-8-Lam-Chak-Street-Kowloon-Bay-Kowloon-Hong-Kong/Project-Engineer_30215206,workday,carrier|wd5|jobs,/job/Unit-901-9F-8-Lam-Chak-Street-Kowloon-Bay-Kowloon-Hong-Kong/Project-Engineer_30215206
505,rejected,mid_3_5,Cybersecurity sales enterprise role,Enterprise Account Executive - South / TOLA,alphapartners.com,Texas - Remote,Sales,https://job-boards.greenhouse.io/chainguard/jobs/4702443006,greenhouse,chainguard,4702443006
506,rejected,unknown,Radio broadcasting; off-industry,Part Time Traffic & Weather Anchor,wheb.iheart.com,"Clearwater, FL: 13577 Feather Sound Dr, 6th Floor, 33762",,https://iheartmedia.wd5.myworkdayjobs.com/en-US/External_iHM/job/Clearwater-FL-13577-Feather-Sound-Dr-6th-Floor-33762/Part-Time-Traffic---Weather-Anchor_Req38401-3,workday,iheartmedia|wd5|External_iHM,/job/Clearwater-FL-13577-Feather-Sound-Dr-6th-Floor-33762/Part-Time-Traffic---Weather-Anchor_Req38401-3
507,rejected,junior_0_2,Construction management; off-industry,Construction Associate,griffisresidential.com,"Greenwood Village, Colorado, United States",Construction Management,https://griffisresidential.com/open-positions/?gh_jid=5080451008,greenhouse,griffisresidential,5080451008
508,rejected,unknown,Samsung equipment maintenance; off-market,Cleans  Equipment Engineer - Nights,samsung.com,"1530 FM 973 Taylor, TX, USA",,https://sec.wd3.myworkdayjobs.com/en-US/Samsung_Careers/job/1530-FM-973-Taylor-TX-USA/Cleans--Equipment-Engineer---Nights_R117839,workday,sec|wd3|Samsung_Careers,/job/1530-FM-973-Taylor-TX-USA/Cleans--Equipment-Engineer---Nights_R117839
509,rejected,unknown,Enterprise AI consulting; off-market,Forward Deployed Engineer,aifund.ai,"Mountain View, CA",AI Aspire,https://jobs.lever.co/AIFund/c5de2fed-fbe4-4ff2-97dc-3c4d79f471cc,lever,AIFund,c5de2fed-fbe4-4ff2-97dc-3c4d79f471cc
510,rejected,junior_0_2,Radio promotions; off-industry,Promotions Assistant,wheb.iheart.com,"Colorado Springs, CO: 5725 Mark Dabling Blvd, 80919",,https://iheartmedia.wd5.myworkdayjobs.com/en-US/External_iHM/job/Colorado-Springs-CO-5725-Mark-Dabling-Blvd-80919/Promotions-Assistant_Req35827-2,workday,iheartmedia|wd5|External_iHM,/job/Colorado-Springs-CO-5725-Mark-Dabling-Blvd-80919/Promotions-Assistant_Req35827-2
511,rejected,lead,Staff systems engineering; off-market,"Staff Software Engineer, Integrations Team ",cofounderscapital.com,"Remote, USA",Product & Technology,https://jobs.ashbyhq.com/second-nature/2b92ffd7-dd45-45db-8def-8b13d0281c36,ashby,second-nature,2b92ffd7-dd45-45db-8def-8b13d0281c36
512,rejected,unknown,Europcar rental; off-market,Support,europcar.com,,,https://europcar.wd103.myworkdayjobs.com/en-US/EuropcarCareerPage/job/Palma-de-Mallorca/Support_JR107966,workday,europcar|wd103|EuropcarCareerPage,/job/Palma-de-Mallorca/Support_JR107966
513,rejected,unknown,E-commerce food delivery; off-industry,Delivery Driver,insightpartners.com,"San Francisco, CA",Distribution,https://job-boards.greenhouse.io/misfitsmarket/jobs/5729370003,greenhouse,misfitsmarket,5729370003
514,adjacent,junior_0_2,Bank operations in Global Markets; not research,"Associate, Global Markets Documentation - Advisory and Contract Execution, Prime Brokerage Negotiation",td.com,"New York, New York",,https://td.wd3.myworkdayjobs.com/en-US/TD_Bank_Careers/job/New-York-New-York/Associate--Global-Markets-Documentation---Advisory-and-Contract-Execution--Prime-Brokerage-Negotiation_R_1489143,workday,td|wd3|TD_Bank_Careers,/job/New-York-New-York/Associate--Global-Markets-Documentation---Advisory-and-Contract-Execution--Prime-Brokerage-Negotiation_R_1489143
515,rejected,mid_3_5,Cybersecurity sales enterprise,"Mid-Enterprise Account Executive, SoCal",horizon3.ai,"US, Remote",Sales,https://jobs.ashbyhq.com/horizon3ai/166486e0-48fe-4a9d-ab1c-8dd976f5e05e,ashby,horizon3ai,166486e0-48fe-4a9d-ab1c-8dd976f5e05e
516,rejected,junior_0_2,Radio promotions; off-industry,Promotion Events Support,wheb.iheart.com,"Atlanta, GA: 1255 Makers Way, Suite A, 30318",,https://iheartmedia.wd5.myworkdayjobs.com/en-US/External_iHM/job/Atlanta-GA-1255-Makers-Way-Suite-A-30318/Promotion-Events-Support_Req37786-5,workday,iheartmedia|wd5|External_iHM,/job/Atlanta-GA-1255-Makers-Way-Suite-A-30318/Promotion-Events-Support_Req37786-5
517,rejected,junior_0_2,Growth marketing platform engineering; off-market,"Software Engineer, Backend (Product)",clay.com,New York,Engineering,https://jobs.ashbyhq.com/claylabs/9aeacdb4-2364-40b8-935e-c561af931b5a,ashby,claylabs,9aeacdb4-2364-40b8-935e-c561af931b5a
518,rejected,mid_3_5,Airbus aerospace engineering,Cabin Retrofit Solutions Engineer II,airbus.com,"Mobile Area, AL",,https://ag.wd3.myworkdayjobs.com/en-US/Airbus/job/Mobile-Area-AL/Cabin-Retrofit-Solutions-Engineer-II_JR10429861,workday,ag|wd3|Airbus,/job/Mobile-Area-AL/Cabin-Retrofit-Solutions-Engineer-II_JR10429861
519,rejected,junior_0_2,Autonomous vehicle hardware; off-market,Engineering Technician,firstminute.capital,London,Hardware & Supply Chain,https://wayve.firststage.co/jobs?gh_jid=8600235002,greenhouse,wayve,8600235002
520,rejected,student_intern,Audit internship for 2028 graduate,August 2028 Audit Staff - Tampa,herbein.com,"Tampa, FL",,https://cbh.wd12.myworkdayjobs.com/en-US/CherryBekaertEarlyCareers/job/Tampa-FL/August-2028-Audit-Staff---Tampa_JR101034,workday,cbh|wd12|CherryBekaertEarlyCareers,/job/Tampa-FL/August-2028-Audit-Staff---Tampa_JR101034
521,rejected,junior_0_2,Retirement benefits processing; off-market,401k Benefits Processing Associate,humaninterest.com,"United States, Remote",Customer Success and Operations,https://job-boards.greenhouse.io/humaninterest/jobs/8115098,greenhouse,humaninterest,8115098
522,adjacent,mid_3_5,Retail broker role; unclear scope,Private Markets Specialist,cmcmarkets.com,London,,https://cmcmarkets.wd3.myworkdayjobs.com/en-US/CMC_Markets_Careers/job/London/Private-Markets-Specialist_CMC4653,workday,cmcmarkets|wd3|CMC_Markets_Careers,/job/London/Private-Markets-Specialist_CMC4653
523,rejected,mid_3_5,SaaS analytics enterprise sales; off-market,Mid-Market Account Executive ,theory.ventures,"San Francisco, CA",Sales,https://jobs.ashbyhq.com/omni/e9fabee1-1634-4922-b2ad-30adcc9e44d4,ashby,omni,e9fabee1-1634-4922-b2ad-30adcc9e44d4
524,rejected,unknown,Data center consulting; off-market,データセンター関連プロジェクト支援コンサルタント / Data Center Project Support Consultant,erm.com,2 Locations,,https://erm.wd3.myworkdayjobs.com/en-US/ERM_Careers/job/Tokyo-Japan/---Data-Center-Project-Support-Consultant_R00029094-2,workday,erm|wd3|ERM_Careers,/job/Tokyo-Japan/---Data-Center-Project-Support-Consultant_R00029094-2
525,rejected,unknown,Aerospace CNC manufacturing; off-market,Zerspanungsmechaniker / CNC-Fräser / CNC-Dreher (m/w/d),earlybird.com,"Parsdorf, Bavaria, Germany","Production, Operations & Quality",https://job-boards.eu.greenhouse.io/isaraerospace/jobs/4896442101,greenhouse,isaraerospace,4896442101
526,rejected,student_intern,Tax internship for 2027 graduate,2027 International Tax Services Intern,pmreia.com,18 Locations,,https://plantemoran.wd1.myworkdayjobs.com/en-US/pmexternalcareers/job/Chicago-Riverside-Plaza/XMLNAME-2027-International-Tax-Services-Intern_JR-00432,workday,plantemoran|wd1|pmexternalcareers,/job/Chicago-Riverside-Plaza/XMLNAME-2027-International-Tax-Services-Intern_JR-00432
527,rejected,mid_3_5,Workforce eligibility specialist; off-industry,"Eligibility Specialist - Plano, TX",mainstcapital.com,"Plano, TX",Workforce Services,https://job-boards.greenhouse.io/careerteam/jobs/4651585005,greenhouse,careerteam,4651585005
528,rejected,unknown,Event ticketing; off-industry,Box Office/Ticket Seller- Punch Line Houston,universe.com,"Houston, TX, USA",,https://livenation.wd503.myworkdayjobs.com/en-US/LNExternalSite/job/Houston-TX-USA/Box-Office-Ticket-Seller--Punch-Line-Houston_JR-71179-3,workday,livenation|wd503|LNExternalSite,/job/Houston-TX-USA/Box-Office-Ticket-Seller--Punch-Line-Houston_JR-71179-3
529,rejected,mid_3_5,Dental alliance member services; off-market,Member Engagement Specialist - ELITE Dental Alliance,cainwatters.com,"Frisco, United States",ELITE Dental Alliance,https://cainwattersassociates.recruitee.com/o/member-engagement-specialist-elite-dental-alliance-1,recruitee,cainwattersassociates,2390849
530,rejected,student_intern,Growth investment internship; not quant markets,"Growth Investment Intern (m/w/d) | January 1 - March 31, 2027",armira.de,Munich,Investment,https://armira-beteiligungen-gmbh-co-kg.jobs.personio.de/job/2573591,personio,armira-beteiligungen-gmbh-co-kg,2573591
531,rejected,junior_0_2,Telecom B2B sales; off-market,Sales Development Representative,cm.com,"Volkach, Germany",Global Hubs,https://jobs.cm.com/o/sdr-live-engage,recruitee,cmcom,2443412
532,rejected,unknown,Carrier manufacturing; off-market,Fertigungsmitarbeiter (m/w/d),carrier.com,"Viessmann Kraft-Wärme-Kopplung GmbH, Emmy-Noether-Str. 3, 86899 Landsberg am Lech, Germany",,https://carrier.wd5.myworkdayjobs.com/en-US/jobs/job/Viessmann-Kraft-Wrme-Kopplung-GmbH-Emmy-Noether-Str-3-86899-Landsberg-am-Lech-Germany/Fertigungsmitarbeiter--m-w-d-_30208977,workday,carrier|wd5|jobs,/job/Viessmann-Kraft-Wrme-Kopplung-GmbH-Emmy-Noether-Str-3-86899-Landsberg-am-Lech-Germany/Fertigungsmitarbeiter--m-w-d-_30208977
533,rejected,junior_0_2,Pharma lab technician; off-market,Biologielaborant (m/w/d) pharmazeutische Qualitätskontrolle,simtra.com,"Halle, North Rhine-Westphalia, Germany",Quality & Regulatory,https://job-boards.greenhouse.io/simtrabps/jobs/5105983007,greenhouse,simtrabps,5105983007
534,rejected,mid_3_5,Electronics manufacturing; off-market,Production Specialistw,flex.com,"USA, TX, Austin",,https://flextronics.wd1.myworkdayjobs.com/en-US/Careers/job/USA-TX-Austin/Production-Specialistw_WD225879,workday,flextronics|wd1|Careers,/job/USA-TX-Austin/Production-Specialistw_WD225879
535,rejected,senior_6_10,Healthcare security engineering; off-market,Senior Application Security Engineer II,rre.com,Remote,Technology,https://job-boards.greenhouse.io/springhealth66/jobs/4715700005,greenhouse,springhealth66,4715700005
536,rejected,senior_6_10,Asset manager compensation; off-research,Sr Compensation Analyst,wellington.com,"Boston, MA, United States",,https://wellington.wd5.myworkdayjobs.com/en-US/External/job/Boston-MA-United-States/Sr-Compensation-Analyst_R94205-1,workday,wellington|wd5|External,/job/Boston-MA-United-States/Sr-Compensation-Analyst_R94205-1
537,rejected,junior_0_2,Package delivery logistics; off-industry,Warehouse Associate / Driver Hybrid - 1184,tandeminvest.com,"Tempe, AZ - PHX1",Operations,https://jobs.lever.co/fetchpackage/603693f8-d241-4d7b-b9cb-62dc20f775df,lever,fetchpackage,603693f8-d241-4d7b-b9cb-62dc20f775df
538,rejected,unknown,Clothing retail; off-industry,Retail Associate,columbia.com,"Lincoln City, Oregon, United States of America",,https://columbiasportswearcompany.wd5.myworkdayjobs.com/en-US/CSC_Careers/job/Lincoln-City-Oregon-United-States-of-America/Retail-Associate_R-025995-3,workday,columbiasportswearcompany|wd5|CSC_Careers,/job/Lincoln-City-Oregon-United-States-of-America/Retail-Associate_R-025995-3
539,rejected,lead,Fintech legal counsel; off-research,Regulatory Counsel,taptapsend.com,Singapore,Legal,https://jobs.ashbyhq.com/TaptapSend/0c65b8ca-14ce-44a4-bbe1-2f3ced781037,ashby,TaptapSend,0c65b8ca-14ce-44a4-bbe1-2f3ced781037
540,rejected,junior_0_2,Software UI design; off-market,WalkMe Design Associate,greystar.com,"Remote, United States",,https://greystar.wd1.myworkdayjobs.com/en-US/External/job/Remote-United-States/WalkMe-Design-Associate_R0196681,workday,greystar|wd1|External,/job/Remote-United-States/WalkMe-Design-Associate_R0196681
541,rejected,junior_0_2,Fintech security/risk ops; off-research,"Security Analyst, Third-Party Ecosystem Risk Management",plaid.com,New York City Office,All Departments,https://jobs.ashbyhq.com/plaid/94752cfc-4a62-48c9-bcc0-e5f7f1905be6,ashby,plaid,94752cfc-4a62-48c9-bcc0-e5f7f1905be6
542,rejected,junior_0_2,Bank retail operations part-time,"Associate Banker II (US) - 20 hrs - South Boston, MA - Bilingual Haitian Creole or Hindi Preferred",td.com,"Boston, Massachusetts",,https://td.wd3.myworkdayjobs.com/en-US/TD_Bank_Careers/job/Boston-Massachusetts/Banking-Associate--US----20-hrs---South-Boston--MA---Bilingual-Haitian-Creole-or-Hindi-Preferred_R_1502713,workday,td|wd3|TD_Bank_Careers,/job/Boston-Massachusetts/Banking-Associate--US----20-hrs---South-Boston--MA---Bilingual-Haitian-Creole-or-Hindi-Preferred_R_1502713
543,rejected,junior_0_2,Crypto data center; explicitly excluded,Site Development Associate – Data Center Development,galaxy.com,"Lubbock, Texas (REMOTE)",Data Centers,https://job-boards.greenhouse.io/galaxydigitalservices/jobs/6134686004,greenhouse,galaxydigitalservices,6134686004
544,rejected,mid_3_5,Insurance benefits; off-market,Retirement Consultant,marshmma.com,3 Locations,,https://mmc.wd1.myworkdayjobs.com/en-US/MMC/job/Boston---Huntington/Retirement-Consultant_R_361194,workday,mmc|wd1|MMC,/job/Boston---Huntington/Retirement-Consultant_R_361194
545,adjacent,junior_0_2,Energy markets ops automation; not research,Operations & Automation Engineer – Renewable Energy,aenu.com,Berlin HQ,Business Operations,https://jobs.ashbyhq.com/trawa/0bad5ca2-95a8-4f5a-8a37-cd7892f97bd7,ashby,trawa,0bad5ca2-95a8-4f5a-8a37-cd7892f97bd7
546,rejected,mid_3_5,Bank customer service; off-research,"Banking Advisor - Markham, North York, Scarborough- Bilingual (Mandarin/Cantonese/Filipino)",rbcbluebay.com,2 Locations,,https://rbc.wd3.myworkdayjobs.com/en-US/RBCGLOBAL1/job/TORONTO-Ontario-Canada/Banking-Advisor---Markham--North-York--Scarborough--Bilingual--Mandarin-Cantonese-Filipino-_R-0000176073,workday,rbc|wd3|RBCGLOBAL1,/job/TORONTO-Ontario-Canada/Banking-Advisor---Markham--North-York--Scarborough--Bilingual--Mandarin-Cantonese-Filipino-_R-0000176073
547,rejected,student_intern,Wealth advisory internship; explicitly excluded,"Intern, Financial Planning",atlanticwp.com,"Nashville, TN",Internship Program,https://jobs.ashbyhq.com/mariner-careers/bf2d9440-78c8-4f9e-903c-7602c5cd5610,ashby,mariner-careers,bf2d9440-78c8-4f9e-903c-7602c5cd5610
548,rejected,mid_3_5,Carrier facilities; off-market,Utilities Specialist,carrier.com,"CAN03: Carrier-Charlotte, 9701 Old Statesville Road, Charlotte, NC, 28269 USA",,https://carrier.wd5.myworkdayjobs.com/en-US/jobs/job/CAN03-Carrier-Charlotte-9701-Old-Statesville-Road-Charlotte-NC-28269-USA/Utilities-Specialist_30209561,workday,carrier|wd5|jobs,/job/CAN03-Carrier-Charlotte-9701-Old-Statesville-Road-Charlotte-NC-28269-USA/Utilities-Specialist_30209561
549,rejected,senior_6_10,Corporate identity systems; off-market,Microsoft IAM Engineer,buoyant.vc,,Corporate,https://apply.workable.com/j/C09AE7A22E,workable,resource-innovations,C09AE7A22E
550,rejected,junior_0_2,Private wealth advisory; explicitly excluded,"Private Wealth, Sales Service Associate",blueowl.com,"New York City, NY",,https://blueowl.wd1.myworkdayjobs.com/en-US/blueowl/job/New-York-City-NY/Private-Wealth--Sales-Service-Associate_R-101918,workday,blueowl|wd1|blueowl,/job/New-York-City-NY/Private-Wealth--Sales-Service-Associate_R-101918
551,rejected,junior_0_2,Technology investment banking M&A; off-research,Investment Banking Associate,gpbullhound.com,"Stockholm, Sweden",Investment Banking,https://gpbullhound.recruitee.com/o/investment-banking-associate-4,recruitee,gpbullhound,647719
552,rejected,student_intern,Oil/gas engineering internship,"Intern, Engineering 2027",conocophillips.com,5 Locations,,https://conocophillips.wd1.myworkdayjobs.com/en-US/External/job/Kenedy-TX/Intern--Engineering-2027_REQ-006228,workday,conocophillips|wd1|External,/job/Kenedy-TX/Intern--Engineering-2027_REQ-006228
553,rejected,unknown,Retail jewelry; off-industry,Retail Store Associate,palmersquare.com,"Orlando, FL",Retail Store Associates,https://jobs.lever.co/heyrowan/f8608cf6-d2c8-4e4d-ad9b-ec2ecdd6d2ee,lever,heyrowan,f8608cf6-d2c8-4e4d-ad9b-ec2ecdd6d2ee
554,rejected,junior_0_2,Life insurance product analysis; excluded,Case Design Life Insurance Illustrations Analyst,pacificlife.com,2 Locations,,https://pacificlife.wd1.myworkdayjobs.com/en-US/PacificLifeCareers/job/Newport-Beach-CA-700/Case-Design-Analyst_R17115,workday,pacificlife|wd1|PacificLifeCareers,/job/Newport-Beach-CA-700/Case-Design-Analyst_R17115
555,rejected,junior_0_2,Payments fintech engineering; off-market,Software Engineer - Web & App (Fullstack),qliro.com,"Qliro - Stockholm, Stockholm, Sweden",Product & Tech,https://career.qliro.com/jobs/8064828-software-engineer-web-app-fullstack,teamtailor,career.qliro.com,4f40d091-4970-4863-8ecd-640f3df3038d
556,rejected,unknown,Event venue security; off-industry,Security - Vibrant Music Hall,universe.com,"Waukee, IA, USA",,https://livenation.wd503.myworkdayjobs.com/en-US/LNExternalSite/job/Waukee-IA-USA/Security---Vibrant-Music-Hall_JR-82990-2,workday,livenation|wd503|LNExternalSite,/job/Waukee-IA-USA/Security---Vibrant-Music-Hall_JR-82990-2
557,rejected,student_intern,Infrastructure investing internship; off-market,"Intern, Infrastructure",esr.com,,SEA - Singapore,https://apply.workable.com/j/D615037A62,workable,esr-group,D615037A62
558,rejected,junior_0_2,Real estate M&A advisory; off-market,"M&A, Real Estate Associate (London, UK)",alantra.com,UK - London,,https://alantra.wd3.myworkdayjobs.com/en-US/Alantra/job/UK---London/M-A--Real-Estate-VP--London--UK-_JR267,workday,alantra|wd3|Alantra,/job/UK---London/M-A--Real-Estate-VP--London--UK-_JR267
559,rejected,junior_0_2,Healthcare software sales; off-market,Sales Development Representative,transformcap.com,United States - Remote,SDR,https://job-boards.greenhouse.io/tebra/jobs/4719577005,greenhouse,tebra,4719577005
560,rejected,unknown,Event venue operations; off-industry,Venue Sustainability - SPAC,universe.com,"Saratoga Springs, NY, USA",,https://livenation.wd503.myworkdayjobs.com/en-US/LNExternalSite/job/Saratoga-Springs-NY-USA/Venue-Sustainability---SPAC_JR-88584-1,workday,livenation|wd503|LNExternalSite,/job/Saratoga-Springs-NY-USA/Venue-Sustainability---SPAC_JR-88584-1
561,rejected,mid_3_5,Apparel supply chain; off-market,Inventory Planner,canterbury.com,"Long Beach, California, Long Beach, United States",,https://careers.pentland.com/jobs/8170512-inventory-planner,teamtailor,pentlandbrandsuk,13f67186-6c8b-477c-b547-822ee246f3f7
562,rejected,lead,Aerospace systems architecture,[DDMS] Functional Architect Detailed Design  (m/f),airbus.com,2 Locations,,https://ag.wd3.myworkdayjobs.com/en-US/Airbus/job/Marseille-Area/XMLNAME--DDMS--Functional-Architect-Detailed-Design---m-f-_JR10413587-1,workday,ag|wd3|Airbus,/job/Marseille-Area/XMLNAME--DDMS--Functional-Architect-Detailed-Design---m-f-_JR10413587-1
563,rejected,senior_6_10,Quantum computing; off-markets,Senior EDA/CAD Engineer,blackbird.vc,"Palo Alto, California, United States",Engineering,https://www.psiquantum.com/apply?gh_jid=7695548003,greenhouse,psiquantum,7695548003
564,adjacent,junior_0_2,Exchange CDS risk; potential quant but ops-heavy,CDSClear Risk Analyst,lseg.com,"London, United Kingdom",,https://lseg.wd3.myworkdayjobs.com/en-US/Careers/job/London-United-Kingdom/CDSClear-Quantitative-Strategist_R0114408-1,workday,lseg|wd3|Careers,/job/London-United-Kingdom/CDSClear-Quantitative-Strategist_R0114408-1
565,rejected,mid_3_5,Workforce platform DevOps; off-market,DevOps Engineer,mainstcapital.com,"Denver, Colorado, United States",Career Edge,https://job-boards.greenhouse.io/careerteam/jobs/4711767005,greenhouse,careerteam,4711767005
566,rejected,junior_0_2,Bank retail operations,"Associate Banker II - Wellesley, MA",td.com,"Wellesley, Massachusetts",,https://td.wd3.myworkdayjobs.com/en-US/TD_Bank_Careers/job/Wellesley-Massachusetts/Banking-Associate---Wellesley--MA_R_1488944,workday,td|wd3|TD_Bank_Careers,/job/Wellesley-Massachusetts/Banking-Associate---Wellesley--MA_R_1488944
567,rejected,junior_0_2,Magazine subscription sales; off-industry,"Sales & Retention Assistant, Magazine Subscriptions",futureplc.com,,B2C,https://apply.workable.com/j/FD46839751,workable,futureplc,FD46839751
568,rejected,new_grad,Life sciences credit analyst program; off-market,"2027 Analyst, Liquid Structured Credit",baincapitallifesciences.com,Boston,,https://baincapital.wd1.myworkdayjobs.com/en-US/External_Public/job/Boston/XMLNAME-2027-Analyst--Liquid-Structured-Credit_REQ_108333,workday,baincapital|wd1|External_Public,/job/Boston/XMLNAME-2027-Analyst--Liquid-Structured-Credit_REQ_108333
569,rejected,senior_6_10,Occupational therapy healthcare; off-market,Contracted In-Home Occupational Therapist,primary.vc,"Cleveland Heights, OH",Occupational Therapy,https://job-boards.greenhouse.io/jukeboxhealth/jobs/4277779009,greenhouse,jukeboxhealth,4277779009
570,rejected,junior_0_2,Corporate IT support; off-market,IT Onsite Support Specialist,essity.com,"Dover, DE",,https://essity.wd3.myworkdayjobs.com/en-US/Job_opportunities/job/Dover-DE/IT-Onsite-Support-Specialist_Essity261750,workday,essity|wd3|Job_opportunities,/job/Dover-DE/IT-Onsite-Support-Specialist_Essity261750
571,rejected,mid_3_5,Debt management fintech SQL; off-market,Systemutvecklare / Teknisk Systemspecialist med fokus på SQL,b2-impact.com,,IT,https://careers.b2-impact.se/jobs/8161730-systemutvecklare-teknisk-systemspecialist-med-fokus-pa-sql,teamtailor,careers.b2-impact.com,37eefe42-5c91-4ed9-a12d-9d89607c6963
572,rejected,mid_3_5,Asset manager client operations; off-research,Account Relationship Consultant,mandg.com,2 Locations,,https://mgpru.wd3.myworkdayjobs.com/en-US/mandgprudential/job/Edinburgh/Account-Relationship-Consultant_R19602,workday,mgpru|wd3|mandgprudential,/job/Edinburgh/Account-Relationship-Consultant_R19602
573,rejected,senior_6_10,Hardware product design; off-market,Senior Product Design Engineer,s2ginvestments.com,"San Bruno, California",Hardware,https://job-boards.greenhouse.io/mill/jobs/4692901005,greenhouse,Mill,4692901005
574,rejected,junior_0_2,Manufacturing support; off-market,Production Support Engineer,flex.com,"USA, SC, Columbia",,https://flextronics.wd1.myworkdayjobs.com/en-US/Careers/job/USA-SC-Columbia/Production-Support-Engineer_WD225244,workday,flextronics|wd1|Careers,/job/USA-SC-Columbia/Production-Support-Engineer_WD225244
575,rejected,mid_3_5,Corporate fleet operations; off-market,Sachbearbeiter - Fuhrpark & Behördenmanagement (m/w/d),finn.com,Germany,Fleet Operations,https://jobs.lever.co/finn/9fce8ac6-c078-4dc2-8a60-8944d8728a5b,lever,finn,9fce8ac6-c078-4dc2-8a60-8944d8728a5b
576,rejected,junior_0_2,Manufacturing AI QA; off-market,AI Quality Analyst,zebra.com,"Lincolnshire, Illinois",,https://zebra.wd501.myworkdayjobs.com/en-US/Zebra_careers/job/Lincolnshire-Illinois/AI-Quality-Analyst_JR102189,workday,zebra|wd501|Zebra_careers,/job/Lincolnshire-Illinois/AI-Quality-Analyst_JR102189
577,rejected,senior_6_10,Nuclear reactor design; off-market,Senior Mechanical Design Engineer - Cover Gas Systems,reveillevc.com,Los Angeles,Reactor Hardware Engineering,https://jobs.ashbyhq.com/Antares/ea3ca392-b52e-434d-8e5f-74816fc899b6,ashby,Antares,ea3ca392-b52e-434d-8e5f-74816fc899b6
578,rejected,mid_3_5,Facilities technology systems; off-market,BMS/OT Technology Support Specialist,jll.com,5 Locations,,https://jll.wd1.myworkdayjobs.com/en-US/jllcareers/job/Charlotte-NC/BMS-OT-Technology-Support-Specialist_REQ526673,workday,jll|wd1|jllcareers,/job/Charlotte-NC/BMS-OT-Technology-Support-Specialist_REQ526673
579,rejected,senior_6_10,Enterprise software consulting; off-market,"Senior Enterprise Solution Architect, Federal",dawncapital.com,"Fayetteville, North Carolina, USA",Customer Solutions and Services,https://www.collibra.com/us/en/company/careers/job-listing/?gh_jid=8122562,greenhouse,collibra,8122562
580,rejected,junior_0_2,Environmental consulting; off-market,Consulting Associate/Consultor Associado (Licenciamento ambiental - Meio Físico),erm.com,2 Locations,,https://erm.wd3.myworkdayjobs.com/en-US/ERM_Careers/job/Sao-Paulo-Brazil/Consulting-Associate-Consultor-Associado--Licenciamento-ambiental---Meio-Fsico-_R00030826,workday,erm|wd3|ERM_Careers,/job/Sao-Paulo-Brazil/Consulting-Associate-Consultor-Associado--Licenciamento-ambiental---Meio-Fsico-_R00030826
581,adjacent,student_intern,Brokerage compliance internship; ops-focused,Legal & Compliance Intern,afsgroup.nl,"Amsterdam, Netherlands",Legal & Compliance | AFS Group,https://afsgroup.recruitee.com/o/legal-compliance-intern,recruitee,afsgroup,2700008
582,rejected,unknown,Utilities field operations; off-market,Utility Agent (Field Based),erm.com,2 Locations,,https://erm.wd3.myworkdayjobs.com/en-US/ERM_Careers/job/Atlanta-Georgia/Utility-Agent--Field-Based-_R00027633,workday,erm|wd3|ERM_Careers,/job/Atlanta-Georgia/Utility-Agent--Field-Based-_R00027633
583,rejected,junior_0_2,Aerospace launch systems; off-market,Application Software Engineer (f/m/d),earlybird.com,"Ottobrunn, Bavaria, Germany",Ground Systems,https://job-boards.eu.greenhouse.io/isaraerospace/jobs/4950930101,greenhouse,isaraerospace,4950930101
584,rejected,junior_0_2,Manufacturing quality; off-market,Quality Documentation Specialist,flex.com,"USA, SC, Columbia",,https://flextronics.wd1.myworkdayjobs.com/en-US/Careers/job/USA-SC-Columbia/Quality-Documentation-Specialist_WD223331-1,workday,flextronics|wd1|Careers,/job/USA-SC-Columbia/Quality-Documentation-Specialist_WD223331-1
585,rejected,junior_0_2,Autonomous vehicle analytics; off-market,"Data Analyst, Security Analytics",firstminute.capital,London,Security & Resilience,https://wayve.firststage.co/jobs?gh_jid=8716080002,greenhouse,wayve,8716080002
586,rejected,junior_0_2,Manufacturing engineering; off-market,Mechanical Design Engineer,flex.com,"USA, TX, Austin",,https://flextronics.wd1.myworkdayjobs.com/en-US/Careers/job/USA-TX-Austin/Mechanical-Design-Engineer_WD222151,workday,flextronics|wd1|Careers,/job/USA-TX-Austin/Mechanical-Design-Engineer_WD222151
587,rejected,junior_0_2,SME accounting software design; off-market,Product Designer - Germany (m/w/d) ,pennylane.com,Germany (remote),Product,https://jobs.ashbyhq.com/pennylane/0c36dac8-2482-47d1-940a-883ad394a737,ashby,pennylane,0c36dac8-2482-47d1-940a-883ad394a737
588,rejected,mid_3_5,Logistics forwarding; off-market,"Forwarding Account Representative - Hybrid in Dallas, Texas",motorolasolutions.com,"Dallas, TX (TX143)",,https://motorolasolutions.wd5.myworkdayjobs.com/en-US/Careers/job/Dallas-TX-TX143/Forwarding-Account-Representative---Dallas-Office_R67291,workday,motorolasolutions|wd5|Careers,/job/Dallas-TX-TX143/Forwarding-Account-Representative---Dallas-Office_R67291
589,rejected,junior_0_2,Cybersecurity software sales; off-market,Sales Specialist - Upsell,aura.com,Remote USA,Inside Sales,https://job-boards.greenhouse.io/aura798/jobs/6135470004,greenhouse,aura798,6135470004
590,rejected,junior_0_2,Insurance operations support; off-market,Support Specialist:  FI,markel.com,4 Locations,,https://markelcorp.wd5.myworkdayjobs.com/en-US/GlobalCareers/job/Scottsdale-AZ/Support-Specialist---FI_R0023014,workday,markelcorp|wd5|GlobalCareers,/job/Scottsdale-AZ/Support-Specialist---FI_R0023014
591,adjacent,junior_0_2,Private credit analysis; quantitative but off-markets,"Associate, Credit Analysis",cimgroup.com,"Chicago, IL",(OFS) Trnsctn/Portfolio,https://jobs.lever.co/cimgroup/52f67f50-dc18-463f-b27e-8f3596b4572b,lever,cimgroup,52f67f50-dc18-463f-b27e-8f3596b4572b
592,rejected,junior_0_2,Environmental consulting data; off-market,"Consultant, Data Management (data migration, verification, EQuIS, SQL)",erm.com,2 Locations,,https://erm.wd3.myworkdayjobs.com/en-US/ERM_Careers/job/New-Delhi-India/Consultant--Data-Management--data-migration--verification--EQuIS--SQL-_R00031078-1,workday,erm|wd3|ERM_Careers,/job/New-Delhi-India/Consultant--Data-Management--data-migration--verification--EQuIS--SQL-_R00031078-1
593,rejected,senior_6_10,Autonomous vehicle AI; off-market,Senior Machine Learning Engineer - LLM Quantization & Deployment,xpeng.com,"Santa Clara, CA",AI Infrastructure Team,https://job-boards.greenhouse.io/xpengmotors/jobs/8710019002,greenhouse,xpengmotors,8710019002
594,rejected,mid_3_5,Corporate financial planning; off-market,Contrôleur de gestion commercial,europcar.com,,,https://europcar.wd103.myworkdayjobs.com/en-US/EuropcarCareerPage/job/Paris/Contrleur-de-gestion-commercial_JR108164,workday,europcar|wd103|EuropcarCareerPage,/job/Paris/Contrleur-de-gestion-commercial_JR108164
595,rejected,unknown,Precision manufacturing; off-market,Machinist - ID/OD Grinding,maxcessintl.com,"Melrose Park, Illinois, United States",Grinding,https://job-boards.greenhouse.io/maxcessinternational/jobs/4749832008,greenhouse,maxcessinternational,4749832008
596,rejected,student_intern,Audit internship for 2028,Summer 2028 Audit Intern - Austin,herbein.com,"Austin, TX",,https://cbh.wd12.myworkdayjobs.com/en-US/CherryBekaertEarlyCareers/job/Austin-TX/Summer-2028-Audit-Intern---Austin_JR101047,workday,cbh|wd12|CherryBekaertEarlyCareers,/job/Austin-TX/Summer-2028-Audit-Intern---Austin_JR101047
597,rejected,senior_6_10,Autonomous vehicle robotics; off-market,Senior Reinforcement Learning Engineer - Robotics,xpeng.com,"Santa Clara, CA",Robotics Center,https://job-boards.greenhouse.io/xpengmotors/jobs/8657382002,greenhouse,xpengmotors,8657382002
598,rejected,mid_3_5,Insurance sales producer; off-market,"Insurance Producer, Business Insurance",marshmma.com,5 Locations,,https://mmc.wd1.myworkdayjobs.com/en-US/MMC/job/Clearwater---Starcrest/Insurance-Producer--Business-Insurance_R_337387,workday,mmc|wd1|MMC,/job/Clearwater---Starcrest/Insurance-Producer--Business-Insurance_R_337387
599,rejected,junior_0_2,Retirement benefits operations; off-market,Financial Advisor Operations Specialist,humaninterest.com,"United States, Remote",Revenue,https://job-boards.greenhouse.io/humaninterest/jobs/8094891,greenhouse,humaninterest,8094891
600,rejected,unknown,Manufacturing production shift; off-market,Production Specialist - Night Shift,flex.com,"USA, IL, Buffalo Grove",,https://flextronics.wd1.myworkdayjobs.com/en-US/Careers/job/USA-IL-Buffalo-Grove/Production-Specialist---Night-Shift_WD227244,workday,flextronics|wd1|Careers,/job/USA-IL-Buffalo-Grove/Production-Specialist---Night-Shift_WD227244
601,rejected,unknown,AI sales engineer for AR platform; not financial markets,AI Sales Engineer,joinastor.com,New York City,Engineering,https://jobs.ashbyhq.com/monk/c1bc46e8-ba03-46e6-a976-9ce4bd338473,ashby,monk,c1bc46e8-ba03-46e6-a976-9ce4bd338473
602,rejected,unknown,TD banking role; no description provided,Premier Banker- Bensonhurst,td.com,"Brooklyn, New York",,https://td.wd3.myworkdayjobs.com/en-US/TD_Bank_Careers/job/Brooklyn-New-York/Premier-Banker--Bensonhurst_R_1494131,workday,td|wd3|TD_Bank_Careers,/job/Brooklyn-New-York/Premier-Banker--Bensonhurst_R_1494131
603,rejected,unknown,Quality control at fashion retailer; not financial markets,"Quality Control Specialist, Embroidery",basisset.com,"Santa Fe Springs, CA",Operations,https://job-boards.greenhouse.io/quince/jobs/5302758008,greenhouse,quince,5302758008
604,rejected,mid_3_5,Tax accounting; outside quantitative finance,Experienced Associate- Sales/Use Tax,bakertilly.com,5 Locations,,https://bakertilly.wd5.myworkdayjobs.com/en-US/BTCareers/job/USA-TX-Fort-Worth/Experienced-Associate--Sales-Use-Tax_JR104969,workday,bakertilly|wd5|BTCareers,/job/USA-TX-Fort-Worth/Experienced-Associate--Sales-Use-Tax_JR104969
605,rejected,junior_0_2,Mental health customer success; not financial markets,Customer Success Associate,rre.com,Remote,Sales,https://job-boards.greenhouse.io/springhealth66/jobs/4721781005,greenhouse,springhealth66,4721781005
606,rejected,unknown,ML at Samsung consumer electronics; not financial markets,Machine Learning Engineer,samsung.com,"1530 FM 973 Taylor, TX, USA",,https://sec.wd3.myworkdayjobs.com/en-US/Samsung_Careers/job/1530-FM-973-Taylor-TX-USA/Machine-Learning-Engineer_R119311,workday,sec|wd3|Samsung_Careers,/job/1530-FM-973-Taylor-TX-USA/Machine-Learning-Engineer_R119311
607,rejected,senior_6_10,Cybersecurity software engineer; not financial markets,Senior Software Engineer - Endpoint Services Portal (Ruby/Rails),forgepointcap.com,United States of America,Platform Engineering,https://job-boards.greenhouse.io/huntress/jobs/7747244003,greenhouse,huntress,7747244003
608,rejected,unknown,Risk at wealth advisor; wealth advisory excluded,Risk Management Analyst,wintrustwealth.com,"Northbrook, IL",,https://wintrust.wd1.myworkdayjobs.com/en-US/Search/job/Northbrook-IL/Risk-Management-Analyst_261059,workday,wintrust|wd1|Search,/job/Northbrook-IL/Risk-Management-Analyst_261059
609,rejected,unknown,Real estate data centers investment analyst; not markets,"Investment Analyst, Data Centres",esr.com,,Australia,https://apply.workable.com/j/9308AD8D32,workable,esr-group,9308AD8D32
610,rejected,unknown,Telecom manufacturer engineer; not financial markets,Advanced Engineer Advanced Techology,adtran-networks.com,"Meiningen, Germany",,https://adtran.wd3.myworkdayjobs.com/en-US/ADTRAN/job/Meiningen-Germany/Advanced-Engineer-Advanced-Techology_R005732,workday,adtran|wd3|ADTRAN,/job/Meiningen-Germany/Advanced-Engineer-Advanced-Techology_R005732
611,rejected,head_or_md,CRM at consumer brands; not financial markets,CRM Executive,canterbury.com,"Farringdon, London, London, United Kingdom",Marketing,https://careers.pentland.com/jobs/8172201-crm-executive,teamtailor,pentlandbrandsuk,57a266ab-f91b-432b-8225-77430739dc42
612,rejected,junior_0_2,Barcode scanner manufacturer analyst; not financial markets,"Financial Analyst (GB), Professional I",zebra.com,"Bourne End, United Kingdom",,https://zebra.wd501.myworkdayjobs.com/en-US/Zebra_careers/job/Bourne-End-United-Kingdom/Financial-Analyst--GB---Professional-I_JR102253,workday,zebra|wd501|Zebra_careers,/job/Bourne-End-United-Kingdom/Financial-Analyst--GB---Professional-I_JR102253
613,rejected,mid_3_5,Affiliate marketing software engineer; not financial markets,Intermediate Full Stack Software Engineer,impact.com,"Columbus, OH",Technology,https://job-boards.greenhouse.io/impact/jobs/8557055002,greenhouse,impact,8557055002
614,adjacent,unknown,Bank compliance platform engineer; operational not research,Solution Engineer - Quantexa Platform,mizuhogroup.com,NYC (1285),,https://mizuho.wd1.myworkdayjobs.com/en-US/mizuhoamericas/job/NYC-1285/Solution-Engineer---Quantexa-Platform_R7075-3,workday,mizuho|wd1|mizuhoamericas,/job/NYC-1285/Solution-Engineer---Quantexa-Platform_R7075-3
615,rejected,new_grad,Collections representative; not quantitative research,CashNetUSA Collections Representative (Remote),enova.com,"Chicago, IL",Contact Center Representatives,https://job-boards.greenhouse.io/enova/jobs/8114136,greenhouse,enova,8114136
616,rejected,unknown,Shareholder relations; investor relations not quant trading,Shareholder Relations Analyst,icgam.com,London,,https://icg.wd3.myworkdayjobs.com/en-US/external_careers/job/London/Shareholder-Relations-Analyst_R3089,workday,icg|wd3|external_careers,/job/London/Shareholder-Relations-Analyst_R3089
617,rejected,senior_6_10,Autonomous vehicle systems engineer; not financial markets,Senior Systems Engineer,mavenventures.com,"Ann Arbor, MI",Product Safety Engineering,https://job-boards.greenhouse.io/maymobility/jobs/8496551002,greenhouse,maymobility,8496551002
618,rejected,unknown,AI solution specialist; insufficient information,AI Solution Specialist,marshmma.com,Singapore - Marina View,,https://mmc.wd1.myworkdayjobs.com/en-US/MMC/job/Singapore---Marina-View/AI-Solution-Specialist_R_357186,workday,mmc|wd1|MMC,/job/Singapore---Marina-View/AI-Solution-Specialist_R_357186
619,rejected,senior_6_10,Audio equipment electronics designer; not financial markets,Senior Electronics Design Engineer,marshall.com,"Milton Keynes, United Kingdom",R&D,https://careers.marshall.com/jobs/6450390-senior-electronics-design-engineer,teamtailor,careers.marshall.com,8cb7ffc4-716d-4c4d-abab-43ce731a4e54
620,rejected,unknown,Building wireman for electrical; not financial markets,Building Wireman (2nd Shift),flex.com,"USA, CA, Fontana",,https://flextronics.wd1.myworkdayjobs.com/en-US/Careers/job/USA-CA-Fontana/Building-Wireman--2nd-Shift-_WD225555-2,workday,flextronics|wd1|Careers,/job/USA-CA-Fontana/Building-Wireman--2nd-Shift-_WD225555-2
621,rejected,student_intern,Payments platform QA internship; fintech not research,Internship Quality Assurance (QA),cm.com,"Amsterdam, Netherlands",Young Talent,https://jobs.cm.com/o/internship-quality-assurance-qa,recruitee,cmcom,2503644
622,rejected,lead,Payments platform software engineer; fintech infrastructure,Staff SW Engineer,tink.com,"US - Foster City, CA",,https://visa.wd5.myworkdayjobs.com/en-US/Visa/job/US---Foster-City-CA/Staff-SW-Engineer_REF082847W,workday,visa|wd5|Visa,/job/US---Foster-City-CA/Staff-SW-Engineer_REF082847W
623,rejected,unknown,Retirement fintech account executive; sales not research,Account Executive- New England,humaninterest.com,"United States, Remote",Sales,https://job-boards.greenhouse.io/humaninterest/jobs/8038763,greenhouse,humaninterest,8038763
624,rejected,unknown,Health and safety consultant; not financial markets,Health & Safety Consultant,pibgroup.co.uk,UK - Home Worker,,https://pibgroup.wd3.myworkdayjobs.com/en-US/PIB/job/UK---Home-Worker/Health---Safety-Consultant_JR102288,workday,pibgroup|wd3|PIB,/job/UK---Home-Worker/Health---Safety-Consultant_JR102288
625,rejected,unknown,Hedvig insurtech open application; insufficient information,Feeling spontaneous? Send us your spontaneous application today!,hedvig.com,"Hedvig HQ Sthlm, Stockholm, Sweden",,https://hedvig.teamtailor.com/jobs/2637610-feeling-spontaneous-send-us-your-spontaneous-application-today,teamtailor,hedvig,c49c8371-3646-4b83-a5b4-d96db66f91ab
626,rejected,unknown,Real estate debt analyst; not financial markets,"Debt Analyst, Production Support",jll.com,"Phoenix, AZ",,https://jll.wd1.myworkdayjobs.com/en-US/jllcareers/job/Phoenix-AZ/Debt-Analyst--Production-Support_REQ528680,workday,jll|wd1|jllcareers,/job/Phoenix-AZ/Debt-Analyst--Production-Support_REQ528680
627,rejected,lead,Autonomous vehicle ML engineer; not financial markets,Staff ML Performance Engineer (Inference Optimisation),firstminute.capital,London,AI Platform,https://wayve.firststage.co/jobs?gh_jid=8545371002,greenhouse,wayve,8545371002
628,rejected,junior_0_2,Student housing turn assistant; not financial markets,Turn Assistant- Summit Place (Student Living),greystar.com,"Summit Place (SC), Charleston, SC",,https://greystar.wd1.myworkdayjobs.com/en-US/External/job/Summit-Place-SC-Charleston-SC/Turn-Assistant--Summit-Place--Student-Living-_R0196510,workday,greystar|wd1|External,/job/Summit-Place-SC-Charleston-SC/Turn-Assistant--Summit-Place--Student-Living-_R0196510
629,rejected,unknown,Fund accounting analyst; fund ops not research,Finance & Accounting Analyst,gwkinvest.com,"Boston, MA",Finance ,https://job-boards.greenhouse.io/gwkinvestmentmanagementllc/jobs/4709527005,greenhouse,gwkinvestmentmanagementllc,4709527005
630,rejected,junior_0_2,Management consulting associate; not quant markets research,Oliver Wyman - Associate - Health and Life Sciences - Dubai,marshmma.com,Dubai - Media,,https://mmc.wd1.myworkdayjobs.com/en-US/MMC/job/Dubai---Media/Oliver-Wyman---Associate---Health-and-Life-Sciences---Dubai_R_357830-1,workday,mmc|wd1|MMC,/job/Dubai---Media/Oliver-Wyman---Associate---Health-and-Life-Sciences---Dubai_R_357830-1
631,rejected,new_grad,Sales development representative; sales not research,Sales Development Representative,yapily.com,,,https://apply.workable.com/j/EE7B219746,workable,yapily,EE7B219746
632,rejected,unknown,Wealth adviser; explicitly excluded role,Wealth Adviser,howdencma.com,London - Gracechurch Street,,https://hyperiongrp.wd3.myworkdayjobs.com/en-US/hyperion_external/job/London---Gracechurch-Street/Wealth-Adviser_R0017741-1,workday,hyperiongrp|wd3|hyperion_external,/job/London---Gracechurch-Street/Wealth-Adviser_R0017741-1
633,rejected,unknown,Fintech account executive; banking sales not research,"Founding Account Executive, Los Angeles",rho.co,Los Angeles,GTM,https://jobs.ashbyhq.com/rho/d2333828-d453-4d3d-913a-545eb182ff32,ashby,rho,d2333828-d453-4d3d-913a-545eb182ff32
634,rejected,unknown,Aerospace manufacturer engineer; not financial markets,M&P Engineer,airbus.com,"Mobile Area, AL",,https://ag.wd3.myworkdayjobs.com/en-US/Airbus/job/Mobile-Area-AL/M-P-Engineer_JR10402859,workday,ag|wd3|Airbus,/job/Mobile-Area-AL/M-P-Engineer_JR10402859
635,rejected,unknown,Wealth technology analyst; wealth advisory excluded,"Analyst, Wealth Technology",focusfinancialpartners.com,"St. Louis, MO",Wealth Technology,https://job-boards.greenhouse.io/focusfinancialpartners/jobs/5799642004,greenhouse,focusfinancialpartners,5799642004
636,rejected,junior_0_2,HR talent recruiter; not financial markets,Talent Solutions Associate,transwesterninvest.com,2 Locations,,https://transwestern.wd1.myworkdayjobs.com/en-US/TWCareers/job/Houston-TX/Talent-Solutions-Associate_R0006317,workday,transwestern|wd1|TWCareers,/job/Houston-TX/Talent-Solutions-Associate_R0006317
637,rejected,unknown,Occupational therapist for home health; not financial,Contracted In-Home Occupational Therapist,primary.vc,"Miami, FL",Occupational Therapy,https://job-boards.greenhouse.io/jukeboxhealth/jobs/4322714009,greenhouse,jukeboxhealth,4322714009
638,rejected,unknown,Commercial risk insurance advisor; not financial markets,"Advisor, Commercial Risk - Insurance Advisory Solutions",baldwin.com,6 Locations,,https://baldwin.wd1.myworkdayjobs.com/en-US/Baldwin/job/Jacksonville-Florida-US/Advisor--Commercial-Risk---Insurance-Advisory-Solutions_JR108354,workday,baldwin|wd1|Baldwin,/job/Jacksonville-Florida-US/Advisor--Commercial-Risk---Insurance-Advisory-Solutions_JR108354
639,rejected,unknown,Employee benefits insurance sales; not financial markets,Employee Benefits Sales Consultant ,lwarner.com,"Camden, New Jersey, United States",Sales,https://job-boards.greenhouse.io/foundationriskpartners/jobs/5148177007,greenhouse,foundationriskpartners,5148177007
640,rejected,junior_0_2,Real estate property associate; not financial markets,Property Associate,jll.com,2 Locations,,https://jll.wd1.myworkdayjobs.com/en-US/jllcareers/job/Kansas-City-MO/Property-Associate_REQ521831,workday,jll|wd1|jllcareers,/job/Kansas-City-MO/Property-Associate_REQ521831
641,rejected,senior_6_10,Open banking fintech backend; infrastructure not research,"Senior Software Engineer, Backend ",plaid.com,New York City Office,All Departments,https://jobs.ashbyhq.com/plaid/51d7f702-e76c-4305-b3d4-50d270ec7d1c,ashby,plaid,51d7f702-e76c-4305-b3d4-50d270ec7d1c
642,rejected,unknown,Radio station media talent; not financial markets,PMD Talent - 700 WLW,wheb.iheart.com,"Cincinnati, OH (Montgomery)",,https://iheartmedia.wd5.myworkdayjobs.com/en-US/External_iHM/job/Cincinnati-OH-Montgomery/PMD-Talent---700-WLW_Req39067-2,workday,iheartmedia|wd5|External_iHM,/job/Cincinnati-OH-Montgomery/PMD-Talent---700-WLW_Req39067-2
643,rejected,unknown,Manufacturing embedded firmware engineer; not financial markets,Embedded Firmware and Controls Engineer,cantos.vc,Austin,Engineering,https://jobs.ashbyhq.com/resurgent-industries/7e012d56-20a1-4415-a0ab-f8e491ab75d9,ashby,resurgent-industries,7e012d56-20a1-4415-a0ab-f8e491ab75d9
644,rejected,unknown,Insurance licensing and regulatory; not financial markets,Licensing and Regulatory Specialist,starr.com,"399 Park Avenue-New York, NY",,https://starrcompanies.wd1.myworkdayjobs.com/en-US/careers/job/399-Park-Avenue-New-York-NY/Insurance-Company-Licensing-Specialist_JR4272,workday,starrcompanies|wd1|careers,/job/399-Park-Avenue-New-York-NY/Insurance-Company-Licensing-Specialist_JR4272
645,rejected,senior_6_10,Remittance fintech legal counsel; legal not research,Legal Counsel,taptapsend.com,London,Legal,https://jobs.ashbyhq.com/TaptapSend/4220321f-8250-4225-8915-9d897f32f44e,ashby,TaptapSend,4220321f-8250-4225-8915-9d897f32f44e
646,rejected,unknown,Credit operations merchant analyst; not quantitative research,Enterprise Merchant Credit Analyst,north.com,US - Remote,,https://nabancard.wd1.myworkdayjobs.com/en-US/nab/job/US---Remote/Enterprise-Merchant-Credit-Analyst_JR101950,workday,nabancard|wd1|nab,/job/US---Remote/Enterprise-Merchant-Credit-Analyst_JR101950
647,rejected,junior_0_2,Translation linguist; not financial markets,Linguist - Australian English - Marketing - Remote,clear.ventures,USA (Remote),LiltLancer Community,https://jobs.ashbyhq.com/lilt-production/2b56d976-8765-40c4-a096-71cb7ef3b489,ashby,lilt-production,2b56d976-8765-40c4-a096-71cb7ef3b489
648,rejected,unknown,Fidelity IT support specialist; not quant research,Technical Specialist - Enterprise Multimedia Services,fidelity.co.uk,,,https://fil.wd3.myworkdayjobs.com/en-US/001/job/FIL-Bengaluru-Office/Technical-Specialist---Enterprise-Multimedia-Services_J68851-1,workday,fil|wd3|001,/job/FIL-Bengaluru-Office/Technical-Specialist---Enterprise-Multimedia-Services_J68851-1
649,rejected,new_grad,Cryptocurrency business development; crypto excluded,Business Development Representative - MENA(South Africa or Kenya),bitgo.com,Remote,Sales,https://job-boards.greenhouse.io/bitgo/jobs/8534695002,greenhouse,bitgo,8534695002
650,rejected,unknown,Radio station growth specialist; not financial markets,Mobile Growth Specialist,wheb.iheart.com,"New York, NY (55th St)",,https://iheartmedia.wd5.myworkdayjobs.com/en-US/External_iHM/job/New-York-NY-55th-St/Mobile-Growth-Specialist_Req38694-4,workday,iheartmedia|wd5|External_iHM,/job/New-York-NY-55th-St/Mobile-Growth-Specialist_Req38694-4
651,rejected,senior_6_10,Autonomous robotics DevOps engineer; not financial markets,"Senior DevOps Engineer, Robotics (m/f/d)",hvcapital.com,Munich,Autonomy & VVT,https://job-boards.eu.greenhouse.io/arxroboticsgmbh/jobs/4824005101,greenhouse,arxroboticsgmbh,4824005101
652,rejected,junior_0_2,Alternative investments project manager; PM not research,Project Manager - Associate,icapitalnetwork.com,US CO - Colorado Springs,Annuities Platform,https://job-boards.greenhouse.io/icapitalnetwork/jobs/8580306002,greenhouse,icapitalnetwork,8580306002
653,rejected,unknown,Swedish cleaning services worker; not financial markets,Serviceteamare - Hemfrid LINKÖPING,Hemfrid i Sverige AB,"Linköping, Östergötlands län",Städare/Lokalvårdare,https://arbetsformedlingen.se/platsbanken/annonser/31351383,jobtech,jobstream,31351383
654,rejected,head_or_md,Wealth management operations VP; wealth advisory excluded,"Vice President, Wealth Enablement ",tuftoncapital.com,"Remote, USA",Wealth Management - Operations & Experience,https://job-boards.greenhouse.io/merceradvisors/jobs/5365557008,greenhouse,merceradvisors,5365557008
655,rejected,unknown,Solar installation roofer; not financial markets,Roofer - North West,octopusenergygeneration.com,Preston (GB),Solar Technology,https://jobs.lever.co/octoenergy/1c8c76f7-f891-4602-8226-3c153ca9e64a,lever,octoenergy,1c8c76f7-f891-4602-8226-3c153ca9e64a
656,rejected,unknown,Logistics truck driver; not financial markets,C Chaufför i Oskarshamn,Kraftsam Rekrytering & Bemanning AB,"Oskarshamn, Kalmar län",Distributionsförare,https://arbetsformedlingen.se/platsbanken/annonser/31351685,jobtech,jobstream,31351685
657,adjacent,head_or_md,Alternative investments blockchain backend; infrastructure engineer,Blockchain / Backend Engineer - Vice President,icapitalnetwork.com,"New York, New York, United States",Distributed Ledger,https://job-boards.greenhouse.io/icapitalnetwork/jobs/8645615002,greenhouse,icapitalnetwork,8645615002
658,rejected,unknown,Databricks platform solutions architect; presales not research,Solutions Architect - Lakebase,dcvc.com,"Milan, Italy",Field Engineering - Other,https://databricks.com/company/careers/open-positions/job?gh_jid=8568009002,greenhouse,databricks,8568009002
659,rejected,unknown,Swedish personal care assistant; not financial markets,Personlig assistent vaken natt på schemarad,Inkludera assistans i Sverige AB,"Örnsköldsvik, Västernorrlands län",Personlig assistent,https://arbetsformedlingen.se/platsbanken/annonser/31347667,jobtech,jobstream,31347667
660,rejected,head_or_md,Alternative investments product VP; product not research,Product Solutions - Vice President,icapitalnetwork.com,"Salt Lake City, Utah, United States",Annuities Platform,https://job-boards.greenhouse.io/icapitalnetwork/jobs/8605505002,greenhouse,icapitalnetwork,8605505002
661,rejected,unknown,Industrial automation project manager; not financial markets,Project Manager - Fire & Security,Schneider Electric Sverige AB,"Lund, Skåne län","Projektledare, el",https://arbetsformedlingen.se/platsbanken/annonser/31352991,jobtech,jobstream,31352991
662,rejected,unknown,Certified nurse midwife healthcare; not financial,Certified Nurse Midwife (CNM) (Full-Time),406ventures.com,"Springfield, TN, United States",Clinical,https://job-boards.greenhouse.io/dianahealth94/jobs/4427064008,greenhouse,dianahealth94,4427064008
663,rejected,head_or_md,Healthcare payer sales VP; healthcare sales not research,"VP, Payer Sales",flarecapital.com,United States,Sales,https://job-boards.greenhouse.io/coherehealth/jobs/7865035003,greenhouse,coherehealth,7865035003
664,rejected,unknown,Swedish municipal operations controller; not financial markets,"Verksamhetscontroller - Uppföljning och utredning, Omsorgsförvaltningen",VÄXJÖ KOMMUN,"Växjö, Kronobergs län",Controller,https://arbetsformedlingen.se/platsbanken/annonser/31249789,jobtech,jobstream,31249789
665,rejected,junior_0_2,Preschool substitute caregiver; not financial markets,Timvikarier sökes till Förskola - Härryda kommun,HÄRRYDA KOMMUN,"Härryda, Västra Götalands län",Barnskötare,https://arbetsformedlingen.se/platsbanken/annonser/31356124,jobtech,jobstream,31356124
666,rejected,senior_6_10,Edge AI infrastructure product manager; not markets,"Senior Product Manager, Federal",shieldcap.com,"Washington, D.C., USA (Remote)",R&D - Product,https://job-boards.greenhouse.io/armada/jobs/5372132008,greenhouse,armada,5372132008
667,rejected,junior_0_2,Bank teller operations; not quantitative research,"TELLER -  Bucuresti, Sucursala Dorobanti",tbibank.com,"Bucuresti, Romania",CUSTOMER SERVICE CENTER,https://tbibankro.recruitee.com/o/teller-bucuresti-sucursala-dorobanti-3,recruitee,tbibankro,2687817
668,rejected,unknown,Real estate fund senior accountant; not financial markets,"Senior Accountant, Fund Finance",esr.com,,Corporate - Finance,https://apply.workable.com/j/1DA10D3C45,workable,esr-group,1DA10D3C45
669,rejected,senior_6_10,Databricks solutions architect; presales not research,Senior Solutions Architect,dcvc.com,Central - United States; Northeast - United States; Southeast - United States,Field Engineering - Other,https://databricks.com/company/careers/open-positions/job?gh_jid=8567957002,greenhouse,databricks,8567957002
670,rejected,senior_6_10,Payments fintech partnerships manager; not research,"Senior Partnerships Manager, Startup and VC Ecosystem, France",airwallex.com,FR - Paris,SME & Growth Business,https://jobs.ashbyhq.com/airwallex/3baa543d-2c01-49be-afdd-01f1f7ca16e4,ashby,airwallex,3baa543d-2c01-49be-afdd-01f1f7ca16e4
671,rejected,lead,Mental health platform deputy medical director,Deputy Chief Medical Officer,rre.com,Remote,Medical Affairs & Strategy,https://job-boards.greenhouse.io/springhealth66/jobs/4678084005,greenhouse,springhealth66,4678084005
672,rejected,senior_6_10,Security analytics product marketing manager; not research,"Sr. Product Marketing Manager, Lakewatch & Agentic Apps",dcvc.com,"Mountain View, California; New York City, New York; San Francisco, California",Marketing,https://databricks.com/company/careers/open-positions/job?gh_jid=8493857002,greenhouse,databricks,8493857002
673,rejected,unknown,Payments fintech territory sales representative,Területi Értékesítő - Balaton északi part,teya.com,Balatonfüred,Hungary Operations,https://jobs.ashbyhq.com/teya/cfb7b39e-fa98-4e1f-bc36-20758c1bcf13,ashby,teya,cfb7b39e-fa98-4e1f-bc36-20758c1bcf13
674,rejected,unknown,AI marketing platform accountant; finance ops not research,Accountant,clay.com,New York,Finance,https://jobs.ashbyhq.com/claylabs/b78d32ca-01c1-432d-8af9-4c21ec3c005a,ashby,claylabs,b78d32ca-01c1-432d-8af9-4c21ec3c005a
675,rejected,senior_6_10,LED display projects senior manager; not markets,Senior Project Manager - Strategic Projects,planar.com,,Sales,https://apply.workable.com/j/086B3260F2,workable,planar-systems,086B3260F2
676,rejected,new_grad,Fintech customer support agent; not research,Customer Support Agent,dolarapp.com,Buenos Aires,Services,https://jobs.ashbyhq.com/ARQ/88451b3a-b5aa-40f0-b16a-61fc54389541,ashby,ARQ,88451b3a-b5aa-40f0-b16a-61fc54389541
677,rejected,unknown,Solar installation electrician; not financial markets,Electrician (South East),octopusenergygeneration.com,Guildford (GB),Field Operations,https://jobs.lever.co/octoenergy/771aa808-1c4f-4306-ae29-21b2035ca567,lever,octoenergy,771aa808-1c4f-4306-ae29-21b2035ca567
678,rejected,unknown,Piercing studio store manager retail; not research,Store Manager,palmersquare.com,"Palo Alto, CA",Studio Management,https://jobs.lever.co/heyrowan/bb99c260-71b8-404b-bded-f5c2ad1e8eab,lever,heyrowan,bb99c260-71b8-404b-bded-f5c2ad1e8eab
679,rejected,junior_0_2,Hedge fund finance associate; fund accounting not research,"Fund Finance, Hedge Funds - Associate",icapitalnetwork.com,"Lisbon, Portugal",Fund Finance,https://job-boards.greenhouse.io/icapitalnetwork/jobs/8618988002,greenhouse,icapitalnetwork,8618988002
680,rejected,junior_0_2,Waste recycling field sales representative,Field Sales Representative,westboundequity.com,"Denver, CO",Field Sales Representatives,https://jobs.lever.co/Ridwell/8e99822a-5291-4c47-a31a-4f1807b55268,lever,Ridwell,8e99822a-5291-4c47-a31a-4f1807b55268
681,rejected,mid_3_5,Real estate audit senior associate; assurance not research,"Senior Associate, Assurance Services, Real Estate",wealth.aprio.com,"Atlanta, GA",Audit,https://jobs.lever.co/Aprio/c54811f9-1240-4d97-be40-473461b62f9c,lever,Aprio,c54811f9-1240-4d97-be40-473461b62f9c
682,rejected,unknown,Payments fintech freelance sales representative,Freelance Prodajni Predstavnik,teya.com,Zagreb,Croatia Operations,https://jobs.ashbyhq.com/teya/4e65b09c-d4ef-44c6-8a67-c692ca66f366,ashby,teya,4e65b09c-d4ef-44c6-8a67-c692ca66f366
683,rejected,junior_0_2,Food delivery forklift warehouse operator,1st Shift -  Forklift Operator,insightpartners.com,Hanover MD,Operations,https://job-boards.greenhouse.io/misfitsmarket/jobs/6523484003,greenhouse,misfitsmarket,6523484003
684,rejected,mid_3_5,Manufacturing platform enablement training lead,"Enablement Lead, Customer and Partner Support ",cherry.vc,"North Bethesda, MD",Customer and Partner Care,https://job-boards.greenhouse.io/xometry/jobs/5007530007,greenhouse,xometry,5007530007
685,rejected,senior_6_10,Cryptocurrency security compliance analyst; crypto excluded,"Senior Analyst, Security Compliance",payward.com,Canada,Security & IT,https://jobs.ashbyhq.com/kraken.com/13b78c74-0e27-46c6-be6c-174c4f19bec5,ashby,kraken.com,13b78c74-0e27-46c6-be6c-174c4f19bec5
686,rejected,junior_0_2,Publisher receptionist; administration not financial,Receptionist - Part Time FTC,futureplc.com,,Central Services,https://apply.workable.com/j/DDE14B2E4D,workable,futureplc,DDE14B2E4D
687,rejected,senior_6_10,Lending fintech full-stack engineer; backend not research,Senior Full Stack Engineer - Loan Insurance (f/m/d) - Node.js & Typescript,runacap.com,Berlin,Development,https://job-boards.greenhouse.io/smavagmbh/jobs/7817688003,greenhouse,smavagmbh,7817688003
688,rejected,head_or_md,Payments fintech group CFO; finance exec not research,Group Chief Financial Officer (Relocation to Milan),satispay.com,"Barcelona, Spain","Finance, Procurement & Facility",https://jobs.ashbyhq.com/satispay/391b43e8-595b-44d5-a601-7a6b54152860,ashby,satispay,391b43e8-595b-44d5-a601-7a6b54152860
689,rejected,head_or_md,Women's health medical director; clinical not research,Medical Director (Full-Time),406ventures.com,"Beaumont, TX, USA",Clinical,https://job-boards.greenhouse.io/dianahealth94/jobs/5076423008,greenhouse,dianahealth94,5076423008
690,rejected,head_or_md,Japanese brokerage internal audit head; audit not research,Head of Internal Audit,moomoo.com,,Global Branches,https://apply.workable.com/j/3AD018B1EC,workable,moomoo,3AD018B1EC
691,rejected,unknown,Heat pump sales representative field,Vertriebsmitarbeiter Außendienst (m/w/d) – Wärmepumpen,octopusenergygeneration.com,Braunschweig (DE),Sales,https://jobs.lever.co/octoenergy/20f0af0c-b04d-4f30-8a23-484f0b802196,lever,octoenergy,20f0af0c-b04d-4f30-8a23-484f0b802196
692,rejected,unknown,Opioid treatment telehealth nurse; clinical not research,Telehealth Nurse Practitioner or Physician Assistant (Remote) - New York License,ophelia.com,United States,Clinicians,https://job-boards.greenhouse.io/ophelia/jobs/4958584008,greenhouse,ophelia,4958584008
693,rejected,senior_6_10,McKinsey partnership alliance VP; business development,"Alliance RVP, McKinsey",dcvc.com,"Atlanta, Georgia; Boston, Massachusetts; Chicago, Illinois; Dallas, Texas; New York City, New York; San Francisco, California; Seattle, Washington",Business Development,https://databricks.com/company/careers/open-positions/job?gh_jid=8632403002,greenhouse,databricks,8632403002
694,rejected,unknown,Payments fintech compliance manager MLRO,"Compliance Manager, MLRO",airwallex.com,ES - Barcelona,Regulatory & Compliance,https://jobs.ashbyhq.com/airwallex/96d1ac4f-4990-4d30-ba62-a545caef83ad,ashby,airwallex,96d1ac4f-4990-4d30-ba62-a545caef83ad
695,rejected,junior_0_2,Waste recycling field sales representative,Field Sales Representative,westboundequity.com,"Seattle, WA",Field Sales Representatives,https://jobs.lever.co/Ridwell/df8e43d2-aa5e-43e1-a8ff-9ac80396eb2f,lever,Ridwell,df8e43d2-aa5e-43e1-a8ff-9ac80396eb2f
696,rejected,unknown,Databricks procurement operations; operations not research,"Procurement Operations Leader, Buy Desk ",dcvc.com,"San Francisco, California",Finance,https://databricks.com/company/careers/open-positions/job?gh_jid=8304676002,greenhouse,databricks,8304676002
697,rejected,junior_0_2,Food delivery warehouse associate; logistics not research,2nd Shift - Warehouse Associate,insightpartners.com,Hanover MD,Operations,https://job-boards.greenhouse.io/misfitsmarket/jobs/5842457003,greenhouse,misfitsmarket,5842457003
698,rejected,unknown,Piercing studio nurse clinical; not research,Piercing Studio Nurse,palmersquare.com,"Nashville, TN",Piercing Studio Nurses,https://jobs.lever.co/heyrowan/23ad75da-3a1d-44f6-a37a-aa16acd9f6df,lever,heyrowan,23ad75da-3a1d-44f6-a37a-aa16acd9f6df
699,rejected,junior_0_2,Real estate construction assistant PM; not markets,Assistant Project Manager ,rxr.com,New York,Construction Services,https://job-boards.greenhouse.io/rxr/jobs/4797306008,greenhouse,rxr,4797306008
700,rejected,unknown,Software delivery technical program manager,Technical Program Manager,dawncapital.com,"Brussels, Belgium",Engineering,https://www.collibra.com/us/en/company/careers/job-listing/?gh_jid=8043529,greenhouse,collibra,8043529
701,rejected,senior_6_10,Healthcare/clinical,"Senior Actuary, Outcomes",alleycorp.com,"New York, NY; Remote, US (Hub cities)",Clinical Outcomes,https://job-boards.greenhouse.io/mavenclinic/jobs/8622372002,greenhouse,mavenclinic,8622372002
702,adjacent,head_or_md,Finance role,"Partner, Assurance Services | Financial Services (Broker-Dealer)",wealth.aprio.com,"New York, NY",Audit,https://jobs.lever.co/Aprio/462d29a9-6a07-4f5b-82e3-a31e903ba7d0,lever,Aprio,462d29a9-6a07-4f5b-82e3-a31e903ba7d0
703,rejected,student_intern,Operations/admin,Procurement Intern (12-month Internship),1011vc.com,Portugal,Procurement,https://careers.feedzai.com/job_description?gh_jid=8071526,greenhouse,feedzai,8071526
704,rejected,mid_3_5,Healthcare/clinical,Clinical Research Systems Specialist,tauventures.com,"IH HQ - NYC, Cambridge, MA or Southlake, TX",Solutions & Services,https://job-boards.greenhouse.io/iterativehealth/jobs/4701612006,greenhouse,iterativehealth,4701612006
705,rejected,mid_3_5,No finance signal,Tax Manager,wealth.aprio.com,"Portland, OR",Tax,https://jobs.lever.co/Aprio/c4ce3f53-b38d-4f6c-97e0-dc7fd60011e1,lever,Aprio,c4ce3f53-b38d-4f6c-97e0-dc7fd60011e1
706,rejected,mid_3_5,No finance signal,Technical Solutions Delivery Manager,kcrisefund.com,Tallahassee,Project Management Office (PMO),https://payitgov.com/careers-list?gh_jid=7819156003,greenhouse,payit,7819156003
707,rejected,unknown,Healthcare/clinical,Certified Nurse Midwife (CNM) (PRN),406ventures.com,"Springfield, TN, United States",Clinical,https://job-boards.greenhouse.io/dianahealth94/jobs/4885706008,greenhouse,dianahealth94,4885706008
708,rejected,mid_3_5,Tech platform,Product Manager II - Fraud,payward.com,United Kingdom,Product,https://jobs.ashbyhq.com/kraken.com/12cfb620-37ee-44ca-ad33-7220e99c58e9,ashby,kraken.com,12cfb620-37ee-44ca-ad33-7220e99c58e9
709,rejected,unknown,Media/content,AI Training Contributor - Guarani - Remote,clear.ventures,Paraguay (Remote),LiltLancer Community,https://jobs.ashbyhq.com/lilt-production/9685aa66-99ad-4697-9f3f-fb6a8f7f2418,ashby,lilt-production,9685aa66-99ad-4697-9f3f-fb6a8f7f2418
710,rejected,unknown,Healthcare/clinical,Certified Nurse Midwife (CNM) (PRN),406ventures.com,"Smyrna, TN, United States",Clinical,https://job-boards.greenhouse.io/dianahealth94/jobs/4427079008,greenhouse,dianahealth94,4427079008
711,rejected,mid_3_5,Tech platform,Emerging Customer Success Manager,fourth.com,"Macclesfield, United Kingdom",,https://careers.fourth.com/jobs/8184093-emerging-customer-success-manager,teamtailor,careers.fourth.com,7ff102aa-5207-430b-83a7-ec8a66593691
712,rejected,head_or_md,Sales/BD,"Director of Business Development, Satellite Constellations",radical.vc,Washington D.C. Metro Area ,Go to Market,https://job-boards.greenhouse.io/muonspace/jobs/5151483007,greenhouse,muonspace,5151483007
713,rejected,unknown,Healthcare/clinical,Obstetrician/Gynecologist- Hospitalist,406ventures.com,"North Fort Worth, TX, United States",Clinical,https://job-boards.greenhouse.io/dianahealth94/jobs/5369012008,greenhouse,dianahealth94,5369012008
714,rejected,head_or_md,Media/content,Director of Engineering,step.com,Primary: Bay Area (San Francisco/Peninsula) | Secondary: NYC,Engineering,https://job-boards.greenhouse.io/mrbeastyoutube/jobs/5841363004,greenhouse,mrbeastyoutube,5841363004
715,rejected,unknown,No finance signal,NetSuite Developer,bpm.com,Bengaluru,Technology Solution Services (TSS),https://jobs.lever.co/bpmcpa/50810dc2-5ce7-4352-8e3c-a921f11a242b,lever,bpmcpa,50810dc2-5ce7-4352-8e3c-a921f11a242b
716,rejected,head_or_md,Healthcare/clinical,Medical Director (Full-Time),406ventures.com,"Fort Worth, TX, USA",Clinical,https://job-boards.greenhouse.io/dianahealth94/jobs/5079741008,greenhouse,dianahealth94,5079741008
717,rejected,mid_3_5,Tech platform,Customer Commercial Manager,fourth.com,"Macclesfield, United Kingdom",,https://careers.fourth.com/jobs/8184049-customer-commercial-manager,teamtailor,careers.fourth.com,599f5e4a-d210-4f61-a235-df594412c437
718,rejected,unknown,Sales/BD,Subject Matter Expert – Wholesale Trade & Commercial Sales (English/Hindi) – Remote,clear.ventures,India (Remote),LiltLancer Community,https://jobs.ashbyhq.com/lilt-production/b4b71004-74fa-44e8-9010-de47ab9a5333,ashby,lilt-production,b4b71004-74fa-44e8-9010-de47ab9a5333
719,rejected,unknown,Other industry,Tandsköterska - Smile Skövde,smile.se,"Skövde, Sweden",Avdelning: Tandsköterskor och Ortodontiassistenter,https://karriar.smile.se/jobs/7950868-tandskoterska-smile-skovde,teamtailor,karriar.smile.se,9554b7fa-6458-4edd-8005-9a0c65996b36
720,rejected,lead,Healthcare/clinical,"Staff Software Engineer, Search Quality",dcvc.com,"Mountain View, California",Engineering - Pipeline,https://databricks.com/company/careers/open-positions/job?gh_jid=8295792002,greenhouse,databricks,8295792002
721,rejected,unknown,Tech platform,Spécialiste Support Pilotage et Comptabilité (Télétravail complet possible depuis Reims),pennylane.com,Reims,Customer Success,https://jobs.ashbyhq.com/pennylane/683df362-9bce-48e4-afa7-bb25f67763ae,ashby,pennylane,683df362-9bce-48e4-afa7-bb25f67763ae
722,rejected,senior_6_10,Actuarial/insurance,Senior Tax Accountant,lwarner.com,"Daytona Beach, Florida, United States",Accounting & Finance,https://job-boards.greenhouse.io/foundationriskpartners/jobs/5209821007,greenhouse,foundationriskpartners,5209821007
723,rejected,head_or_md,No finance signal,"Senior Director, Global Product Counsel",verifone.com,"Atlanta, Georgia, United States; King of Prussia, Pennsylvania, United States",Legal/BusDev,https://job-boards.greenhouse.io/verifone/jobs/7860689003,greenhouse,verifone,7860689003
724,rejected,unknown,Sales/BD,"Sales & Resident Experience Consultant - Georgetown, TX",berkshireresidentialinvestments.com,Villages of Georgetown,Villages of Georgetown,https://job-boards.greenhouse.io/berkshiregroupllc/jobs/4341504009,greenhouse,berkshiregroupllc,4341504009
725,rejected,unknown,Operations/admin,Electrician (North West),octopusenergygeneration.com,Blackpool (GB),Field Operations,https://jobs.lever.co/octoenergy/f90f7e72-3d9f-46b7-945b-9e002c510558,lever,octoenergy,f90f7e72-3d9f-46b7-945b-9e002c510558
726,adjacent,mid_3_5,Data science,Data Science Manager,gocardless.com,"London, UK",Product Development,https://job-boards.greenhouse.io/gocardless/jobs/7525953,greenhouse,gocardless,7525953
727,rejected,unknown,Media/content,"Subject Matter Expert – Media, Broadcasting & Information Services (English/Gujarati) – Remote",clear.ventures,India (Remote),LiltLancer Community,https://jobs.ashbyhq.com/lilt-production/064adbbd-b894-4567-aa9d-c0148af6de18,ashby,lilt-production,064adbbd-b894-4567-aa9d-c0148af6de18
728,rejected,senior_6_10,Healthcare/clinical,"Senior Account Executive, Medical Device Manufacturing",oceans.ventures,US - Remote,Sales,https://tulip.co/careers/job-posting/?gh_jid=7737621003,greenhouse,tulip,7737621003
729,rejected,senior_6_10,No finance signal,Senior Test Manager,blackbird.vc,"Palo Alto, California, United States",Engineering,https://www.psiquantum.com/apply?gh_jid=7610693003,greenhouse,psiquantum,7610693003
730,rejected,senior_6_10,Engineering,"Senior Software Engineer, Compute Platform",blockchaincapital.com,Remote - Canada,Engineering - Infrastructure,https://www.coinbase.com/careers/positions/7701645?gh_jid=7701645,greenhouse,coinbase,7701645
731,rejected,unknown,Healthcare/clinical,Piercing Studio Nurse,palmersquare.com,"West Des Moines, IA",Piercing Studio Nurses,https://jobs.lever.co/heyrowan/8f82f1ed-fbdf-4436-82d1-7d6746c90ab9,lever,heyrowan,8f82f1ed-fbdf-4436-82d1-7d6746c90ab9
732,rejected,mid_3_5,Healthcare/clinical,Revenue Cycle & Claims Operations Manager,primary.vc,Remote,Finance,https://job-boards.greenhouse.io/jukeboxhealth/jobs/4369749009,greenhouse,jukeboxhealth,4369749009
733,rejected,unknown,Operations/admin,Order Processing Analyst,tribecavp.com,Pune,Revenue Operations,https://job-boards.greenhouse.io/alphasense/jobs/8693222002,greenhouse,alphasense,8693222002
734,rejected,mid_3_5,Healthcare/clinical,Medical Records Coordinator (Temporary),rre.com,Remote,Operations,https://job-boards.greenhouse.io/springhealth66/jobs/4646188005,greenhouse,springhealth66,4646188005
735,rejected,head_or_md,Operations/admin,"Director of People, Consumer Products",step.com,"Chicago, IL",Human Resources,https://job-boards.greenhouse.io/mrbeastyoutube/jobs/5853077004,greenhouse,mrbeastyoutube,5853077004
736,rejected,lead,No finance signal,Lead MySQL Database Engineer,verifone.com,"Bengaluru, Karnataka, India",Global Engineering,https://job-boards.greenhouse.io/verifone/jobs/7595681003,greenhouse,verifone,7595681003
737,rejected,mid_3_5,Healthcare/clinical,"Clinical Manager, Global",rre.com,Remote,Care Navigation Operations,https://job-boards.greenhouse.io/springhealth66/jobs/4706735005,greenhouse,springhealth66,4706735005
738,rejected,mid_3_5,Media/content,Agent Manager,inspiredcapital.com,USA-Remote,Product ,https://job-boards.greenhouse.io/shopmy/jobs/5309553008,greenhouse,shopmy,5309553008
739,rejected,head_or_md,Healthcare/clinical,Head of Data Science,abridge.com,SF Office,Operations,https://jobs.ashbyhq.com/Abridge/c1bfc262-9232-49b8-96ea-a5d7de260775,ashby,Abridge,c1bfc262-9232-49b8-96ea-a5d7de260775
740,rejected,unknown,Sales/BD,Field Sales Representative (APAC),unlimit.com,Hong Kong,Business Expansion,https://jobs.lever.co/unlimit/b4f88109-849f-4f0d-b0cb-f704df1edc46,lever,unlimit,b4f88109-849f-4f0d-b0cb-f704df1edc46
741,rejected,mid_3_5,Tech platform,DACH Campaign and Events Manager,redwood.com,Germany ,Marketing,https://job-boards.greenhouse.io/redwoodsoftware/jobs/4356788009,greenhouse,redwoodsoftware,4356788009
742,rejected,senior_6_10,Healthcare/clinical,Senior Data Scientist,abridge.com,SF Office,Operations,https://jobs.ashbyhq.com/Abridge/c3837e7e-2d59-49b6-95dc-0f670494fb31,ashby,Abridge,c3837e7e-2d59-49b6-95dc-0f670494fb31
743,rejected,unknown,Healthcare/clinical,Piercing Studio Nurse,palmersquare.com,"Lynnwood, WA",Piercing Studio Nurses,https://jobs.lever.co/heyrowan/9265bbe3-f479-498f-a1a8-04107f00e8d8,lever,heyrowan,9265bbe3-f479-498f-a1a8-04107f00e8d8
744,adjacent,lead,AI/ML role,AI Marketing Technologist Lead,plaid.com,San Francisco HQ,All Departments,https://jobs.ashbyhq.com/plaid/ca8c19ad-2be8-4d4f-96af-e0a37ff76fb8,ashby,plaid,ca8c19ad-2be8-4d4f-96af-e0a37ff76fb8
745,rejected,mid_3_5,Engineering,"Engineering Manager, Embedded Automotive Platform ",firstminute.capital,Sunnyvale,Vehicle SW Engineering,https://wayve.firststage.co/jobs?gh_jid=8554492002,greenhouse,wayve,8554492002
746,rejected,head_or_md,Healthcare/clinical,"Medical Director, Clinical AI",lionheart.vc,"New York, NY",Care,https://job-boards.greenhouse.io/pelago/jobs/5208227007,greenhouse,pelago,5208227007
747,adjacent,head_or_md,AI/ML role,"Director, GTM AI Enablement",645ventures.com,"Atlanta, Georgia; Austin, Texas; Boston, Massachusetts; Chicago, Illinois; Denver, Colorado",Marketing,https://job-boards.greenhouse.io/iterable/jobs/8074901,greenhouse,iterable,8074901
748,rejected,lead,Operations/admin,VP Strategic Talent Leader,renaissance.com,Remote - US,Human Resources,https://job-boards.greenhouse.io/renaissancelearning-nam/jobs/5270443008,greenhouse,renaissancelearning-nam,5270443008
749,rejected,unknown,Operations/admin,Field Sales Consultant (Self-employed),teya.com,Derby,UK Operations,https://jobs.ashbyhq.com/teya/ca3cc8b6-b52b-4a5c-9cf8-463f9ed44d98,ashby,teya,ca3cc8b6-b52b-4a5c-9cf8-463f9ed44d98
750,rejected,senior_6_10,No finance signal,Senior Research Associate- NGS,blindspot.vc,"Seaport District, Boston, MA",Application Development,https://jobs.lever.co/voltalabs/a2823aa6-ee85-4750-8b0e-0e456050e380,lever,voltalabs,a2823aa6-ee85-4750-8b0e-0e456050e380
751,rejected,head_or_md,Crypto/blockchain,"Head of AML & CTF (PCF-52), Payward Europe Solutions Ltd",payward.com,Ireland,Compliance,https://jobs.ashbyhq.com/kraken.com/dd4af42b-e37b-41bd-a9f3-9b8c9333a80a,ashby,kraken.com,dd4af42b-e37b-41bd-a9f3-9b8c9333a80a
752,rejected,unknown,Operations/admin,Financial Accountant (L.68/99),satispay.com,"Milan, Italy","Finance, Procurement & Facility",https://jobs.ashbyhq.com/satispay/1f2cf2a6-48bf-4c08-b672-782adcf3e395,ashby,satispay,1f2cf2a6-48bf-4c08-b672-782adcf3e395
753,rejected,lead,Engineering,Staff Process Engineer,better.vc,"San Diego, CA",Debut,https://job-boards.greenhouse.io/debutbiotech25/jobs/5201062007,greenhouse,debutbiotech25,5201062007
754,rejected,unknown,Engineering,System Integration Engineer,firstminute.capital,Sunnyvale,Hardware & Supply Chain,https://wayve.firststage.co/jobs?gh_jid=8567734002,greenhouse,wayve,8567734002
755,rejected,mid_3_5,Healthcare/clinical,Clinical Policy Configuration Specialist,flarecapital.com,United States,Clinical Content,https://job-boards.greenhouse.io/coherehealth/jobs/7738436003,greenhouse,coherehealth,7738436003
756,rejected,mid_3_5,Sales/BD,Sales Manager (GTME),clay.com,New York,GTM - Sales,https://jobs.ashbyhq.com/claylabs/0bfc4016-f5b2-4957-a305-ec5dd96d4fa4,ashby,claylabs,0bfc4016-f5b2-4957-a305-ec5dd96d4fa4
757,rejected,lead,No finance signal,Consumer Lending Business Lead (m/w/d),tfbank.se,"Szczecin, Poland",TF / Avarda,https://tfbank.teamtailor.com/jobs/8065376-consumer-lending-business-lead-m-w-d,teamtailor,tfbank,5f795e6a-9484-436c-a48c-d919da744fa8
758,rejected,unknown,Healthcare/clinical,Piercing Studio Nurse,palmersquare.com,"Huntsville, AL",Piercing Studio Nurses,https://jobs.lever.co/heyrowan/36422454-6d88-46cf-9bec-e753ee615fb7,lever,heyrowan,36422454-6d88-46cf-9bec-e753ee615fb7
759,rejected,mid_3_5,Engineering,"Engineering Manager, Frontend",radical.vc,"San Jose, CA",Engineering - Software,https://job-boards.greenhouse.io/muonspace/jobs/5208598007,greenhouse,muonspace,5208598007
760,rejected,unknown,No finance signal,Subject Matter Expert – Government (English/Nepali) – Remote,clear.ventures,India (Remote),LiltLancer Community,https://jobs.ashbyhq.com/lilt-production/2cfe1e32-14ac-4213-a655-7b3349f820b6,ashby,lilt-production,2cfe1e32-14ac-4213-a655-7b3349f820b6
761,rejected,unknown,Healthcare/clinical,Piercing Studio Nurse - Sign-On Bonus Available!,palmersquare.com,"Somerville, MA",Piercing Studio Nurses,https://jobs.lever.co/heyrowan/4b9dae7f-7929-4452-92b8-7c88106c7d6e,lever,heyrowan,4b9dae7f-7929-4452-92b8-7c88106c7d6e
762,rejected,mid_3_5,Actuarial/insurance,Sr. Account Manager,business.com,"Remote, United States",Business Development,https://jobs.ashbyhq.com/centerfield/869096e2-fbeb-49ad-934d-d98ab6962434,ashby,centerfield,869096e2-fbeb-49ad-934d-d98ab6962434
763,rejected,mid_3_5,No finance signal,Customer Marketing Specialist,renaissance.com,Remote-US,Customer Marketing,https://job-boards.greenhouse.io/renaissancelearning-nam/jobs/5224465008,greenhouse,renaissancelearning-nam,5224465008
764,rejected,unknown,Healthcare/clinical,Medical Translators - German into Bosnian - Remote ,clear.ventures,Bosnia and Herzegovina (Remote),LiltLancer Community,https://jobs.ashbyhq.com/lilt-production/d10cf786-be74-46a5-856c-82a9c9e35833,ashby,lilt-production,d10cf786-be74-46a5-856c-82a9c9e35833
765,adjacent,head_or_md,Finance role,"Senior Manager/Director, Debt Capital Markets",esr.com,,Japan,https://apply.workable.com/j/ABE4773AD7,workable,esr-group,ABE4773AD7
766,rejected,senior_6_10,Engineering,Senior Software Engineer (Java),dolarapp.com,Krakow,Engineering,https://jobs.ashbyhq.com/ARQ/1666495a-ec63-438d-ab23-e133498f9cfe,ashby,ARQ,1666495a-ec63-438d-ab23-e133498f9cfe
767,rejected,mid_3_5,Healthcare/clinical,"Associate, Clinical Operations (Data and Systems)",ophelia.com,United States,Clinical Operations,https://job-boards.greenhouse.io/ophelia/jobs/5371444008,greenhouse,ophelia,5371444008
768,rejected,senior_6_10,Operations/admin,"Senior Manager, Procurement ",step.com,"Greenville, NC; New York, NY; Remote - US",Finance,https://job-boards.greenhouse.io/mrbeastyoutube/jobs/5987933004,greenhouse,mrbeastyoutube,5987933004
769,rejected,unknown,Engineering,Continuous Improvement Engineer ,insightpartners.com,Walnut CA,Operations,https://job-boards.greenhouse.io/misfitsmarket/jobs/7734558003,greenhouse,misfitsmarket,7734558003
770,rejected,unknown,Healthcare/clinical,Telehealth Nurse Practitioner or Physician Assistant (Remote) - Pennsylvania License,ophelia.com,United States,Clinicians,https://job-boards.greenhouse.io/ophelia/jobs/4561537008,greenhouse,ophelia,4561537008
771,rejected,mid_3_5,Operations/admin,People Operations Manager (m/f/d),hvcapital.com,Munich,People & Organisation,https://job-boards.eu.greenhouse.io/arxroboticsgmbh/jobs/4918506101,greenhouse,arxroboticsgmbh,4918506101
772,rejected,unknown,No finance signal,Sr. Software Developer,centuria.com,"Merrit Island, Florida",Proposal,https://jobs.lever.co/centuria/e6fab569-1e85-4f0d-a6cd-db4fb9771af1,lever,centuria,e6fab569-1e85-4f0d-a6cd-db4fb9771af1
773,rejected,unknown,No finance signal,Tax Accountant ,focusfinancialpartners.com,"Westwood and Encino, CA",Tax,https://job-boards.greenhouse.io/focusfinancialpartners/jobs/6113701004,greenhouse,focusfinancialpartners,6113701004
774,rejected,head_or_md,No finance signal,"Partner Account Manager - Greenville, South Carolina",humaninterest.com,"United States, Remote",Sales,https://job-boards.greenhouse.io/humaninterest/jobs/7984122,greenhouse,humaninterest,7984122
775,rejected,mid_3_5,No finance signal,DTP Specialist,clear.ventures,India (Remote),Production,https://jobs.ashbyhq.com/lilt-production/fab35559-6485-4e2e-9239-ef6fc711b23a,ashby,lilt-production,fab35559-6485-4e2e-9239-ef6fc711b23a
776,rejected,senior_6_10,No finance signal,Senior Accountant Specialist(m/f/d),earlybird.com,"Ottobrunn, Bavaria, Germany",Finance,https://job-boards.eu.greenhouse.io/isaraerospace/jobs/4815705101,greenhouse,isaraerospace,4815705101
777,rejected,head_or_md,No finance signal,Tax Director - C Corporation,bpm.com,United States,Corporate Tax,https://jobs.lever.co/bpmcpa/6eaad190-3156-4eba-87b1-819a23c4ea13,lever,bpmcpa,6eaad190-3156-4eba-87b1-819a23c4ea13
778,rejected,lead,Engineering,Staff Software Engineer,tribecavp.com,Remote - Canada,Engineering,https://job-boards.greenhouse.io/alphasense/jobs/8403920002,greenhouse,alphasense,8403920002
779,rejected,senior_6_10,Healthcare/clinical,"Senior Manager, Clinical Operations - Cardiology",tauventures.com,"Cambridge, Massachusetts, United States, New York, New York, United States",Site Operations,https://job-boards.greenhouse.io/iterativehealth/jobs/4688688006,greenhouse,iterativehealth,4688688006
780,rejected,head_or_md,No finance signal,Senior Partner Solutions Architect - East (Professional Services),alphapartners.com,United States - Remote,Professional Services,https://job-boards.greenhouse.io/chainguard/jobs/4692306006,greenhouse,chainguard,4692306006
781,rejected,senior_6_10,Engineering,Senior Platform Engineer,impact.com,Cape Town,Technology,https://job-boards.greenhouse.io/impact/jobs/8554724002,greenhouse,impact,8554724002
782,rejected,unknown,No finance signal,"Centralized Painter, Part-Time - Boise, Idaho ",cortland.com,"Boise, ID",Integrated Facilities,https://job-boards.greenhouse.io/cortland/jobs/4192575009,greenhouse,cortland,4192575009
783,rejected,senior_6_10,Operations/admin,"Senior Manager, Recruiting",blockchaincapital.com,Remote - USA,HR & Recruiting,https://www.coinbase.com/careers/positions/8051630?gh_jid=8051630,greenhouse,coinbase,8051630
784,rejected,unknown,No finance signal,CARISTE POLYVALENT R489 1&5 (H/F),quadrillecapital.com,"Longvic, France",,https://jobtalentfrance.teamtailor.com/jobs/8149650-cariste-polyvalent-r489-1-5-h-f,teamtailor,jobtalentfrance,5c1e9f97-b568-48e0-99cd-f99498e8ed22
785,rejected,unknown,No finance signal,General Ledger Accountant,mypos.com,"Varna, Bulgaria, Sofia - Office, Sofia",Finance,https://careers.mypos.com/jobs/8159936-general-ledger-accountant,teamtailor,careers.mypos.com,2bb246b8-0f33-4c25-8e70-7fdb09e69864
786,rejected,head_or_md,Healthcare/clinical,Product Marketing Manager (Contractor),alleycorp.com,Remote,Product Marketing,https://job-boards.greenhouse.io/mavenclinic/jobs/8632960002,greenhouse,mavenclinic,8632960002
787,rejected,unknown,No finance signal,B2B Digital Marketer (Contract) - Korea,openai.fund,Seoul,B2B,https://jobs.ashbyhq.com/speak/1f1b275f-f5ee-41ee-a7aa-df9fe4ea12eb,ashby,speak,1f1b275f-f5ee-41ee-a7aa-df9fe4ea12eb
788,rejected,head_or_md,Healthcare/clinical,Medical Director Cardiovascular Medicine,flarecapital.com,United States,Physician Operations,https://job-boards.greenhouse.io/coherehealth/jobs/7529378003,greenhouse,coherehealth,7529378003
789,rejected,lead,No finance signal,Embroidery Production Lead,basisset.com,"Santa Fe Springs, California",B2B VAS,https://job-boards.greenhouse.io/quince/jobs/5239812008,greenhouse,quince,5239812008
790,rejected,unknown,Other industry,Administrative Officer,tbibank.com,"Bucuresti, Romania",Property Management,https://tbibankro.recruitee.com/o/administrative-officer,recruitee,tbibankro,2708028
791,rejected,mid_3_5,Healthcare/clinical,Clinical Research Coordinator I - Nurse ,tauventures.com,"Sun City, AZ ",MSO,https://job-boards.greenhouse.io/iterativehealth/jobs/4678304006,greenhouse,iterativehealth,4678304006
792,rejected,mid_3_5,No finance signal,Service Manager-Cortland at Valley Ranch ,cortland.com,"Irving, TX",Onsite Service,https://job-boards.greenhouse.io/cortland/jobs/4342012009,greenhouse,cortland,4342012009
793,rejected,unknown,Operations/admin,Területi Értékesítő - Budapest,teya.com,Budapest,Hungary Operations,https://jobs.ashbyhq.com/teya/14ee1517-6249-4df4-8ea4-740fd3822e5f,ashby,teya,14ee1517-6249-4df4-8ea4-740fd3822e5f
794,rejected,unknown,Other industry,Tandläkare - Smile Boden,smile.se,"Boden, Sweden",Avdelning: Tandläkare och Specialister,https://karriar.smile.se/jobs/6538816-tandlakare-smile-boden,teamtailor,karriar.smile.se,a7eca6ee-c44e-4a6b-93fa-6fd6df31987a
795,rejected,senior_6_10,Media/content,Senior IT Specialist,moomoo.com,,,https://apply.workable.com/j/EFEAC8E8A8,workable,moomoo,EFEAC8E8A8
796,rejected,lead,Engineering,Principal Software Engineer,tribecavp.com,Remote - Canada,Engineering,https://job-boards.greenhouse.io/alphasense/jobs/8403928002,greenhouse,alphasense,8403928002
797,rejected,unknown,Other industry,Tandsköterska - Smile Trelleborg,smile.se,"Trelleborg, Sweden",Avdelning: Tandsköterskor och Ortodontiassistenter,https://karriar.smile.se/jobs/8077686-tandskoterska-smile-trelleborg,teamtailor,karriar.smile.se,a2951522-044f-47dc-87dc-db9ef9cef817
798,rejected,mid_3_5,No finance signal,Corporate Legal Specialist (24-months Contract),esr.com,,Corporate - Legal and Compliance,https://apply.workable.com/j/AF964ECCA3,workable,esr-group,AF964ECCA3
799,rejected,unknown,No finance signal,Apporteur d'Affaires - Terminal de Paiement & Encaissement,noelse.com,France,Apporteurs d'Affaires & Commerciaux Indépendants,https://careers.noelse.com/jobs/7727632-apporteur-d-affaires-terminal-de-paiement-encaissement,teamtailor,careers.noelse.com,316f8ad3-a143-420a-a1dd-996ef3604ff7
800,rejected,unknown,Healthcare/clinical,Provider (Physician Assistant/Nurse Practitioner) - West Region,fcventures.com,Remote,Clinicians,https://bicyclehealth.com/careers-opportunities?gh_jid=5982555004,greenhouse,bicyclehealth,5982555004
801,rejected,unknown,influencer marketing campaign role, Campaign manager-  influencer marketing (remote),impact.com,Copenhagen ,Sales,https://job-boards.greenhouse.io/impact/jobs/8595272002,greenhouse,impact,8595272002
802,rejected,unknown,payments customer success,Scaled Customer Success Manager (AMER),airwallex.com,IN - Bangalore,SME & Growth Business,https://jobs.ashbyhq.com/airwallex/4c2b2ec8-91ae-4579-bd9d-72dc381a0f2a,ashby,airwallex,4c2b2ec8-91ae-4579-bd9d-72dc381a0f2a
803,rejected,unknown,IT infrastructure operations,IT-drifttekniker (24-7) till Svenska kraftnät,medmerabank.se,"Sundbyberg, Sweden",Infrastructure,https://career.computerswedenrecruitment.se/jobs/8028531-it-drifttekniker-24-7-till-svenska-kraftnat,teamtailor,career.computerswedenrecruitment.se,9022ddd4-9c5a-4785-9889-0c8b4457cad1
804,rejected,unknown,enterprise sales for payments,"Strategic Sales, Enterprise",airwallex.com,HK - Hong Kong SAR,Enterprise Business,https://jobs.ashbyhq.com/airwallex/83fcc0e8-0e14-4eba-8c84-e5db0abf7310,ashby,airwallex,83fcc0e8-0e14-4eba-8c84-e5db0abf7310
805,rejected,unknown,operations engineering,Engineering Manager-NetSuite,westlygroup.com,"Pune, India Office",IT Ops,https://job-boards.greenhouse.io/fictiv/jobs/8623783002,greenhouse,fictiv,8623783002
806,rejected,unknown,general ledger accounting,Senior Accountant General Ledger (m/f/x),finn.com,Munich,Finance & Legal,https://jobs.lever.co/finn/58e8a96e-94ea-4914-9e3f-4206ae3ea2f4,lever,finn,58e8a96e-94ea-4914-9e3f-4206ae3ea2f4
807,rejected,unknown,sales management,Area Sales Manager- North London,teya.com,London,UK Operations,https://jobs.ashbyhq.com/teya/9f1f56b4-b9e5-43d3-a8b7-29e41a5f17f8,ashby,teya,9f1f56b4-b9e5-43d3-a8b7-29e41a5f17f8
808,rejected,unknown,account management support,Account Manager,endicottgp.com,"Tokyo, Japan",Commercial,https://jobs.ashbyhq.com/3e/574f4328-edbf-4953-80ee-68b174e12b58,ashby,3e,574f4328-edbf-4953-80ee-68b174e12b58
809,rejected,unknown,financial accounting,Senior Financial Accountant,satispay.com,"Milan, Italy","Finance, Procurement & Facility",https://jobs.ashbyhq.com/satispay/5489d9d5-7d39-48a4-a5c1-111afeb4ca2d,ashby,satispay,5489d9d5-7d39-48a4-a5c1-111afeb4ca2d
810,rejected,unknown,infrastructure security engineering,"Senior Engineering Manager, Identity & Access",oceans.ventures,"Somerville, MA",Engineering,https://tulip.co/careers/job-posting/?gh_jid=7813174003,greenhouse,tulip,7813174003
811,rejected,unknown,accounting operations support,Spécialiste Support Pilotage et Comptabilité (Télétravail complet possible - Marseille),pennylane.com,Marseille,Customer Success,https://jobs.ashbyhq.com/pennylane/aee463d7-fe24-4a7a-b54d-6f2248020a89,ashby,pennylane,aee463d7-fe24-4a7a-b54d-6f2248020a89
812,rejected,unknown,accounting/compliance,"Staff Accountant, Cyprus",blockchaincapital.com,Remote - Cyprus,Finance & Accounting,https://www.coinbase.com/careers/positions/8053751?gh_jid=8053751,greenhouse,coinbase,8053751
813,rejected,unknown,compliance engineering,"Engineering Lead / Manager, KYC (Relocation to Singapore)",airwallex.com,AU - Sydney,Engineering,https://jobs.ashbyhq.com/airwallex/b0628876-8e67-4e58-974e-a17558798daa,ashby,airwallex,b0628876-8e67-4e58-974e-a17558798daa
814,rejected,unknown,fintech product management,Senior Product Manager 🇫🇷,pennylane.com,Paris,Product,https://jobs.ashbyhq.com/pennylane/a4555925-195a-4a59-9367-fcaf27f2113d,ashby,pennylane,a4555925-195a-4a59-9367-fcaf27f2113d
815,rejected,unknown,field sales,Field Sales Consultant (Self-employed),teya.com,Nottingham,UK Operations,https://jobs.ashbyhq.com/teya/6e936449-833e-4a4b-a781-85021a3be229,ashby,teya,6e936449-833e-4a4b-a781-85021a3be229
816,rejected,unknown,wealth management sales,"Business Development and Enterprise Coverage, Private Banks and Wirehouses - Vice President   ",icapitalnetwork.com,"New York, New York, United States",Wealth Managers,https://job-boards.greenhouse.io/icapitalnetwork/jobs/8592520002,greenhouse,icapitalnetwork,8592520002
817,rejected,unknown,mechanical engineering robotics,"Mechanical Design Engineer, Tactile Sensing",garuda.vc,Palo Alto,Hardware Engineering,https://jobs.ashbyhq.com/mindrobotics/24763a89-1a90-4f85-8862-c3841e9a113b,ashby,mindrobotics,24763a89-1a90-4f85-8862-c3841e9a113b
818,rejected,unknown,healthcare management,"Manager, Clinical Support",fcventures.com,Remote,Clinical Support,https://bicyclehealth.com/careers-opportunities?gh_jid=6144266004,greenhouse,bicyclehealth,6144266004
819,rejected,unknown,payments backend engineering,"Senior Software Engineer, New Products ",airwallex.com,UK - London,Engineering,https://jobs.ashbyhq.com/airwallex/3b9f4b98-1731-4e1b-8895-0ca1b1bb1279,ashby,airwallex,3b9f4b98-1731-4e1b-8895-0ca1b1bb1279
820,rejected,unknown,sales operations analytics,Senior Sales Strategy Analyst,rho.com,"Madrid, Spain",Sales,https://job-boards.greenhouse.io/onetrust/jobs/8072577,greenhouse,onetrust,8072577
821,rejected,unknown,accounts payable clerk,Senior Accounting Clerk,mariner.com,"Overland Park, KS - Headquarters",Finance & Accounting,https://jobs.ashbyhq.com/mariner-careers/9577084d-2d87-48d1-a052-83fb18e959f3,ashby,mariner-careers,9577084d-2d87-48d1-a052-83fb18e959f3
822,rejected,unknown,real estate sales,3rd Party Property Management - Business Development Salesperson,simpleciti.com,,SimpleCITI,https://apply.workable.com/j/2A074F4C3C,workable,simpleciti,2A074F4C3C
823,rejected,unknown,human resources management,Human Resources Manager,verifone.com,"Boulogne-Billancourt, Hauts-de-Seine, France; Paris, Paris, France",Global Human Resources,https://job-boards.greenhouse.io/verifone/jobs/6690179003,greenhouse,verifone,6690179003
824,rejected,unknown,residential concierge services,Concierge Specialist - Jasper Towers,kairoi.com,"Jasper Towers -Denver, CO, Denver, United States",Operations - Community,https://careers.kairoi.com/jobs/670061-concierge-specialist-jasper-towers,teamtailor,careers.kairoi.com,abe67ce6-55d8-4181-8bdb-e9ac89386276
825,rejected,unknown,people operations HR,People Operations Manager (Regional),fundingsocieties.com,,People Experience,https://apply.workable.com/j/283AFAF56C,workable,fundingsocieties,283AFAF56C
826,rejected,unknown,healthcare product operations,Product Operations and Strategy Manager,abridge.com,SF Office,Builder,https://jobs.ashbyhq.com/Abridge/bdbe64c1-cb3e-4ba6-a0fe-0bf76372a673,ashby,Abridge,bdbe64c1-cb3e-4ba6-a0fe-0bf76372a673
827,rejected,unknown,crypto exchange customer service,Concierge Specialist IV,blockchaincapital.com,"Hybrid - London, UK",Customer Experience,https://www.coinbase.com/careers/positions/8031308?gh_jid=8031308,greenhouse,coinbase,8031308
828,rejected,unknown,space industry bid management,Bid Manager (m/f/d),earlybird.com,"Ottobrunn, Bavaria, Germany; Parsdorf, Bavaria, Germany",Commercial,https://job-boards.eu.greenhouse.io/isaraerospace/jobs/4922381101,greenhouse,isaraerospace,4922381101
829,rejected,unknown,recruiting/talent acquisition,Aprio PH - Early Talent Administrator,wealth.aprio.com,"Clark, Pampanga",People & Culture,https://jobs.lever.co/Aprio/47a38ed3-dd3f-4e6b-a6af-bb8b979c7062,lever,Aprio,47a38ed3-dd3f-4e6b-a6af-bb8b979c7062
830,rejected,unknown,revenue accounting,"Revenue Accountant, Cost of Revenue ",clay.com,New York,Finance,https://jobs.ashbyhq.com/claylabs/40ec734b-be2c-44c8-aa93-fed89e50fe68,ashby,claylabs,40ec734b-be2c-44c8-aa93-fed89e50fe68
831,rejected,unknown,tax planning advisory,Tax Manager (California) ,tuftoncapital.com,"Remote, USA",Wealth Solutions - Tax,https://job-boards.greenhouse.io/merceradvisors/jobs/5233048008,greenhouse,merceradvisors,5233048008
832,rejected,unknown,accounts payable operations,Accounts Payable Specialist ,fiveelms.com,"Porto, Portugal",Finance & Operations,https://job-boards.eu.greenhouse.io/reachdesk/jobs/4934562101,greenhouse,reachdesk,4934562101
833,rejected,unknown,facilities maintenance painting,"Centralized Painter - Greater North Dallas, TX",cortland.com,"Dallas, TX",Integrated Facilities,https://job-boards.greenhouse.io/cortland/jobs/4184575009,greenhouse,cortland,4184575009
834,rejected,unknown,healthcare tech fullstack,Senior Fullstack Engineer,primary.vc,Remote,Engineering,https://job-boards.greenhouse.io/jukeboxhealth/jobs/4362935009,greenhouse,jukeboxhealth,4362935009
835,rejected,unknown,international education growth,Global Growth Lead,passage.com,Nigeria,Growth,https://jobs.ashbyhq.com/passage/d8aaf14c-41d1-4afa-be82-cd7b6411868a,ashby,passage,d8aaf14c-41d1-4afa-be82-cd7b6411868a
836,rejected,unknown,clinical research finance,Senior Clinical Research Finance Specialist ,tauventures.com,"NYC HQ, Cambridge HQ or Southlake HQ",Finance,https://job-boards.greenhouse.io/iterativehealth/jobs/4671629006,greenhouse,iterativehealth,4671629006
837,rejected,unknown,digital marketing operations,Field & Digital Marketing Manager,aifund.ai,"Mountain View, CA",GTM,https://jobs.lever.co/AIFund/7eafd5a9-4ac2-4e1e-9687-909c29b2f8cd,lever,AIFund,7eafd5a9-4ac2-4e1e-9687-909c29b2f8cd
838,rejected,unknown,logistics forklift operator,CARISTE CACES 1 - 3 ET 5 (H/F),quadrillecapital.com,"AVIGNON, France",,https://jobtalentfrance.teamtailor.com/jobs/7969904-cariste-caces-1-3-et-5-h-f,teamtailor,jobtalentfrance,03eeddec-fdae-4d45-a20b-fb88df70f43f
839,rejected,unknown,accounting/close operations,Accountant (Contract),moomoo.com,,,https://apply.workable.com/j/5C9BDA3565,workable,moomoo,5C9BDA3565
840,rejected,unknown,wealth management client delivery,Client Delivery Specialist - Assistant Vice President,icapitalnetwork.com,"Stamford, Connecticut, United States",Data Solutions,https://job-boards.greenhouse.io/icapitalnetwork/jobs/8372741002,greenhouse,icapitalnetwork,8372741002
841,rejected,unknown,HR operations immigration,"Senior Manager, Global Mobility & Immigration",shieldcap.com,"Bellevue Office, Sunset Corporate Campus",G&A - Operations,https://job-boards.greenhouse.io/armada/jobs/5367138008,greenhouse,armada,5367138008
842,rejected,unknown,financial accounting,Senior Financial Accountant (US Focus),au.koala.com,"Sydney Treehouse, Alexandria, Australia",Finance,https://careers.koala.com/jobs/8171405-senior-financial-accountant-us-focus,teamtailor,koala-1743644840,3ad8f73e-40bc-4630-b815-684ac52829f6
843,rejected,unknown,marketing multimedia production,"Marketing Manager, Multimedia Producer",kaleelcompany.com,"Hybrid - New York, NY or Dallas, TX",Marketing,https://job-boards.greenhouse.io/fartherfinance/jobs/4717595005,greenhouse,fartherfinance,4717595005
844,rejected,unknown,payments sales development,Sales Development Representative - ePOS,mypos.com,"Milano, Italy",Sales,https://careers.mypos.com/jobs/7980181-sales-development-representative-epos,teamtailor,careers.mypos.com,fce87033-61d4-4544-be10-804e708ddbcd
845,rejected,unknown,accounting operations general,"Comptable clients, fournisseurs et général // General Accountant",redion.com,"Redion Holding, Saint-Denis, France",Finance,https://careers.redion.com/jobs/7939568-comptable-clients-fournisseurs-et-general-general-accountant,teamtailor,careers.redion.com,bc83adf9-f019-4703-841e-822f7849a361
846,rejected,unknown,business development sales,Senior Publisher Development Strategist,impact.com,New York,Customer Experience,https://job-boards.greenhouse.io/impact/jobs/8334786002,greenhouse,impact,8334786002
847,rejected,unknown,maritime shipping logistics,AGENT DE TRANSIT MARITIME CONFIRMÉ (H/F),quadrillecapital.com,"Rogerville, France",Tertaire,https://jobtalentfrance.teamtailor.com/jobs/7968534-agent-de-transit-maritime-confirme-h-f,teamtailor,jobtalentfrance,65688910-158b-4d66-bef7-58293eb5cb45
848,rejected,unknown,healthcare policy writing,Medical Policy Writer ,flarecapital.com,United States,Clinical Content,https://job-boards.greenhouse.io/coherehealth/jobs/7819291003,greenhouse,coherehealth,7819291003
849,rejected,unknown,advertising operations campaign,Campaign Manager,cafe.com,"New York, NY",Client Operations,http://boards.greenhouse.io/voxmedia/jobs/8112810?gh_jid=8112810,greenhouse,voxmedia,8112810
850,rejected,unknown,legal debt recovery,Letrado/a Procesal – Recuperación de Deuda,b2-impact.com,"Madrid, Spain",Investments,https://careers.b2-impact.es/jobs/8174149-letrado-a-procesal-recuperacion-de-deuda,teamtailor,careers.b2-impact.com,d75e552a-488d-4847-a7f1-b8a3f52b4d94
851,rejected,unknown,accounting operations,Group Accountant,impact.com,Cape Town,Finance,https://job-boards.greenhouse.io/impact/jobs/8612163002,greenhouse,impact,8612163002
852,rejected,unknown,IT/infrastructure systems,Senior IT Engineer (AI),645ventures.com,"Atlanta, Georgia; Austin, Texas; Boston, Massachusetts; Chicago, Illinois; Denver, Colorado; London, England; New York, New York; REMOTE - UK; REMOTE - US; San Francisco, California",People & Technology Enablement,https://job-boards.greenhouse.io/iterable/jobs/7984113,greenhouse,iterable,7984113
853,rejected,unknown,payments business optimization,Business Optimization Manager - Payments,ppro.com,Mexico City,Payment Partnership,https://jobs.lever.co/ppro/69b9a56f-2a13-4e67-836f-db926038df72,lever,ppro,69b9a56f-2a13-4e67-836f-db926038df72
854,rejected,unknown,healthcare patient communications,Medical Patient Language Writing Specialist,flarecapital.com,United States,Clinical Strategy,https://job-boards.greenhouse.io/coherehealth/jobs/7823094003,greenhouse,coherehealth,7823094003
855,adjacent,unknown,investment platform product strategy,シニア商品開発企画マネージャー Senior Product Strategy & Planning Manager,moomoo.com,,,https://apply.workable.com/j/72AFAFF491,workable,moomoo,72AFAFF491
856,rejected,unknown,payments infrastructure VP,"VP, Engineering (India)",verifone.com,"Bengaluru, Karnataka, India",Global Engineering,https://job-boards.greenhouse.io/verifone/jobs/7770517003,greenhouse,verifone,7770517003
857,rejected,unknown,healthcare clinical operations,"Director, Clinical Research Study Success  - CEE",tauventures.com,Poland,Ex-US,https://job-boards.greenhouse.io/iterativehealth/jobs/4700898006,greenhouse,iterativehealth,4700898006
858,rejected,unknown,demand generation marketing,Head of Demand Generation,array.vc,remote,Marketing,https://jobs.ashbyhq.com/capsule/34003a58-3f6f-4444-af5f-669a1e1b3706,ashby,capsule,34003a58-3f6f-4444-af5f-669a1e1b3706
859,rejected,unknown,healthcare intake operations,"Team Leader, Intake",flarecapital.com,"Hyderabad, Telangana, India",Intake Operations,https://job-boards.greenhouse.io/coherehealth/jobs/7854099003,greenhouse,coherehealth,7854099003
860,rejected,unknown,clinical research coordination,Clinical Research Coordinator II,tauventures.com,"Plano, Texas",MSO,https://job-boards.greenhouse.io/iterativehealth/jobs/4700947006,greenhouse,iterativehealth,4700947006
861,rejected,unknown,manufacturing ML engineering,Staff Machine Learning Engineer,cherry.vc,"North Bethesda, MD",Technology,https://job-boards.greenhouse.io/xometry/jobs/5153005007,greenhouse,xometry,5153005007
862,rejected,unknown,autonomous vehicle validation,"Systems Engineer, AI Validation ",firstminute.capital,Sunnyvale,"Simulation, Evaluation, Validation",https://wayve.firststage.co/jobs?gh_jid=8542296002,greenhouse,wayve,8542296002
863,rejected,unknown,healthcare quality/AI,"Senior Clinical Quality Manager, AI Transformation",rre.com,Remote,Medical Affairs & Strategy,https://job-boards.greenhouse.io/springhealth66/jobs/4711511005,greenhouse,springhealth66,4711511005
864,rejected,unknown,apparel technical design,"Senior Technical Designer, Men's Apparel",basisset.com,"San Francisco, California, United States",Product Merchandising,https://job-boards.greenhouse.io/quince/jobs/5226693008,greenhouse,quince,5226693008
865,rejected,unknown,engagement platform sales,Solutions Consultant,645ventures.com,REMOTE - US,Sales,https://job-boards.greenhouse.io/iterable/jobs/6587092,greenhouse,iterable,6587092
866,rejected,unknown,facilities painting,"Painter - Greater Fort Worth, TX",cortland.com,"Fort Worth, Texas",Integrated Facilities,https://job-boards.greenhouse.io/cortland/jobs/4313154009,greenhouse,cortland,4313154009
867,rejected,unknown,satellite systems product,Senior Product Manager,radical.vc,"San Jose, CA",Information Systems,https://job-boards.greenhouse.io/muonspace/jobs/5210515007,greenhouse,muonspace,5210515007
868,rejected,unknown,fintech compliance/AML,"Compliance Analyst, KYT – Transaction Monitoring",sogexia.com,Luxembourg,Conformité & Juridique,https://careers.sogexia.com/jobs/6107011-compliance-analyst-kyt-transaction-monitoring,teamtailor,careers.sogexia.com,f415b11e-8434-4cb6-b150-38830b7f133a
869,rejected,unknown,garage door services,Garage Door Doctor - General Application,guildgaragegroup.com,"Indianapolis, ID",Administrative,https://job-boards.greenhouse.io/guildgaragegroup/jobs/4002785009,greenhouse,guildgaragegroup,4002785009
870,rejected,unknown,cybersecurity marketing,"Director, Regional Marketing - Mid Market",forgepointcap.com,United States of America,Field Marketing,https://job-boards.greenhouse.io/huntress/jobs/7773785003,greenhouse,huntress,7773785003
871,rejected,unknown,fintech fraud investigation,FinCrime Investigator,satispay.com,"Luxembourg, Luxembourg",Fincrime Operations,https://jobs.ashbyhq.com/satispay/315cbd23-6479-4885-b9f2-fda542303a2f,ashby,satispay,315cbd23-6479-4885-b9f2-fda542303a2f
872,rejected,unknown,industrial facilities cleaning,Industrial Cleaner,maxcessintl.com,"Eureka, Missouri, United States",Facilities Supt and Maint,https://job-boards.greenhouse.io/maxcessinternational/jobs/5389371008,greenhouse,maxcessinternational,5389371008
873,rejected,unknown,crypto payments engineering,"Senior Staff Software Engineer, Payments",blockchaincapital.com,Remote - USA,Engineering - Backend,https://www.coinbase.com/careers/positions/8056068?gh_jid=8056068,greenhouse,coinbase,8056068
874,adjacent,unknown,investment brokerage operations,Investment Associate,paretosec.com,"Oslo, Norway",Wealth Management,https://paretosecurities.teamtailor.com/jobs/8107541-investment-associate,teamtailor,paretosecurities,f12bb762-bfb5-4c5a-b771-74c99cf88004
875,rejected,unknown,accounting payroll,"Senior Corporate Accountant, Payroll ",levelequity.com,"Guadalajara, Mexico",Finance,https://www.salesloft.com/company/careers?gh_jid=7973802,greenhouse,salesloft,7973802
876,rejected,unknown,tax operations management,Sales Tax Manager,bradymartz.com,,,https://apply.workable.com/j/6A61AF34DF,workable,brady-martz,6A61AF34DF
877,rejected,unknown,healthcare substance use care,"Director, Channel Enablement",lionheart.vc,Remote within the US,Sales,https://job-boards.greenhouse.io/pelago/jobs/5188742007,greenhouse,pelago,5188742007
878,rejected,unknown,management accounting,Senior Accountant (Management Accounting),gocardless.com,"Lisbon, Portugal",Finance,https://job-boards.greenhouse.io/gocardless/jobs/7930008,greenhouse,gocardless,7930008
879,rejected,unknown,wealth management fintech product,Product Manager (m/w/d) – Digital Wealth Management (apeiron),ginmon.de,"Frankfurt, Deutschland",Produkt,https://ginmon.recruitee.com/o/product-manager-mwd-digital-wealth-management-apeiron,recruitee,ginmon,2708569
880,rejected,unknown,ecommerce payment business,Business Developer Team Leader - Toporder by myPOS,mypos.com,"Andrezieux, Andrézieux-Bouthéon, France",,https://careers.mypos.com/jobs/8156403-business-developer-team-leader-toporder-by-mypos,teamtailor,careers.mypos.com,2e9c5712-e6b2-4fed-b03e-84f3853955a7
881,rejected,unknown,accounting operations,Accountant 🇱🇹,montonio.com,"Vilnius, Lithuania",Admin & HQ,https://careers.montonio.com/jobs/8046870-accountant,teamtailor,careers.montonio.com,085dfe64-3b29-4b9d-ad07-4466a5eb65f7
882,rejected,unknown,insurance account management,Technical Account Manager - Canadian Casualty,priceforbes.com,"Price Forbes Insurance, London, United Kingdom","Ardonagh Specialty - Insurance/Profin, Global Casualty and UK&I",https://ardonaghspeciality.teamtailor.com/jobs/8167974-technical-account-manager-canadian-casualty,teamtailor,ardonaghspeciality,b8e06ab1-d1f1-407b-ade6-55a699f9a633
883,rejected,unknown,manufacturing operations sourcing,"Manager, Sourcing",cherry.vc,"Bangalore, India",Operations,https://job-boards.greenhouse.io/xometry/jobs/5187358007,greenhouse,xometry,5187358007
884,rejected,unknown,crypto exchange customer service,Concierge Specialist IV,blockchaincapital.com,Hybrid - Singapore,Customer Experience,https://www.coinbase.com/careers/positions/7994501?gh_jid=7994501,greenhouse,coinbase,7994501
885,rejected,unknown,autonomous mobility data science,"Director, Data Science",mavenventures.com,"Remote, USA",Autonomy Engineering,https://job-boards.greenhouse.io/maymobility/jobs/8561428002,greenhouse,maymobility,8561428002
886,rejected,unknown,open source security sales,Senior Partner Sales Engineer - Brazil,alphapartners.com,Brazil - Remote,International Sales Engineering,https://job-boards.greenhouse.io/chainguard/jobs/4671409006,greenhouse,chainguard,4671409006
887,rejected,unknown,real estate fund accounting,"Senior Fund Accountant - Atlanta, GA",cortland.com,"Atlanta, Georgia, United States",Fund Accounting ,https://job-boards.greenhouse.io/cortland/jobs/4297527009,greenhouse,cortland,4297527009
888,rejected,unknown,media production management,Channel Manager/Line Producer,step.com,"Greenville, NC",Production,https://job-boards.greenhouse.io/mrbeastyoutube/jobs/5978103004,greenhouse,mrbeastyoutube,5978103004
889,rejected,unknown,investment fund compliance,Depositary Services Compliance Analyst,swedbank.com,"Vilnius, Lithuania",,https://jobs.swedbank.com/jobs/27511-depositary-services-compliance-analyst,teamtailor,jobs.swedbank.com,13a22af2-4467-45e5-b58b-d651ea892694
890,rejected,unknown,payments field sales,Field Sales Representative,mypos.com,"Sofia - myPOS Store, Sofia, Bulgaria",,https://careers.mypos.com/jobs/8088647-field-sales-representative,teamtailor,careers.mypos.com,9a823e50-e156-46ae-b4d4-bf82f6ab7b10
891,rejected,unknown,support operations management,Customer Support Manager ,alphapartners.com,United States - Remote,Customer Support,https://job-boards.greenhouse.io/chainguard/jobs/4689095006,greenhouse,chainguard,4689095006
892,rejected,unknown,payments business development,Business Development Director (Paris),mangopay.com,"Mangopay France - Paris, Paris, France",Commercial,https://career.mangopay.com/jobs/8223692-business-development-director-paris,teamtailor,mangopay,083f039e-f223-4629-b5d6-148eeb637df0
893,rejected,unknown,tax/audit accounting,Associate Accountant - Tax and or Audit,bradymartz.com,,,https://apply.workable.com/j/690F52CBA0,workable,brady-martz,690F52CBA0
894,rejected,unknown,crypto ecosystem business,Senior Ecosystem Growth Manager,castleisland.vc,"London, UK",RippleX,https://ripple.com/careers/all-jobs/job/7742944?gh_jid=7742944,greenhouse,ripple,7742944
895,rejected,unknown,healthcare AI clinical,Clinician Scientist,abridge.com,SF Office,Builder,https://jobs.ashbyhq.com/Abridge/89db9a1b-a590-4f17-be65-ac21507945c0,ashby,Abridge,89db9a1b-a590-4f17-be65-ac21507945c0
896,rejected,unknown,infrastructure fund accounting,Sr. Accountant,cimgroup.com,"Phoenix, AZ",Fund Accounting,https://jobs.lever.co/cimgroup/f400b5c8-a112-4e4a-9819-7a1fa1c098ea,lever,cimgroup,f400b5c8-a112-4e4a-9819-7a1fa1c098ea
897,rejected,unknown,market intelligence iOS engineering,"Senior Staff Engineer, iOS",tribecavp.com,Remote - United Kingdom,Engineering,https://job-boards.greenhouse.io/alphasense/jobs/8578347002,greenhouse,alphasense,8578347002
898,rejected,unknown,life insurance engineering,"Senior Engineering Manager, Consumer",ethos.com,"Bangalore, India",Software Engineering,https://job-boards.greenhouse.io/ethoslife/jobs/8632941002,greenhouse,ethoslife,8632941002
899,rejected,unknown,revenue accounting,Revenue Accountant,clay.com,New York,Finance,https://jobs.ashbyhq.com/claylabs/82ca7670-1083-46e6-9ab4-a722fe535ef3,ashby,claylabs,82ca7670-1083-46e6-9ab4-a722fe535ef3
900,rejected,unknown,robotics quality management,Quality Manager (m/f/d),hvcapital.com,Munich,Prototyping & Production,https://job-boards.eu.greenhouse.io/arxroboticsgmbh/jobs/4951397101,greenhouse,arxroboticsgmbh,4951397101
901,rejected,unknown,compliance analyst; not quantitative finance,Compliance Analyst,tribecavp.com,Delhi,Compliance,https://job-boards.greenhouse.io/alphasense/jobs/8630664002,greenhouse,alphasense,8630664002
902,rejected,student_intern,dental hygienist trainee program; not finance,Traineeprogrammet - Nyexaminerad tandläkare till Smile Tandvård,smile.se,"Smilekontoret (Alvik), Bromma, Sweden",Avdelning: Tandläkare och Specialister,https://karriar.smile.se/jobs/2157197-traineeprogrammet-nyexaminerad-tandlakare-till-smile-tandvard,teamtailor,karriar.smile.se,463bcd1c-ff27-4bc3-bf3b-fb8b856decc1
903,rejected,unknown,go-to-market operations; not quant,GTM Ops Manager - EMEA,clay.com,London,GTM - Ops,https://jobs.ashbyhq.com/claylabs/2620226a-13b5-48be-a9a9-ff7769552a21,ashby,claylabs,2620226a-13b5-48be-a9a9-ff7769552a21
904,rejected,head_or_md,merchandising head; retail not finance,"Head of Merchandising - CPG, Canada",basisset.com,"Toronto, Ontario, Canada",International,https://job-boards.greenhouse.io/quince/jobs/5057532008,greenhouse,quince,5057532008
905,rejected,unknown,telehealth nurse triage; healthcare not quant,Telehealth Triage Registered Nurse (New York + Compact State RN License Required) ,ophelia.com,United States,Clinicians,https://job-boards.greenhouse.io/ophelia/jobs/4813741008,greenhouse,ophelia,4813741008
906,rejected,unknown,healthcare implementation; customer success not quant,"Implementation Manager, Healthcare",scopvc.com,"Marina del Rey, CA",Customer Success,https://job-boards.greenhouse.io/flip/jobs/5373568008,greenhouse,flip,5373568008
907,rejected,unknown,event lunch; not a job posting,Zero to One Live: Lunch with Andrew Ng,aifund.ai,Taipei,AI Fund,https://jobs.lever.co/AIFund/8fb6dbce-e038-4c25-aa10-b5137a2587cb,lever,AIFund,8fb6dbce-e038-4c25-aa10-b5137a2587cb
908,rejected,unknown,inventory accountant; general accounting not quant,Inventory Control Accountant,s2ginvestments.com,"Guadalajara, Jalisco",Finance,https://job-boards.greenhouse.io/mill/jobs/4718057005,greenhouse,Mill,4718057005
909,adjacent,lead,platform engineer at fintech; systems not research,Principal Software Engineer – Platform Engineering,tribecavp.com,Remote - United States,Engineering,https://job-boards.greenhouse.io/alphasense/jobs/8687641002,greenhouse,alphasense,8687641002
910,rejected,unknown,business development; partnership not quant,Partnerships / Channel Business Developer (PSP) (H/F),noelse.com,"Paris, France",Partenariats & Presales,https://careers.noelse.com/jobs/6583375-partnerships-channel-business-developer-psp-h-f,teamtailor,careers.noelse.com,d7b2d383-8506-4a48-8a60-2d82d27b6fa2
911,rejected,student_intern,apprentice bookkeeper; accounting not quant,Apprentice Bookkeeper,bpm.com,"Sioux Falls, SD",CAAS,https://jobs.lever.co/bpmcpa/e6ab4cff-9ac7-4d0b-b429-7dfbf6275c4f,lever,bpmcpa,e6ab4cff-9ac7-4d0b-b429-7dfbf6275c4f
912,rejected,senior_6_10,marketing platform engineer; not financial,Senior NetSuite Engineer,hydeparkvp.com,United States,Engineering,https://job-boards.greenhouse.io/attentive/jobs/4315071009,greenhouse,attentive,4315071009
913,rejected,unknown,retail sales position; not quant,Vendeur polyvalent H/F,quadrillecapital.com,"ST JEAN DE LUZ, FRANCE",Retail,https://jobtalentfrance.teamtailor.com/jobs/8216727-vendeur-polyvalent-h-f,teamtailor,jobtalentfrance,ebe332e9-d872-4969-895f-c79c6d9d72cf
914,rejected,unknown,mental health triage; healthcare not quant,"Clinical Care Navigator, After Hours (Tuesday to Saturday 4pm-12am ET)",rre.com,Remote,Care Navigation,https://job-boards.greenhouse.io/springhealth66/jobs/4710059005,greenhouse,springhealth66,4710059005
915,rejected,unknown,multifamily operations; property management not quant,Assistant Community Director (Floating) -	Ten50,kairoi.com,"Ten50 - Denver, CO, Denver, United States",Operations - Community,https://careers.kairoi.com/jobs/660344-assistant-community-director-floating-ten50,teamtailor,careers.kairoi.com,36728c6d-df04-49c7-b5bd-da62bcfa5f9c
916,rejected,unknown,procurement operations; supply chain not quant,Procurement Operations Manager,dawncapital.com,"Prague, Czech Republic",Finance,https://www.collibra.com/us/en/company/careers/job-listing/?gh_jid=8093994,greenhouse,collibra,8093994
917,rejected,unknown,delivery driver; logistics not quant,Chauffeur Livreur - Préparateur de Commandes H/F,quadrillecapital.com,"Pontault-Combault, France",Transport,https://jobtalentfrance.teamtailor.com/jobs/8088396-chauffeur-livreur-preparateur-de-commandes-h-f,teamtailor,jobtalentfrance,613b77e6-8139-4d1f-bfd1-8ca8291a1d15
918,adjacent,unknown,fintech but account management; sales not research,Account Management Lead - SMB,plaid.com,San Francisco HQ,All Departments,https://jobs.ashbyhq.com/plaid/822cc76e-10b8-49bc-86e4-aff2870ded25,ashby,plaid,822cc76e-10b8-49bc-86e4-aff2870ded25
919,rejected,unknown,retail sales position; not quant,Vendeur polyvalent H/F,quadrillecapital.com,"BRIANCON, Briançon, France",Retail,https://jobtalentfrance.teamtailor.com/jobs/8191435-vendeur-polyvalent-h-f,teamtailor,jobtalentfrance,4950d488-7a7d-4d63-a313-3723134823e7
920,rejected,head_or_md,physician for opioid treatment; healthcare not quant,Collaborating Physician (MD) - Pennsylvania and/or New Jersey Licensed,ophelia.com,United States,Clinicians,https://job-boards.greenhouse.io/ophelia/jobs/4569840008,greenhouse,ophelia,4569840008
921,rejected,unknown,asset event planning; aviation ops not quant,Asset Event Manager & Planner,jetsupport.com,"Chicago, IL",Planning and Leases,https://jobs.lever.co/jetsupport/18e8438d-dab9-4faf-ac40-e8b013c8c0e9,lever,jetsupport,18e8438d-dab9-4faf-ac40-e8b013c8c0e9
922,rejected,junior_0_2,audit associate; accounting not quant,"Aprio PH - Associate, Assurance Services (US Affordable Housing)",wealth.aprio.com,"Makati City, Metro Manila",Audit,https://jobs.lever.co/Aprio/81078fa4-783d-4c86-8245-4efeff7876cb,lever,Aprio,81078fa4-783d-4c86-8245-4efeff7876cb
923,rejected,unknown,staff accountant; general accounting not quant,Staff Accountant (Hybrid),enova.com,"Chicago, IL",Accounting,https://job-boards.greenhouse.io/enova/jobs/6549022,greenhouse,enova,6549022
924,adjacent,head_or_md,data strategy at finance; governance not research,"SVP, Enterprise Data Strategy & Governance",mariner.com,United States,Executive,https://jobs.ashbyhq.com/mariner-careers/ab2ac312-f00f-4367-97fb-83fdb01498d5,ashby,mariner-careers,ab2ac312-f00f-4367-97fb-83fdb01498d5
925,adjacent,senior_6_10,llm engineer at wealth ai; engineering not research,Senior LLM Engineer,getfinvest.com,India,Engineering,https://jobs.ashbyhq.com/finvest/23286307-6e76-4896-8558-5727b63ce7db,ashby,finvest,23286307-6e76-4896-8558-5727b63ce7db
926,rejected,new_grad,dentist position; dental not finance,Tandläkare - Smile Trelleborg,smile.se,"Trelleborg, Sweden",Avdelning: Tandläkare och Specialister,https://karriar.smile.se/jobs/7965892-tandlakare-smile-trelleborg,teamtailor,karriar.smile.se,30c28c7e-9ca3-4a39-9aaa-83e9dbb850e4
927,rejected,unknown,enterprise account director; sales not quant,Enterprise Account Director,levelequity.com,"United States, Remote",Enterprise Sales,https://www.salesloft.com/company/careers?gh_jid=8123080,greenhouse,salesloft,8123080
928,rejected,head_or_md,cto port software; not financial markets,Chief Technology Officer - Grieg Connect,monterro.com,"Grieg Connect - HQ, Oslo, Norway",Technology/Engineering/Development,https://careers.monterro.com/jobs/8217399-chief-technology-officer-grieg-connect,teamtailor,careers.monterro.com,86ab1a31-eeea-4dcb-afc5-7aa1df3900c1
929,rejected,junior_0_2,dental assistant; not finance-related,Tandsköterska - Smile Kramfors & Höga Kusten,smile.se,"Kramfors, Sweden, Höga Kusten, Ullånger",Avdelning: Tandsköterskor och Ortodontiassistenter,https://karriar.smile.se/jobs/7019406-tandskoterska-smile-kramfors-hoga-kusten,teamtailor,karriar.smile.se,00107c2e-0bbb-409e-aab9-9997b7984929
930,rejected,senior_6_10,product manager at retailer; fashion not quant,"Senior/Principal Product Manager, Retention",basisset.com,"Palo Alto, California, United States",Marketing (PM),https://job-boards.greenhouse.io/quince/jobs/5227702008,greenhouse,quince,5227702008
931,rejected,unknown,content producer; communications not quant,Content Producer,endeavor.org,"Ukraine, Kyiv",Marketing & Communications,https://careers.endeavor.org/jobs/8219004-content-producer,teamtailor,careers.endeavor.org,e2996609-8dca-469c-8c39-4be4b0121436
932,rejected,unknown,account executive healthcare; sales not quant,"Account Executive, Patient Experience",transformcap.com,United States - Remote,PX Sales,https://job-boards.greenhouse.io/tebra/jobs/4681866005,greenhouse,tebra,4681866005
933,rejected,head_or_md,vp marketing generic; no context,VP / Head of Marketing (Portfolio Company Role),equal.vc,Remote,Portfolio,https://jobs.ashbyhq.com/equal-ventures/70c77153-61f5-4597-bc1f-dfa469f0fa23,ashby,equal-ventures,70c77153-61f5-4597-bc1f-dfa469f0fa23
934,rejected,unknown,practice manager wealth advisory; excluded,Practice Manager ,evernestfa.com,"Sydney, New South Wales, Australia",Practice Management & Operations,https://job-boards.greenhouse.io/focuspartnersaustralia/jobs/6141953004,greenhouse,focuspartnersaustralia,6141953004
935,rejected,senior_6_10,enterprise sales account executive; sales not quant,"Senior Account Executive, Medical Device Manufacturing",oceans.ventures,"Somerville, MA",Sales,https://tulip.co/careers/job-posting/?gh_jid=7720118003,greenhouse,tulip,7720118003
936,rejected,unknown,communications at crypto firm; crypto excluded,Communications Manager,archetype.fund,United States (East Coast Time Zone) - Remote,Communications,https://jobs.lever.co/moonpay/ddeab868-7452-43b6-8f18-6e0718370ba4,lever,moonpay,ddeab868-7452-43b6-8f18-6e0718370ba4
937,rejected,lead,product designer at fintech; design not research,Lead Product Designer,spendesk.com,"Barcelona, Spain",PDE Office,https://career.spendesk.com/jobs/8209938-lead-product-designer,teamtailor,career.spendesk.com,cc86b74d-772e-4243-80fb-775cdef0886a
938,rejected,unknown,maintenance electrician; facilities not quant,Betriebselektriker / Elektriker (m/w/d),aditus.com,"Hannover, Deutschland",Corporate Operations,https://karriere.aditus.de/o/betriebselektriker-elektriker-mwd,recruitee,aditusgmbh,2342264
939,rejected,unknown,advisor marketing manager; marketing not quant,Advisor Marketing Manager,kaleelcompany.com,"Hybrid - Irving, TX",Marketing,https://job-boards.greenhouse.io/fartherfinance/jobs/4719044005,greenhouse,fartherfinance,4719044005
940,rejected,unknown,training coordinator fintech; compliance not quant,Functional Training Coordinator,satispay.com,"Milan, Italy","Governance, Legal & Compliance",https://jobs.ashbyhq.com/satispay/05d4af99-6eaa-415a-adc6-13872250632d,ashby,satispay,05d4af99-6eaa-415a-adc6-13872250632d
941,rejected,unknown,field electrician; facilities not quant,Electrician (Midlands),octopusenergygeneration.com,The Midlands (GB),Field Operations,https://jobs.lever.co/octoenergy/f8da664c-2b1c-4c44-a621-de6a2253ff1c,lever,octoenergy,f8da664c-2b1c-4c44-a621-de6a2253ff1c
942,rejected,unknown,estate planning partner; wealth advisory excluded,"Estate Planning Partner, UHNW (San Francisco)",tuftoncapital.com,San Francisco,Wealth Solutions - Estate Planning,https://job-boards.greenhouse.io/merceradvisors/jobs/5376531008,greenhouse,merceradvisors,5376531008
943,rejected,head_or_md,accounts payable director; accounting not quant,"Director, Accounts Payable",cherry.vc,"Bangalore, India",Accounting,https://job-boards.greenhouse.io/xometry/jobs/4792791007,greenhouse,xometry,4792791007
944,rejected,unknown,telehealth nurse practitioner; healthcare not quant,Telehealth Nurse Practitioner or Physician Assistant (Remote) - Delaware License,ophelia.com,United States,Clinicians,https://job-boards.greenhouse.io/ophelia/jobs/5105274008,greenhouse,ophelia,5105274008
945,rejected,mid_3_5,wealth advisor associate vp; wealth advisory excluded," AVP, Wealth Advisor ",kaleelcompany.com,Remote,Wealth Management,https://job-boards.greenhouse.io/fartherfinance/jobs/4710352005,greenhouse,fartherfinance,4710352005
946,rejected,unknown,accounting support specialist; not quant,Spécialiste Support Pilotage et Comptabilité (Télétravail complet possible - Perpignan),pennylane.com,All France (remote),Customer Success,https://jobs.ashbyhq.com/pennylane/52ee0bb6-9ed9-4b1c-805c-ebeb207c92ac,ashby,pennylane,52ee0bb6-9ed9-4b1c-805c-ebeb207c92ac
947,rejected,unknown,customer service bank; not quant,Kundtjänstmedarbetare till Svea Bank i Åseda,svea.com,"Åseda, Sweden",Kundtjänst,https://career.svea.com/jobs/8219906-kundtjanstmedarbetare-till-svea-bank-i-aseda,teamtailor,career.svea.com,f6300fff-6d84-48e4-aa1d-4fcfada6253a
948,adjacent,junior_0_2,renewable energy portfolio modeling; not markets quant,Portfolio Associate/ Senior Associate - Development Portfolio Management Team,octopusenergygeneration.com,London (GB),Development,https://jobs.lever.co/octoenergy/dd834d16-32a0-4df1-8e8a-def8bf0aeaf8,lever,octoenergy,dd834d16-32a0-4df1-8e8a-def8bf0aeaf8
949,rejected,unknown,aml operations team lead; compliance not quant,Operations Team Leader,tfbank.se,"Szczecin, Poland",AML,https://tfbank.teamtailor.com/jobs/8155792-operations-team-leader,teamtailor,tfbank,be0597e3-c711-411e-ac40-ba78ba691265
950,rejected,senior_6_10,senior financial accountant; accounting not quant,Senior Financial Accountant,satispay.com,"Luxembourg, Luxembourg","Finance, Procurement & Facility",https://jobs.ashbyhq.com/satispay/97b08260-2d42-4811-9809-4fc3561d428a,ashby,satispay,97b08260-2d42-4811-9809-4fc3561d428a
951,rejected,lead,head of manufacturing engineering; not finance,"Head of Process Engineering, Vandrel",interplay.vc,New York,Portfolio Companies,https://jobs.ashbyhq.com/interplay/88e52799-b2c8-42b7-a788-3ae8dfc65ce7,ashby,interplay,88e52799-b2c8-42b7-a788-3ae8dfc65ce7
952,rejected,unknown,enterprise account executive; sales not quant,Enterprise Account Executive - Denmark,alphapartners.com,Denmark - Remote,International Sales,https://job-boards.greenhouse.io/chainguard/jobs/4680594006,greenhouse,chainguard,4680594006
953,less_relevant,senior_6_10,accounting at quant shop; finance not trading,Senior Accountant (Trading),numerixsquant.com,Remote - US,Finance,https://jobs.ashbyhq.com/numerixs-quant/a04f25e7-d7aa-4f7a-9ec4-9e8d7418549a,ashby,numerixs-quant,a04f25e7-d7aa-4f7a-9ec4-9e8d7418549a
954,rejected,unknown,maintenance service manager; property ops not quant,Maintenance Assistant Service Manager (Residential),cimgroup.com,"Los Angeles, CA",SKR,https://jobs.lever.co/cimgroup/2bee46a9-3aa9-43c9-82e4-563ef4a0e5ed,lever,cimgroup,2bee46a9-3aa9-43c9-82e4-563ef4a0e5ed
955,rejected,unknown,software support technician; customer support not quant,Technicien Formateur Logiciel - Toporder by myPOS,mypos.com,"Ecully, Écully, France",Operations,https://careers.mypos.com/jobs/8021429-technicien-formateur-logiciel-toporder-by-mypos,teamtailor,careers.mypos.com,f4f6395b-3c63-4ad2-aba3-273aa732c4a0
956,rejected,unknown,clinical support specialist; healthcare admin not quant,Clinical Support Specialist- West,fcventures.com,Remote,Clinical Support,https://bicyclehealth.com/careers-opportunities?gh_jid=6138797004,greenhouse,bicyclehealth,6138797004
957,rejected,lead,principal software engineer open source; not financial,Principal Software Engineer (Libraries Platform) ,alphapartners.com,United Kingdom - Remote,R&D Engineering,https://job-boards.greenhouse.io/chainguard/jobs/4698959006,greenhouse,chainguard,4698959006
958,rejected,unknown,inventory lead; supply chain not quant,Inventory Lead ,insightpartners.com,Walnut CA,Operations,https://job-boards.greenhouse.io/misfitsmarket/jobs/7740493003,greenhouse,misfitsmarket,7740493003
959,rejected,unknown,content producer; marketing not quant,GTME Ecosystem - GTME & AI Teacher,clay.com,New York,Marketing,https://jobs.ashbyhq.com/claylabs/1b1c004f-0e6a-41b6-bac3-971448b63a07,ashby,claylabs,1b1c004f-0e6a-41b6-bac3-971448b63a07
960,rejected,unknown,benefits manager; hr not quant,Benefits Manager,kaleelcompany.com,"Hybrid  - New York, NY",People,https://job-boards.greenhouse.io/fartherfinance/jobs/4706684005,greenhouse,fartherfinance,4706684005
961,rejected,unknown,design operations manager; healthcare ai not quant,Design Operations Manager,abridge.com,SF Office,Builder,https://jobs.ashbyhq.com/Abridge/5697e743-b697-4c1e-a9cc-88a942533b79,ashby,Abridge,5697e743-b697-4c1e-a9cc-88a942533b79
962,rejected,senior_6_10,senior tax accountant; wealth advisory excluded,Senior Tax Accountant,waverly-advisors.com,Any Waverly Tax Location,Tax,https://job-boards.greenhouse.io/waverlyadvisorsllc/jobs/4219414009,greenhouse,waverlyadvisorsllc,4219414009
963,rejected,unknown,benefits manager; hr not quant,Benefits Manager,kaleelcompany.com,"Hybrid  - Irving, TX",People,https://job-boards.greenhouse.io/fartherfinance/jobs/4706671005,greenhouse,fartherfinance,4706671005
964,rejected,unknown,application engineer manufacturing; not finance,"Application Engineer, CNC & Sheet",cherry.vc,"Bangalore, India",Operations,https://job-boards.greenhouse.io/xometry/jobs/5100786007,greenhouse,xometry,5100786007
965,rejected,unknown,clinician telehealth provider; healthcare not quant,Provider (Physician Assistant/Nurse Practitioner) - East Region,fcventures.com,Remote,Clinicians,https://bicyclehealth.com/careers-opportunities?gh_jid=6015646004,greenhouse,bicyclehealth,6015646004
966,rejected,lead,staff robotics perception engineer; not financial,"Staff Engineer, Robotics Perception (m/f/d)",hvcapital.com,Munich,Autonomy & VVT,https://job-boards.eu.greenhouse.io/arxroboticsgmbh/jobs/4875205101,greenhouse,arxroboticsgmbh,4875205101
967,rejected,unknown,accounting software training consultant; not quant,Freelance - Consultant.e en Formation - Montpellier,pennylane.com,Montpellier,Partner Success - Cabinets comptable,https://jobs.ashbyhq.com/pennylane/48ab9a63-ab75-4559-ae81-687b57bd9b70,ashby,pennylane,48ab9a63-ab75-4559-ae81-687b57bd9b70
968,rejected,lead,product lead healthcare ai; product not quant,"Product Lead, Clinical Decision Support",abridge.com,SF Office,Builder,https://jobs.ashbyhq.com/Abridge/5acb269b-6ca0-4890-ae3f-ffb46e99d2ba,ashby,Abridge,5acb269b-6ca0-4890-ae3f-ffb46e99d2ba
969,rejected,senior_6_10,revenue operations manager; manufacturing not quant,"Senior Revenue Operations Manager, Post Sales",oceans.ventures,"Somerville, MA",Commercial,https://tulip.co/careers/job-posting/?gh_jid=7679282003,greenhouse,tulip,7679282003
970,rejected,senior_6_10,internal auditor at kraken; crypto excluded,"Senior Internal Auditor, Technology",payward.com,Canada,Risk & Audit,https://jobs.ashbyhq.com/kraken.com/d731dcf1-3c98-47f3-8719-cd58a27e08a4,ashby,kraken.com,d731dcf1-3c98-47f3-8719-cd58a27e08a4
971,rejected,unknown,technical accountant; accounting not quant,Technical Accountant,impact.com,Cape Town,Finance,https://job-boards.greenhouse.io/impact/jobs/8596596002,greenhouse,impact,8596596002
972,rejected,unknown,site operations manager; autonomous shuttle ops not quant,Site Operations Manager II,mavenventures.com,"Atlanta, GA - Onsite",Operations,https://job-boards.greenhouse.io/maymobility/jobs/8533137002,greenhouse,maymobility,8533137002
973,rejected,unknown,customer engagement; cybersecurity support not quant,Customer Engagement Manager,headline.com,"Remote, U.S.",Sales,https://bitwarden.com/careers/7829799003/?gh_jid=7829799003,greenhouse,bitwarden,7829799003
974,rejected,senior_6_10,senior corporate accountant tax; accounting not quant,"Senior Corporate Accountant, Tax",levelequity.com,"Guadalajara, Mexico",Finance,https://www.salesloft.com/company/careers?gh_jid=8100022,greenhouse,salesloft,8100022
975,rejected,unknown,insurance operations manager; insurance ops not quant,"Manager, Insurance Operations",mariner.com,United States,Strategy & Innovation,https://jobs.ashbyhq.com/mariner-careers/a311c521-f64f-430f-ae69-4ea8c9a82d24,ashby,mariner-careers,a311c521-f64f-430f-ae69-4ea8c9a82d24
976,rejected,unknown,customer success lead; recruiting ai not finance,Customer Success Lead,socialleverage.com,Toronto,GTM,https://jobs.ashbyhq.com/ribbon-ai/3eadc94f-cb21-4e99-9e2e-73e94cd09629,ashby,ribbon-ai,3eadc94f-cb21-4e99-9e2e-73e94cd09629
977,rejected,unknown,telehealth clinician; healthcare not quant,Provider (Physician Assistant/Nurse Practitioner) - East Region,fcventures.com,Remote,Clinicians,https://bicyclehealth.com/careers-opportunities?gh_jid=6005254004,greenhouse,bicyclehealth,6005254004
978,rejected,unknown,project manager construction; real estate not quant,Regional Project Manager (Construction),primary.vc,"Detroit, MI",Operations,https://job-boards.greenhouse.io/jukeboxhealth/jobs/4370212009,greenhouse,jukeboxhealth,4370212009
979,rejected,unknown,edd analyst aml; compliance not quant,EDD Analyst,resursbank.se,"Helsingborg, Ödåkra-väla, Sweden, Malmö",FCP,https://careers.resurs.com/jobs/8218426-edd-analyst,teamtailor,careers.resurs.com,5fa5da19-5117-49df-96d4-330a10faabd9
980,rejected,unknown,facilities painter; maintenance not quant,"Centralized Painter - Columbus, Ohio",cortland.com,"Columbus, OH",Integrated Facilities,https://job-boards.greenhouse.io/cortland/jobs/4305353009,greenhouse,cortland,4305353009
981,rejected,senior_6_10,senior business development satellite; not finance,Senior Business Development Manager - Commercial / Civil,radical.vc,Remote,Go to Market,https://job-boards.greenhouse.io/muonspace/jobs/5210900007,greenhouse,muonspace,5210900007
982,rejected,lead,aml team leader; compliance not quant,AML Team Leader,tfbank.se,"Szczecin, Poland",AML,https://tfbank.teamtailor.com/jobs/7875578-aml-team-leader,teamtailor,tfbank,20fe5783-b142-4e79-bfbb-e597e7145ceb
983,rejected,senior_6_10,senior accountant; tech company accounting not quant,Senior Accountant,shieldcap.com,United States (Remote),G&A - Finance,https://job-boards.greenhouse.io/armada/jobs/5291080008,greenhouse,armada,5291080008
984,rejected,head_or_md,head consumer partnerships marketing; marketing not quant,Head of Consumer Partnerships Marketing (Hybrid),enova.com,"Chicago, IL",Marketing ,https://job-boards.greenhouse.io/enova/jobs/8119767,greenhouse,enova,8119767
985,rejected,lead,staff engineer repositories open source; not financial,Staff Software Engineer (Repositories),alphapartners.com,Canada - Remote,R&D Engineering,https://job-boards.greenhouse.io/chainguard/jobs/4697557006,greenhouse,chainguard,4697557006
986,rejected,unknown,accountant swedish bank; accounting not quant,Vi söker redovisningsekonom,sparbankeneken.se,"Ryd, Sweden",Ekonomiavdelningen,https://sparbankeneken.teamtailor.com/jobs/8050889-vi-soker-redovisningsekonom,teamtailor,sparbankeneken,0e9d7f08-18c2-45a7-bd02-82995b7b62ab
987,rejected,unknown,business development payments fintech; sales not quant,Business Development Manager,unlimit.com,San Francisco,Sales,https://jobs.lever.co/unlimit/dbd40552-0b4a-497f-8712-c45f2e9afca7,lever,unlimit,dbd40552-0b4a-497f-8712-c45f2e9afca7
988,rejected,unknown,site reliability engineer; infrastructure not quant,Site Reliability Engineer ,1011vc.com,Portugal,Engineering,https://careers.feedzai.com/job_description?gh_jid=7727706,greenhouse,feedzai,7727706
989,rejected,unknown,electrician aerospace; facilities not quant,Electrician Ground Systems (m/w/d),earlybird.com,"Ottobrunn, Bavaria, Germany",Ground Systems,https://job-boards.eu.greenhouse.io/isaraerospace/jobs/4933869101,greenhouse,isaraerospace,4933869101
990,rejected,unknown,field account manager pos software; sales not quant,Field Account Manager  ,onlinepos.dk,Germany - Munich | Hybrid,helloTESS!,https://jobs.ashbyhq.com/everfield/7c7d53d8-394c-44a5-9fb2-b559213c3f4e,ashby,everfield,7c7d53d8-394c-44a5-9fb2-b559213c3f4e
991,,unknown,[dropped relevance 'unknown'] tudor macro application; insufficient detail,Discretionary Global Macro Application,tudor.com,All,Join Our Talent Network,https://job-boards.greenhouse.io/tudorgroup/jobs/942825,greenhouse,tudorgroup,942825
992,rejected,unknown,field sales executive fintech; sales not quant,Field Sales Executive (Singapore),unlimit.com,Singapore,Business Expansion,https://jobs.lever.co/unlimit/f96c06e4-6680-47f4-984c-e9421b898a12,lever,unlimit,f96c06e4-6680-47f4-984c-e9421b898a12
993,rejected,senior_6_10,senior program manager mental health; not quant,"Senior Program Manager, Dedicated Workplace Teams",rre.com,Remote,Operations,https://job-boards.greenhouse.io/springhealth66/jobs/4681418005,greenhouse,springhealth66,4681418005
994,rejected,unknown,maintenance invoice analyst; accounting not quant,Maintenance Invoice Analyst,jetsupport.com,"Pampanga, PHL",Underwriting,https://jobs.lever.co/jetsupport/ea5678e4-4743-4c1d-82fc-95677be61eb0,lever,jetsupport,ea5678e4-4743-4c1d-82fc-95677be61eb0
995,rejected,unknown,field sales representative fintech; sales not quant,Field Sales Representative (Singapore),unlimit.com,Singapore,Business Expansion,https://jobs.lever.co/unlimit/b2759966-67bd-4c9d-bb0c-a2be82e958d4,lever,unlimit,b2759966-67bd-4c9d-bb0c-a2be82e958d4
996,rejected,senior_6_10,senior software engineer rockets; aerospace not quant,Senior Software Engineer - C++ Flight Software (m/f/d),earlybird.com,"Ottobrunn, Bavaria, Germany; Parsdorf, Bavaria, Germany",Flight Software ,https://job-boards.eu.greenhouse.io/isaraerospace/jobs/4949362101,greenhouse,isaraerospace,4949362101
997,rejected,unknown,digital product lead fashion; retail not quant,Digital Product Lead - Fixed Term Contract,canterbury.com,"Bangalore, Bengaluru, India",,https://careers.pentland.com/jobs/7887088-digital-product-lead-fixed-term-contract,teamtailor,pentlandbrandsuk,63f93783-e4c4-4dd8-994d-6f85616c4ab6
998,rejected,unknown,field sales representative fintech; sales not quant,Field Sales Representative (Singapore & Hong Kong),unlimit.com,Singapore Office,Business Expansion,https://jobs.lever.co/unlimit/1146e1be-c6a7-4821-823f-b67e3e6b3875,lever,unlimit,1146e1be-c6a7-4821-823f-b67e3e6b3875
999,rejected,head_or_md,vp sales strategy manufacturing; not financial,"Vice President, Sales Strategy ",cherry.vc,"Lexington, KY",Marketplace Sales,https://job-boards.greenhouse.io/xometry/jobs/4770085007,greenhouse,xometry,4770085007
1000,rejected,unknown,executive assistant fintech; admin not quant,Executive Assistant,1011vc.com,"Porto, Portugal",Operations,https://careers.feedzai.com/job_description?gh_jid=8096864,greenhouse,feedzai,8096864
