verdict,reason,hub,title,firm,fit,relevance,url,id
keep,keep,hong kong,"Research Analyst, Vietnam Equities, Research",clsa.com,plausible,adjacent,https://citicclsa.wd3.myworkdayjobs.com/en-US/External/job/Hong-Kong/Research-Analyst--Vietnam-Equities--Research_JR003275,workday:citicclsa|wd3|External:/job/Hong-Kong/Research-Analyst--Vietnam-Equities--Research_JR003275
keep,keep,singapore,2027 Management Associate Programme - GFM003 GFM FX/Commod/Emission Derivatives,dbs.com,plausible,adjacent,https://dbs.wd3.myworkdayjobs.com/en-US/DBS_Careers/job/Singapore---Central/XMLNAME-2027-Management-Associate-Programme---GFM003-GFM-FX-Commod-Emission-Derivatives_WD87896,workday:dbs|wd3|DBS_Careers:/job/Singapore---Central/XMLNAME-2027-Management-Associate-Programme---GFM003-GFM-FX-Commod-Emission-Derivatives_WD87896
keep,keep,singapore,WEB DEVELOPER,~spark systems pte. ltd.,,,https://www.mycareersfuture.gov.sg/job/engineering/web-developer-spark-systems-ca1c16f1985d77dc764697e031340d70,mycareersfuture:singapore:ca1c16f1985d77dc764697e031340d70
keep,keep,singapore,"Senior Analyst, Global Credit",~omers asia pte. ltd.,,,https://www.mycareersfuture.gov.sg/job/banking-finance/senior-analyst-global-credit-omers-asia-3f06ff08bfd466867aba81e94719bff2,mycareersfuture:singapore:3f06ff08bfd466867aba81e94719bff2
keep,keep,singapore,Risk Analyst,"~exoduspoint capital management singapore, pte. ltd.",plausible,adjacent,https://www.mycareersfuture.gov.sg/job/banking-finance/risk-analyst-exoduspoint-capital-management-singapore-292e583aadab8775719c72e84ae465c8,mycareersfuture:singapore:292e583aadab8775719c72e84ae465c8
keep,keep,hong kong,Quant Trader,citibank.com.sg,plausible,less_relevant,https://citi.wd5.myworkdayjobs.com/en-US/2/job/Hong-Kong--Hong-Kong/Quant-Trader_26966889,workday:citi|wd5|2:/job/Hong-Kong--Hong-Kong/Quant-Trader_26966889
keep,keep,singapore,Quant Researcher #77900,~anradus pte. ltd.,stretch,relevant,https://www.mycareersfuture.gov.sg/job/banking-finance/quant-researcher-77900-anradus-9d50d610e4001585aa9e968bd8e94317,mycareersfuture:singapore:9d50d610e4001585aa9e968bd8e94317
keep,keep,singapore,Management Associate / Trainee (Full Time / Part Time),~wisdom asset management (apac) pte. limited,,,https://www.mycareersfuture.gov.sg/job/banking-finance/management-associate-trainee-wisdom-asset-management-35c27e0477a166b418acc3ae5ee7f862,mycareersfuture:singapore:35c27e0477a166b418acc3ae5ee7f862
keep,keep,singapore,Junior Software Engineer - AI/ML,~hcl singapore pte. ltd.,,,https://www.mycareersfuture.gov.sg/job/information-technology/junior-software-engineer-aiml-hcl-singapore-89393c2da5c22af6d915a51b77cd63d4,mycareersfuture:singapore:89393c2da5c22af6d915a51b77cd63d4
keep,keep,singapore,Investment Research Analyst,~boustead services pte. ltd.,plausible,adjacent,https://www.mycareersfuture.gov.sg/job/banking-finance/investment-research-analyst-boustead-services-f3623a8348f0609882baa27fd54c6c22,mycareersfuture:singapore:f3623a8348f0609882baa27fd54c6c22
keep,keep,singapore,Investment Associate Fund of Funds,~robert walters (singapore) pte ltd,plausible,adjacent,https://www.mycareersfuture.gov.sg/job/banking-finance/investment-associate-fund-funds-robert-walters-e156e3064d0f50aa3ed6d6b90d7b24ee,mycareersfuture:singapore:e156e3064d0f50aa3ed6d6b90d7b24ee
keep,keep,hong kong,Investment Associate,northerntrust.com,plausible,adjacent,https://ntrs.wd1.myworkdayjobs.com/en-US/northerntrust/job/Hong-Kong/Investment-Associate_R160242,workday:ntrs|wd1|northerntrust:/job/Hong-Kong/Investment-Associate_R160242
keep,keep,singapore,Fullstack Developer,~innova digital solutions pte. ltd.,,,https://www.mycareersfuture.gov.sg/job/information-technology/fullstack-developer-innova-digital-solutions-974108de345efd6935bf5dfe5bc274e1,mycareersfuture:singapore:974108de345efd6935bf5dfe5bc274e1
keep,keep,singapore,Front Office Risk Management - Global Markets Division,bankofsingapore.com,plausible,adjacent,https://ocbc.wd102.myworkdayjobs.com/en-US/External/job/OCBC-Singapore/Front-Office-Risk-Management---Global-Markets-Division_JR00010492,workday:ocbc|wd102|External:/job/OCBC-Singapore/Front-Office-Risk-Management---Global-Markets-Division_JR00010492
keep,keep,singapore,Finance and Treasury Management,~siam gas trading pte. ltd.,plausible,adjacent,https://www.mycareersfuture.gov.sg/job/accounting/finance-treasury-management-siam-gas-trading-167efa35a34792a64d2255fd93b924b2,mycareersfuture:singapore:167efa35a34792a64d2255fd93b924b2
keep,keep,singapore,"Finance Analyst, Product Control (Banking, 12 Month Contract) UID:2269",~persol singapore pte. ltd.,,,https://www.mycareersfuture.gov.sg/job/banking-finance/finance-analyst-product-control-uid2269-persol-singapore-3e94ead3ed06893f29a81bcde6c3649e,mycareersfuture:singapore:3e94ead3ed06893f29a81bcde6c3649e
keep,keep,singapore,"FX Spot Trading, Analyst",~barclays bank plc,plausible,adjacent,https://www.mycareersfuture.gov.sg/job/banking-finance/fx-spot-trading-analyst-barclays-bank-plc-88aecdc1a271308326d044b61ddee60d,mycareersfuture:singapore:88aecdc1a271308326d044b61ddee60d
keep,keep,singapore,Emerging Markets Trading - AM,bankofsingapore.com,plausible,adjacent,https://ocbc.wd102.myworkdayjobs.com/en-US/External/job/OCBC-Singapore/Emerging-Markets-Trading---AM_JR00010166,workday:ocbc|wd102|External:/job/OCBC-Singapore/Emerging-Markets-Trading---AM_JR00010166
keep,keep,singapore,Data Engineer,~abeam analytics pte. ltd.,,,https://www.mycareersfuture.gov.sg/job/information-technology/data-engineer-abeam-analytics-32b6eb460085de6ddd23eeedd4df00cb,mycareersfuture:singapore:32b6eb460085de6ddd23eeedd4df00cb
keep,keep,singapore,Commodities Analyst (Agricultural Products),~balyasny asset management (singapore) pte. ltd.,plausible,adjacent,https://www.mycareersfuture.gov.sg/job/banking-finance/commodities-analyst-balyasny-asset-management-0d6c2e0781d62805c7cbb09a919056b5,mycareersfuture:singapore:0d6c2e0781d62805c7cbb09a919056b5
keep,keep,hong kong,"Associate, Investment Solutions, Asset Management",clsa.com,plausible,adjacent,https://citicclsa.wd3.myworkdayjobs.com/en-US/External/job/Hong-Kong/Associate--Investment-Solutions--Asset-Management_JR003269,workday:citicclsa|wd3|External:/job/Hong-Kong/Associate--Investment-Solutions--Asset-Management_JR003269
keep,keep,singapore,"Analyst/Senior Analyst, Research",~maybank research pte. ltd.,,,https://www.mycareersfuture.gov.sg/job/banking-finance/analystsenior-analyst-research-maybank-research-ee6d6cdd18399800ea591327f15cd1c7,mycareersfuture:singapore:ee6d6cdd18399800ea591327f15cd1c7
keep,keep,singapore,"Analyst, Singapore",clsa.com,,,https://citicclsa.wd3.myworkdayjobs.com/en-US/External/job/Singapore/Analyst--Singapore_JR003252,workday:citicclsa|wd3|External:/job/Singapore/Analyst--Singapore_JR003252
keep,keep,singapore,AI Engineer – Capital Markets,~percept solutions pte. ltd.,plausible,adjacent,https://www.mycareersfuture.gov.sg/job/information-technology/ai-engineer-%E2%80%93-capital-markets-percept-solutions-427079e0cbd4064346418b3f8f7cb83c,mycareersfuture:singapore:427079e0cbd4064346418b3f8f7cb83c
keep,keep,singapore,AI Engineer (Banking Sector),~ntt singapore pte. ltd.,,,https://www.mycareersfuture.gov.sg/job/information-technology/ai-engineer-ntt-singapore-f8363c3345c1346a6f766be49f7b569e,mycareersfuture:singapore:f8363c3345c1346a6f766be49f7b569e
keep,keep,singapore,Systems Analyst – Equities Trading Systems,~d l resources pte ltd,stretch,adjacent,https://www.mycareersfuture.gov.sg/job/banking-finance/systems-analyst-%E2%80%93-equities-trading-systems-d-l-resources-655ef2c0b4c3c9610ffb5d29f9dc4b7b,mycareersfuture:singapore:655ef2c0b4c3c9610ffb5d29f9dc4b7b
keep,keep,singapore,Senior Trading Application Support Engineer (Rates & FX),"~wells fargo bank, national association",stretch,adjacent,https://www.mycareersfuture.gov.sg/job/information-technology/senior-trading-application-support-engineer-wells-fargo-bank-national-association-5dc1c63549272778e22325fac17ba7fa,mycareersfuture:singapore:5dc1c63549272778e22325fac17ba7fa
keep,keep,hong kong singapore deprioritized,Senior Software Engineer,jumptrading.com,stretch,adjacent,https://www.jumptrading.com/hr/job?gh_jid=7809758,greenhouse:jumptrading:7809758
keep,keep,singapore,Senior Software Engineer,~m-daq global pte. ltd.,,,https://www.mycareersfuture.gov.sg/job/engineering/senior-software-engineer-m-daq-global-a85e7ad988926a4528770a29749cfda6,mycareersfuture:singapore:a85e7ad988926a4528770a29749cfda6
keep,keep,singapore,Senior Java Full Stack Engineer,~advance software engineering pte. ltd.,,,https://www.mycareersfuture.gov.sg/job/information-technology/senior-java-full-stack-engineer-advance-software-engineering-6d22b104b2dacafe37db5c75bf4c1cc1,mycareersfuture:singapore:6d22b104b2dacafe37db5c75bf4c1cc1
keep,keep,singapore,Senior Analyst / Associate,~qatar investment authority advisory (asia pacific) pte. limited,,,https://www.mycareersfuture.gov.sg/job/banking-finance/senior-analyst-associate-qatar-investment-authority-advisory-f78e67b6de35af4c423321820f4ec11a,mycareersfuture:singapore:f78e67b6de35af4c423321820f4ec11a
keep,keep,singapore,Murex Market Risk,~aurionpro market systems pte. ltd.,plausible,less_relevant,https://www.mycareersfuture.gov.sg/job/information-technology/murex-market-risk-aurionpro-market-systems-b8d035b83e2dffa18e1d4906c7030b88,mycareersfuture:singapore:b8d035b83e2dffa18e1d4906c7030b88
keep,keep,singapore,Market Risk Executive (Oil & Energy Trading) | AWS+VB | Perm,~greenlane private ltd.,stretch,less_relevant,https://www.mycareersfuture.gov.sg/job/risk-management/market-risk-executive-awsvb-perm-greenlane-42030159dff91bbf733625d3c5ab9bd5,mycareersfuture:singapore:42030159dff91bbf733625d3c5ab9bd5
keep,keep,singapore,Equity Research (Senior Analyst and Above),~fenghe fund management pte. ltd.,stretch,adjacent,https://www.mycareersfuture.gov.sg/job/banking-finance/equity-research-fenghe-fund-management-978ac74ea2d8c1542d015ef900f8a7ee,mycareersfuture:singapore:978ac74ea2d8c1542d015ef900f8a7ee
keep,keep,singapore,Energy Derivatives Trader,~satellite international (singapore) pte. ltd.,stretch,less_relevant,https://www.mycareersfuture.gov.sg/job/others/energy-derivatives-trader-satellite-international-56050f6e2fea1b2753a8608206f8b5dd,mycareersfuture:singapore:56050f6e2fea1b2753a8608206f8b5dd
keep,keep,singapore,Chemical Trader,~satellite international (singapore) pte. ltd.,stretch,less_relevant,https://www.mycareersfuture.gov.sg/job/others/chemical-trader-satellite-international-49b56dbcd74d1a65456c72718af5bc2a,mycareersfuture:singapore:49b56dbcd74d1a65456c72718af5bc2a
keep,keep,singapore,AI Engineer,~norges bank singapore branch,,,https://www.mycareersfuture.gov.sg/job/banking-finance/ai-engineer-norges-bank-singapore-branch-833a32f650a9929a4d1efe60e039df0c,mycareersfuture:singapore:833a32f650a9929a4d1efe60e039df0c
keep,keep,singapore,Trader,~unique point management pte. ltd.,stretch,less_relevant,https://www.mycareersfuture.gov.sg/job/banking-finance/trader-unique-point-management-fc617f89082832aa49a694eb99736060,mycareersfuture:singapore:fc617f89082832aa49a694eb99736060
keep,keep,singapore,Systematic Commodities Trader,drw.com,plausible,less_relevant,https://drw.com/work-at-drw/listings/systematic-commodities-trader-3411510,site:drw:3411510
keep,keep,singapore,Software Analyst,~solidus it consulting pte. ltd.,,,https://www.mycareersfuture.gov.sg/job/information-technology/software-analyst-solidus-consulting-cc0e216d00d5d881b8328d6846a9779b,mycareersfuture:singapore:cc0e216d00d5d881b8328d6846a9779b
keep,keep,singapore deprioritized,"Senior Software Engineer, Trading Team",drw.com,stretch,adjacent,https://drw.com/work-at-drw/listings/senior-software-engineer-trading-team-3366589,site:drw:3366589
keep,keep,singapore,Senior Murex Market Risk Consultant,~luxoft information technology (singapore) pte. ltd.,stretch,adjacent,https://www.mycareersfuture.gov.sg/job/information-technology/senior-murex-market-risk-consultant-luxoft-information-technology-67557d8c7ae1af509f6164ce67a29269,mycareersfuture:singapore:67557d8c7ae1af509f6164ce67a29269
keep,keep,singapore,Senior Java Developer,~aurionpro market systems pte. ltd.,,,https://www.mycareersfuture.gov.sg/job/information-technology/senior-java-developer-aurionpro-market-systems-07b96238dd278a9ccbf1e05472362d58,mycareersfuture:singapore:07b96238dd278a9ccbf1e05472362d58
keep,keep,singapore,Research Analyst in Sustainable Finance (SGFIN),~national university of singapore,plausible,adjacent,https://www.mycareersfuture.gov.sg/job/sciences/research-analyst-sustainable-finance-national-university-singapore-00d7f7634a0649266981533ff2486d99,mycareersfuture:singapore:00d7f7634a0649266981533ff2486d99
keep,keep,singapore,Research Analyst - Quantitative Strategies,"~exoduspoint capital management singapore, pte. ltd.",strong,relevant,https://www.mycareersfuture.gov.sg/job/banking-finance/research-analyst-quantitative-strategies-exoduspoint-capital-management-singapore-35b277f7c49835c2e63a69ef2f32477f,mycareersfuture:singapore:35b277f7c49835c2e63a69ef2f32477f
keep,keep,singapore,Research Analyst (AI Data Engineer),~national university of singapore,plausible,adjacent,https://www.mycareersfuture.gov.sg/job/sciences/research-analyst-national-university-singapore-7cfab564c7650a485ec1aec5252adfc6,mycareersfuture:singapore:7cfab564c7650a485ec1aec5252adfc6
keep,keep,singapore,Quantitative Trading Analyst Intern,drw.com,plausible,less_relevant,https://drw.com/work-at-drw/listings/quantitative-trading-analyst-intern-3474906,site:drw:3474906
keep,keep,singapore,Quantitative Trading Analyst,drw.com,plausible,less_relevant,https://drw.com/work-at-drw/listings/quantitative-trading-analyst-3474920,site:drw:3474920
keep,keep,singapore,"Quantitative Researcher, Equities",drw.com,strong,relevant,https://drw.com/work-at-drw/listings/quantitative-researcher-equities-3309128,site:drw:3309128
keep,keep,singapore,Quantitative Researcher Equities,drw.com,strong,relevant,https://drw.com/work-at-drw/listings/quantitative-researcher-equities-3238583,site:drw:3238583
keep,keep,singapore,Quantitative Researcher - Machine Learning,drw.com,strong,relevant,https://drw.com/work-at-drw/listings/quantitative-researcher-machine-learning-3256559,site:drw:3256559
keep,keep,singapore,Quantitative Researcher,drw.com,strong,relevant,https://drw.com/work-at-drw/listings/quantitative-researcher-3474915,site:drw:3474915
keep,keep,singapore,Quantitative Research Intern,drw.com,strong,relevant,https://drw.com/work-at-drw/listings/quantitative-research-intern-3474904,site:drw:3474904
keep,keep,singapore,Quantitative Developer – Equity Options,drw.com,plausible,less_relevant,https://drw.com/work-at-drw/listings/quantitative-developer-equity-options-2562226,site:drw:2562226
keep,keep,hong kong singapore,Quantitative Developer | Trading Team,jumptrading.com,stretch,adjacent,https://www.jumptrading.com/hr/job?gh_jid=8105914,greenhouse:jumptrading:8105914
keep,keep,singapore,Quantitative Developer Intern (Python),drw.com,plausible,less_relevant,https://drw.com/work-at-drw/listings/quantitative-developer-intern-python-3463992,site:drw:3463992
keep,keep,singapore,Options Trading Systems Engineer,drw.com,plausible,adjacent,https://drw.com/work-at-drw/listings/options-trading-systems-engineer-3224409,site:drw:3224409
keep,keep,singapore,Market Strategist (AIA Investment Management),~aia investment management private limited,stretch,adjacent,https://www.mycareersfuture.gov.sg/job/banking-finance/market-strategist-aia-investment-management-d66351367636a4902950be9369fc12fd,mycareersfuture:singapore:d66351367636a4902950be9369fc12fd
keep,keep,singapore,Market Risk Specialist (Product Control),~aramco trading singapore pte. ltd.,stretch,less_relevant,https://www.mycareersfuture.gov.sg/job/others/market-risk-specialist-aramco-trading-singapore-467b0d5259cdc9c6cde0f19c695876d5,mycareersfuture:singapore:467b0d5259cdc9c6cde0f19c695876d5
keep,keep,hong kong,Machine Learning Research Engineer,janestreet.com,plausible,adjacent,https://www.janestreet.com/join-jane-street/apply/6802323002?gh_jid=6802323002,greenhouse:janestreet:6802323002
keep,keep,singapore,HFT Quant Trader #10279,~anradus pte. ltd.,stretch,less_relevant,https://www.mycareersfuture.gov.sg/job/risk-management/hft-quant-trader-10279-anradus-9fd546e5ec3ce277dc3102d748a14a54,mycareersfuture:singapore:9fd546e5ec3ce277dc3102d748a14a54
keep,keep,singapore,Fundamental Analyst – Convertible Arbitrage Strategy (Singapore),deshaw.com,,,https://www.deshaw.com/careers/fundamental-analyst-convertible-arbitrage-strategy-singapore-5786,site:deshaw:5786
keep,keep,stockholm,EQUITY RESEARCH ANALYST - BANKS AND ASSET MANAGEMENT SECTOR - STOCKHOLM,keplercheuvreux.com,stretch,adjacent,https://keplercheuvreux.teamtailor.com/jobs/8260352-equity-research-analyst-banks-and-asset-management-sector-stockholm,teamtailor:keplercheuvreux:9f57d014-71a0-433d-b395-f3c808a04141
keep,keep,singapore,Credit Analyst,~petron singapore trading pte. ltd.,,,https://www.mycareersfuture.gov.sg/job/accounting/credit-analyst-petron-singapore-trading-5c39bc95ec42854d8ae745926f9b9397,mycareersfuture:singapore:5c39bc95ec42854d8ae745926f9b9397
keep,keep,hong kong deprioritized,Campus Quantitative Research Intern (Off-Cycle - Winter/Spring 2027),jumptrading.com,out_of_scope,relevant,https://www.jumptrading.com/hr/job?gh_jid=8027898,greenhouse:jumptrading:8027898
keep,keep,singapore,"Analyst/Associate, Credit Research Analyst, Group Research, Global Financial Markets",dbs.com,plausible,adjacent,https://dbs.wd3.myworkdayjobs.com/en-US/DBS_Careers/job/Singapore---Central/Analyst-Associate--Credit-Research-Analyst--Group-Research--Global-Financial-Markets_WD87839,workday:dbs|wd3|DBS_Careers:/job/Singapore---Central/Analyst-Associate--Credit-Research-Analyst--Group-Research--Global-Financial-Markets_WD87839
keep,keep,singapore,Analyst Fixed Income,~ice data services singapore pte. ltd.,plausible,adjacent,https://www.mycareersfuture.gov.sg/job/banking-finance/analyst-fixed-income-ice-data-services-singapore-15d0a134764729a08d7a004a49e13066,mycareersfuture:singapore:15d0a134764729a08d7a004a49e13066
keep,keep,stockholm,(Senior) Quantitative Risk Analyst (Credit Risk),nordea.com,stretch,relevant,https://www.nordea.com/en/positions/senior-quantitative-risk-analyst-credit-risk,site:nordea:85886
keep,keep,stockholm,(Senior) Quantitative Risk Analyst (Credit Risk),nordea.com,stretch,relevant,https://arbetsformedlingen.se/platsbanken/annonser/31392931,jobtech:jobstream:31392931
keep,keep,singapore,Platform Engineer — Systematic Commodities,~dymon asia capital (singapore) pte. ltd.,stretch,adjacent,https://www.mycareersfuture.gov.sg/job/banking-finance/platform-engineer-%E2%80%94-systematic-commodities-dymon-asia-capital-af4a95132d007e599c5f0652fe59be80,mycareersfuture:singapore:af4a95132d007e599c5f0652fe59be80
keep,keep,singapore,NON-FERROUS METAL TRADING,~jin li industrial international pte. ltd.,stretch,adjacent,https://www.mycareersfuture.gov.sg/job/banking-finance/non-ferrous-metal-trading-jin-li-industrial-international-e17e8aac93066e7e611ee5049a6ccf91,mycareersfuture:singapore:e17e8aac93066e7e611ee5049a6ccf91
keep,keep,singapore,Metals Analyst,~phaidon international (singapore) pte. ltd.,,,https://www.mycareersfuture.gov.sg/job/wholesale-trade/metals-analyst-phaidon-international-7d4dbeda5f82a1afca30a491dc4707f2,mycareersfuture:singapore:7d4dbeda5f82a1afca30a491dc4707f2
keep,keep,singapore,Junior FX Trader,~bank of china limited,plausible,less_relevant,https://www.mycareersfuture.gov.sg/job/banking-finance/junior-fx-trader-bank-china-b0c33a7d4139b942ef07bbbb41ac29b4,mycareersfuture:singapore:b0c33a7d4139b942ef07bbbb41ac29b4
keep,keep,singapore,Investment Analyst,~actelligent private limited,plausible,adjacent,https://www.mycareersfuture.gov.sg/job/banking-finance/investment-analyst-actelligent-5ed81bb1966f98468e1b16926e2bfafa,mycareersfuture:singapore:5ed81bb1966f98468e1b16926e2bfafa
keep,keep,singapore,Fixed Income Trader,~bank of china limited,stretch,less_relevant,https://www.mycareersfuture.gov.sg/job/banking-finance/fixed-income-trader-bank-china-d14d451412d0029b8e8f1d291adc3a5b,mycareersfuture:singapore:d14d451412d0029b8e8f1d291adc3a5b
keep,keep,singapore,Equity Research Analyst,~novelty dept store pte ltd,stretch,adjacent,https://www.mycareersfuture.gov.sg/job/banking-finance/equity-research-analyst-novelty-dept-store-52538cc2c12d1010111b624fa5ab2d1a,mycareersfuture:singapore:52538cc2c12d1010111b624fa5ab2d1a
keep,keep,singapore,Emerging Markets Asia FX & Rates Strategist,~barclays bank plc,,,https://www.mycareersfuture.gov.sg/job/banking-finance/emerging-markets-asia-fx-rates-strategist-barclays-bank-plc-c1d89389bae2f3a5484236b170bf445d,mycareersfuture:singapore:c1d89389bae2f3a5484236b170bf445d
keep,keep,singapore,ENERGY& CHEMICALS COMMODITY TRADING,~jin li industrial international pte. ltd.,stretch,adjacent,https://www.mycareersfuture.gov.sg/job/banking-finance/energy-chemicals-commodity-trading-jin-li-industrial-international-c5c783dd8731592327d73ffec06b950f,mycareersfuture:singapore:c5c783dd8731592327d73ffec06b950f
keep,keep,singapore,DERIVATIVES TRADER (FX),~jin li industrial international pte. ltd.,stretch,less_relevant,https://www.mycareersfuture.gov.sg/job/banking-finance/derivatives-trader-jin-li-industrial-international-62d2403a5b107ad3722091d389b8816d,mycareersfuture:singapore:62d2403a5b107ad3722091d389b8816d
keep,keep,hong kong deprioritized,Campus Quantitative Trader (Intern),jumptrading.com,plausible,less_relevant,https://www.jumptrading.com/hr/job?gh_jid=8027922,greenhouse:jumptrading:8027922
keep,keep,hong kong deprioritized,Campus Quantitative Researcher (Intern),jumptrading.com,plausible,relevant,https://www.jumptrading.com/hr/job?gh_jid=8027900,greenhouse:jumptrading:8027900
keep,keep,hong kong singapore deprioritized,Campus AI/ML Researcher,jumptrading.com,plausible,adjacent,https://www.jumptrading.com/hr/job?gh_jid=8027938,greenhouse:jumptrading:8027938
keep,keep,singapore,C++ Quantitative Developer – Pricing,~evolution recruitment solutions pte. ltd.,stretch,less_relevant,https://www.mycareersfuture.gov.sg/job/information-technology/c-quantitative-developer-%E2%80%93-pricing-evolution-recruitment-solutions-8707971bcdfa76270b9fbc37ea621093,mycareersfuture:singapore:8707971bcdfa76270b9fbc37ea621093
keep,keep,singapore,Business Data Analyst - CFA / Equity / Stock [SQL],~luxoft information technology (singapore) pte. ltd.,,,https://www.mycareersfuture.gov.sg/job/banking-finance/business-data-analyst-cfa-equity-stock-sql-luxoft-information-technology-55f28222095b87c36ab08a1408ce532b,mycareersfuture:singapore:55f28222095b87c36ab08a1408ce532b
keep,keep,singapore,Asia Equity Securities Lending (SBL) Trader,~toronto dominion (south east asia) limited,stretch,adjacent,https://www.mycareersfuture.gov.sg/job/banking-finance/asia-equity-securities-lending-trader-toronto-dominion-b18fd242ce9a0bac1bd5ca10576df443,mycareersfuture:singapore:b18fd242ce9a0bac1bd5ca10576df443
keep,keep,singapore,"Analyst, Macro Research",~maybank research pte. ltd.,,,https://www.mycareersfuture.gov.sg/job/banking-finance/analyst-macro-research-maybank-research-b4cec4d8ed71fa617dc61c708f672647,mycareersfuture:singapore:b4cec4d8ed71fa617dc61c708f672647
keep,keep,singapore,Ai Engineer,~techcom solutions (singapore) pte. ltd.,,,https://www.mycareersfuture.gov.sg/job/information-technology/ai-engineer-techcom-solutions-c6ca647c6262cdc98ea7dd32c4fda6bf,mycareersfuture:singapore:c6ca647c6262cdc98ea7dd32c4fda6bf
keep,keep,hong kong,"AI Product Analyst, Market Intelligence",~point72,,,https://boards.greenhouse.io/point72/jobs/8511578002?gh_jid=8511578002,greenhouse:point72:8511578002
keep,keep,singapore,Software Engineer (Java),~argyll scott consulting pte. ltd.,,,https://www.mycareersfuture.gov.sg/job/information-technology/software-engineer-argyll-scott-consulting-e50c14785f79803cd21e3fb3e3c4776f,mycareersfuture:singapore:e50c14785f79803cd21e3fb3e3c4776f
keep,keep,stockholm,"Senior Software Engineer: Market & Counterparty Risk | SEB, Solna",~seb,stretch,adjacent,https://jobbsafari.se/jobb/senior-software-engineer-market-counterparty-risk-seb-solna-ssseb-20513057,jobbsafari:sweden:20513057
keep,keep,singapore,Market Data & Trading Systems Engineer,tpicap.com,plausible,adjacent,https://tp.wd107.myworkdayjobs.com/en-US/TP-ICAP/job/Singapore/Market-Data-Engineer_R5732,workday:tp|wd107|TP-ICAP:/job/Singapore/Market-Data-Engineer_R5732
keep,keep,singapore,Junior Securities Dealer (Capital Market),~career story pte. ltd.,plausible,adjacent,https://www.mycareersfuture.gov.sg/job/banking-finance/junior-securities-dealer-career-story-49f86b4b3102b68292565ec5d6039ccb,mycareersfuture:singapore:49f86b4b3102b68292565ec5d6039ccb
keep,keep,singapore,Emerging Markets Asia FX & Rates Strategist,cards.barclaycardus.com,,,https://barclays.wd3.myworkdayjobs.com/en-US/External_Career_Site_Barclays/job/Singapore-Marina-Bay-Financial-Tower-2/Research-Analyst--Asia-FX---EM-Macro-Strategy_JR-0000128711,workday:barclays|wd3|External_Career_Site_Barclays:/job/Singapore-Marina-Bay-Financial-Tower-2/Research-Analyst--Asia-FX---EM-Macro-Strategy_JR-0000128711
keep,keep,singapore,"Derivatives Sales Trader, Commodities",clsa.com,plausible,adjacent,https://citicclsa.wd3.myworkdayjobs.com/en-US/External/job/Singapore/Derivatives-Sales-Trader--Commodities_JR003265,workday:citicclsa|wd3|External:/job/Singapore/Derivatives-Sales-Trader--Commodities_JR003265
keep,keep,singapore,Credit Risk Analyst (Portfolio & Risk Analytics),~greenlane private ltd.,strong,less_relevant,https://www.mycareersfuture.gov.sg/job/banking-finance/credit-risk-analyst-greenlane-0a131a3196bab0934fc0a95f07fb0c06,mycareersfuture:singapore:0a131a3196bab0934fc0a95f07fb0c06
keep,keep,singapore,Reputable and growing Commodities MNC: Risk Analyst/Middle Officer (Metals),~the resolute hunter pte. ltd.,plausible,adjacent,https://www.mycareersfuture.gov.sg/job/accounting/reputable-growing-commodities-mnc-risk-analystmiddle-officer-resolute-hunter-db1d0af860ab69013130b873756167fd,mycareersfuture:singapore:db1d0af860ab69013130b873756167fd
keep,keep,singapore,Quant Researcher #77900,~anradus pte. ltd.,stretch,relevant,https://www.mycareersfuture.gov.sg/job/banking-finance/quant-researcher-77900-anradus-7b3038bb1addf53aa61a8c2d834faccb,mycareersfuture:singapore:7b3038bb1addf53aa61a8c2d834faccb
keep,keep,singapore,Banking: FX Corporate Dealer,~the resolute hunter pte. ltd.,stretch,adjacent,https://www.mycareersfuture.gov.sg/job/accounting/banking-fx-corporate-dealer-resolute-hunter-a0f1542618613016adf246c4e6994679,mycareersfuture:singapore:a0f1542618613016adf246c4e6994679
keep,keep,singapore,Treasury Trader,~hr-pro recruitment services pte. ltd.,plausible,less_relevant,https://www.mycareersfuture.gov.sg/job/banking-finance/treasury-trader-hr-pro-recruitment-services-15b0eb70c71bcf97d798889b888a3bbd,mycareersfuture:singapore:15b0eb70c71bcf97d798889b888a3bbd
keep,keep,singapore,Sales Trader – Cross-Border Derivatives,~haitong international securities (singapore) pte. ltd.,plausible,adjacent,https://www.mycareersfuture.gov.sg/job/banking-finance/sales-trader-%E2%80%93-cross-border-derivatives-haitong-international-securities-36d5616c3ceae038f63f863d2e7b9b5a,mycareersfuture:singapore:36d5616c3ceae038f63f863d2e7b9b5a
keep,keep,singapore,Research Analyst,~point72,stretch,adjacent,https://boards.greenhouse.io/point72/jobs/8374726002?gh_jid=8374726002,greenhouse:point72:8374726002
keep,keep,hong kong new york deprioritized,Quantitative Researcher - Machine Learning,~point72,strong,relevant,https://boards.greenhouse.io/point72/jobs/8023550002?gh_jid=8023550002,greenhouse:point72:8023550002
keep,keep,hong kong new york deprioritized,Point72 Fund Flow Strategist,~point72,strong,relevant,https://boards.greenhouse.io/point72/jobs/8187982002?gh_jid=8187982002,greenhouse:point72:8187982002
keep,keep,singapore,Point72 Academy 2026 Investment Analyst Program for Experienced Professionals – Singapore,~point72,plausible,adjacent,https://boards.greenhouse.io/point72/jobs/8539265002?gh_jid=8539265002,greenhouse:point72:8539265002
keep,keep,hong kong,Point72 Academy 2026 Investment Analyst Program for Experienced Professionals – Hong Kong,~point72,plausible,adjacent,https://boards.greenhouse.io/point72/jobs/8538913002?gh_jid=8538913002,greenhouse:point72:8538913002
keep,keep,singapore,Multi Asset Investment Analyst,~guotai junan international asset management (singapore) pte. limited,stretch,adjacent,https://www.mycareersfuture.gov.sg/job/banking-finance/multi-asset-investment-analyst-guotai-junan-international-asset-management-3f6527ccbf727e786e88f8dcaeb901c4,mycareersfuture:singapore:3f6527ccbf727e786e88f8dcaeb901c4
keep,keep,singapore,Investment Research Analyst,~smtp consult pte. ltd.,plausible,adjacent,https://www.mycareersfuture.gov.sg/job/banking-finance/investment-research-analyst-smtp-consult-65b3f521a9ccaab6f2d0a1b219fd6c69,mycareersfuture:singapore:65b3f521a9ccaab6f2d0a1b219fd6c69
keep,keep,hong kong singapore,"International Sector Analyst, Market Intelligence (MI)-Data Research",~point72,,,https://boards.greenhouse.io/point72/jobs/8377772002?gh_jid=8377772002,greenhouse:point72:8377772002
keep,keep,hong kong,"Equity Research Analyst, EME",wellington.com,plausible,adjacent,https://wellington.wd5.myworkdayjobs.com/en-US/External/job/Central-Hong-Kong-Hong-Kong/Equity-Research-Analyst--EME_R92862-1,workday:wellington|wd5|External:/job/Central-Hong-Kong-Hong-Kong/Equity-Research-Analyst--EME_R92862-1
keep,keep,singapore,Derivatives Trading Executive,~singapore julong international investment pte. ltd.,plausible,adjacent,https://www.mycareersfuture.gov.sg/job/admin/derivatives-trading-executive-singapore-julong-international-investment-3c76d205d40829f0c7e7ee6e96114e5e,mycareersfuture:singapore:3c76d205d40829f0c7e7ee6e96114e5e
keep,keep,singapore,Cubist Quantitative Researcher,~point72,strong,relevant,https://boards.greenhouse.io/point72/jobs/7045980002?gh_jid=7045980002,greenhouse:point72:7045980002
keep,keep,hong kong,Cubist Quantitative Researcher,~point72,apply_now,relevant,https://boards.greenhouse.io/point72/jobs/7297555002?gh_jid=7297555002,greenhouse:point72:7297555002
keep,keep,hong kong,Cubist Quantitative Researcher,~point72,apply_now,relevant,https://boards.greenhouse.io/point72/jobs/7666631002?gh_jid=7666631002,greenhouse:point72:7666631002
keep,keep,hong kong deprioritized,Cubist Quantitative Researcher,~point72,strong,relevant,https://boards.greenhouse.io/point72/jobs/7045936002?gh_jid=7045936002,greenhouse:point72:7045936002
keep,keep,singapore,Cubist Quantitative Researcher,~point72,apply_now,relevant,https://boards.greenhouse.io/point72/jobs/7046019002?gh_jid=7046019002,greenhouse:point72:7046019002
keep,keep,hong kong deprioritized,Cubist Quantitative Researcher,~point72,stretch,relevant,https://boards.greenhouse.io/point72/jobs/7318012002?gh_jid=7318012002,greenhouse:point72:7318012002
keep,keep,hong kong,Cubist Quantitative Developer,~point72,stretch,less_relevant,https://boards.greenhouse.io/point72/jobs/7666604002?gh_jid=7666604002,greenhouse:point72:7666604002
keep,keep,singapore,Canvas Fundamental Researcher,~point72,plausible,adjacent,https://boards.greenhouse.io/point72/jobs/8545515002?gh_jid=8545515002,greenhouse:point72:8545515002
keep,keep,singapore,C++ Software Engineer,xtxmarkets.com,stretch,adjacent,https://job-boards.greenhouse.io/xtxmarketstechnologies/jobs/7831489003,greenhouse:xtxmarketstechnologies:7831489003
keep,keep,stockholm,Ansvarig Kapitalförvaltare,~lf stockholm,plausible,adjacent,https://jobbsafari.se/jobb/kapitalforvaltare-slsan-20487508,jobbsafari:sweden:20487508
keep,keep,singapore,"AI Product Analyst, Market Intelligence, Singapore",~point72,,,https://boards.greenhouse.io/point72/jobs/8630027002?gh_jid=8630027002,greenhouse:point72:8630027002
keep,keep,hong kong singapore,AI Data Scientist,~point72,plausible,relevant,https://boards.greenhouse.io/point72/jobs/8658618002?gh_jid=8658618002,greenhouse:point72:8658618002
keep,keep,singapore,"Treasury Dealer (Banking Industry, FX/Money Market/Fixed Income, $8k) (ID: 710039)",~persol singapore pte. ltd.,stretch,adjacent,https://www.mycareersfuture.gov.sg/job/banking-finance/treasury-dealer-persol-singapore-d8ddca4e23d004d57d81f9515100f6b8,mycareersfuture:singapore:d8ddca4e23d004d57d81f9515100f6b8
keep,keep,singapore,Structured Credit Trader,~commerzbank aktiengesellschaft,plausible,less_relevant,https://www.mycareersfuture.gov.sg/job/banking-finance/structured-credit-trader-commerzbank-aktiengesellschaft-18efbb4d6d5e91642528a77495887970,mycareersfuture:singapore:18efbb4d6d5e91642528a77495887970
keep,keep,singapore,Software Engineer(Data),~quesscorp singapore pte. ltd.,,,https://www.mycareersfuture.gov.sg/job/information-technology/software-engineer-quesscorp-singapore-e2ba0b1ffc81d704f6ca21bf8aa8b0ae,mycareersfuture:singapore:e2ba0b1ffc81d704f6ca21bf8aa8b0ae
keep,keep,hong kong,Senior Quant Researcher | High Frequency Delta 1,eclipsetrading.com,stretch,relevant,https://job-boards.greenhouse.io/eclipsetrading/jobs/4209233002,greenhouse:eclipsetrading:4209233002
keep,keep,singapore,Senior Java Developer (Agency contract),~persol singapore pte. ltd.,,,https://www.mycareersfuture.gov.sg/job/information-technology/senior-java-developer-persol-singapore-67df7826df58c473ffa1c713d4c39e17,mycareersfuture:singapore:67df7826df58c473ffa1c713d4c39e17
keep,keep,singapore,"Sales, Trading and Structuring Graduate Programme 2027 Singapore",~barclays bank plc,plausible,adjacent,https://www.mycareersfuture.gov.sg/job/banking-finance/sales-trading-structuring-graduate-programme-2027-singapore-barclays-bank-plc-a5a9f5171eb99872fccdd9fe29359115,mycareersfuture:singapore:a5a9f5171eb99872fccdd9fe29359115
keep,keep,singapore,Report Developer – Stock Trading System,~idc technologies (singapore) pte. ltd.,stretch,adjacent,https://www.mycareersfuture.gov.sg/job/information-technology/report-developer-%E2%80%93-stock-trading-system-idc-technologies-e98764a35a6169784eb10179d09bca7a,mycareersfuture:singapore:e98764a35a6169784eb10179d09bca7a
keep,keep,singapore,Multi-Asset Arbitrage Technology Engineer,~balyasny asset management (singapore) pte. ltd.,stretch,adjacent,https://www.mycareersfuture.gov.sg/job/banking-finance/multi-asset-arbitrage-technology-engineer-balyasny-asset-management-af6191223a2fc713cb57cfa218c9c54a,mycareersfuture:singapore:af6191223a2fc713cb57cfa218c9c54a
keep,keep,singapore,Junior Application Support Analyst,~stellar trading systems pte. ltd.,stretch,adjacent,https://www.mycareersfuture.gov.sg/job/information-technology/junior-application-support-analyst-stellar-trading-systems-44a02bb3ed6ad78ea1fb10073457b265,mycareersfuture:singapore:44a02bb3ed6ad78ea1fb10073457b265
keep,keep,singapore,HFT Quant Trader,~alphamatrix capital pte. ltd.,stretch,less_relevant,https://www.mycareersfuture.gov.sg/job/banking-finance/hft-quant-trader-alphamatrix-capital-b6e4e49517e1d607f7643c3c282e84b6,mycareersfuture:singapore:b6e4e49517e1d607f7643c3c282e84b6
keep,keep,hong kong,Graduate Trader | 2027 Intake,eclipsetrading.com,strong,less_relevant,https://job-boards.greenhouse.io/eclipsetrading/jobs/8703556002,greenhouse:eclipsetrading:8703556002
keep,keep,singapore,Fundamental Analyst – Convertible Arbitrage Strategy,~d. e. shaw & co. (singapore) pte. ltd.,,,https://www.mycareersfuture.gov.sg/job/banking-finance/fundamental-analyst-%E2%80%93-convertible-arbitrage-strategy-d-e-shaw-682d754108886ebf496b53fbda02a058,mycareersfuture:singapore:682d754108886ebf496b53fbda02a058
keep,keep,hong kong singapore deprioritized,Desk Quant Analyst,squarepoint-capital.com,plausible,adjacent,https://www.squarepoint-capital.com/open-opportunities?id=2546549&gh_jid=2546549,greenhouse:squarepointcapital:2546549
keep,keep,singapore,Business Management,tower-research.com,stretch,adjacent,https://www.tower-research.com/open-positions/?gh_jid=8146441,greenhouse:towerresearchcapital:8146441
keep,keep,singapore,Senior Execution Engineer,"~exoduspoint capital management singapore, pte. ltd.",stretch,adjacent,https://www.mycareersfuture.gov.sg/job/banking-finance/senior-execution-engineer-exoduspoint-capital-management-singapore-0cece410f33f430ff101a9dea11c1811,mycareersfuture:singapore:0cece410f33f430ff101a9dea11c1811
keep,keep,singapore,"Sales, Trading and Structuring Graduate Programme 2027 Singapore",cards.barclaycardus.com,plausible,adjacent,https://barclays.wd3.myworkdayjobs.com/en-US/External_Career_Site_Barclays/job/Singapore-Marina-Bay-Financial-Tower-2/Sales--Trading-and-Structuring-Graduate-Programme-2027-Singapore_JR-0000128131,workday:barclays|wd3|External_Career_Site_Barclays:/job/Singapore-Marina-Bay-Financial-Tower-2/Sales--Trading-and-Structuring-Graduate-Programme-2027-Singapore_JR-0000128131
keep,keep,hong kong,"Sales, Trading and Structuring Graduate Programme 2027 Hong Kong",cards.barclaycardus.com,plausible,adjacent,https://barclays.wd3.myworkdayjobs.com/en-US/External_Career_Site_Barclays/job/Hong-Kong-Cheung-Kong-Center/Sales--Trading-and-Structuring-Graduate-Programme-2027-Hong-Kong_JR-0000128133,workday:barclays|wd3|External_Career_Site_Barclays:/job/Hong-Kong-Cheung-Kong-Center/Sales--Trading-and-Structuring-Graduate-Programme-2027-Hong-Kong_JR-0000128133
keep,keep,singapore,Report Developer - Banking (or) Finance (ETL/PySpark/sql),~basil technologies pte. ltd.,,,https://www.mycareersfuture.gov.sg/job/information-technology/report-developer-banking-finance-basil-technologies-420c82ea5514621794ba9cd3de4f9885,mycareersfuture:singapore:420c82ea5514621794ba9cd3de4f9885
keep,keep,singapore,Quantitative Trading Analyst,~cumberland sg pte. ltd.,plausible,less_relevant,https://www.mycareersfuture.gov.sg/job/banking-finance/quantitative-trading-analyst-cumberland-sg-2e560a40f096f9fb799fb54482dd3a36,mycareersfuture:singapore:2e560a40f096f9fb799fb54482dd3a36
keep,keep,singapore,Night Dealer,~tickrs financial singapore pte. ltd.,plausible,adjacent,https://www.mycareersfuture.gov.sg/job/banking-finance/night-dealer-tickrs-financial-singapore-0e04b4b7a845c9e526097b186cf5fa41,mycareersfuture:singapore:0e04b4b7a845c9e526097b186cf5fa41
keep,keep,singapore,Market Data Engineer,~parameta solutions (singapore) pte. limited,stretch,adjacent,https://www.mycareersfuture.gov.sg/job/banking-finance/market-data-engineer-parameta-solutions-37d2077963684423bc491b3d95a73191,mycareersfuture:singapore:37d2077963684423bc491b3d95a73191
keep,keep,singapore,Low-Latency C++ Developer [Equity / Market Data / Trading],~luxoft information technology (singapore) pte. ltd.,plausible,less_relevant,https://www.mycareersfuture.gov.sg/job/banking-finance/low-latency-c-developer-equity-market-data-trading-luxoft-information-technology-7d5e77e8299e99e314d3de3dd6e81622,mycareersfuture:singapore:7d5e77e8299e99e314d3de3dd6e81622
keep,keep,singapore,"Internship, Global Markets, Business Management Unit/ System Solution Analytics [Aug to Dec 2026]",bankofsingapore.com,plausible,adjacent,https://ocbc.wd102.myworkdayjobs.com/en-US/External/job/OCBC-Singapore/Internship--Global-Markets--Business-Management-Unit--System-Solution-Analytics--Aug-to-Dec-2026-_JR00010282,workday:ocbc|wd102|External:/job/OCBC-Singapore/Internship--Global-Markets--Business-Management-Unit--System-Solution-Analytics--Aug-to-Dec-2026-_JR00010282
keep,keep,singapore,Institutional Dealer (Shift Work),~robert walters (singapore) pte ltd,plausible,adjacent,https://www.mycareersfuture.gov.sg/job/banking-finance/institutional-dealer-robert-walters-08d7de74cf9612d2125a054f5807659d,mycareersfuture:singapore:08d7de74cf9612d2125a054f5807659d
keep,keep,singapore,Information Technology Consultant,~persol singapore pte. ltd.,,,https://www.mycareersfuture.gov.sg/job/information-technology/information-technology-consultant-persol-singapore-d06227438f1ad7e0f953c3d43e92a009,mycareersfuture:singapore:d06227438f1ad7e0f953c3d43e92a009
keep,keep,singapore,Full Stack AI Engineer (Capital & Financial Market),~viseo asia pte. ltd.,,,https://www.mycareersfuture.gov.sg/job/information-technology/full-stack-ai-engineer-viseo-asia-92fcb718a82cf5ddcf739d1d3392b562,mycareersfuture:singapore:92fcb718a82cf5ddcf739d1d3392b562
keep,keep,singapore,Forex Software Developer,~societe generale,,,https://www.mycareersfuture.gov.sg/job/banking-finance/forex-software-developer-societe-generale-0d949fb4c743c7a7467f757b8ad3e644,mycareersfuture:singapore:0d949fb4c743c7a7467f757b8ad3e644
keep,keep,stockholm,"Equity Research Internship spring/summer 2027, Stockholm",~abg sundal collier,plausible,adjacent,https://jobbsafari.se/jobb/equity-research-internship-springsummer-2027-stockholm-scsom-20513286,jobbsafari:sweden:20513286
keep,keep,singapore,Electronic/Algo Sales Trader,~tp icap management services (singapore) pte. ltd.,stretch,adjacent,https://www.mycareersfuture.gov.sg/job/banking-finance/electronicalgo-sales-trader-tp-icap-management-services-bb1c0a309437d2082d034503ce178aac,mycareersfuture:singapore:bb1c0a309437d2082d034503ce178aac
keep,keep,singapore,2027 Summer Internship - Global Markets - Singapore,~ubs ag,plausible,adjacent,https://www.mycareersfuture.gov.sg/job/banking-finance/2027-summer-internship-global-markets-singapore-ubs-ag-5f878ac1e512f18be4dc9c593f10c56b,mycareersfuture:singapore:5f878ac1e512f18be4dc9c593f10c56b
keep,keep,hong kong,Strategist,schonfeld.com,plausible,less_relevant,https://job-boards.greenhouse.io/schonfeld/jobs/8119484,greenhouse:schonfeld:8119484
keep,keep,singapore,"Risk, Market Risk (Commodities), Associate, Singapore",~goldman sachs services (singapore) pte. ltd.,stretch,less_relevant,https://www.mycareersfuture.gov.sg/job/banking-finance/risk-market-risk-associate-singapore-goldman-sachs-services-6c100ef2208de3aa1775462a61c4556d,mycareersfuture:singapore:6c100ef2208de3aa1775462a61c4556d
keep,keep,singapore,Quantitative Risk Analyst,~grasshopper pte. ltd.,plausible,relevant,https://www.mycareersfuture.gov.sg/job/banking-finance/quantitative-risk-analyst-grasshopper-e577741dbf01807d3e191d4800f20bd9,mycareersfuture:singapore:e577741dbf01807d3e191d4800f20bd9
keep,keep,singapore,Quantitative Developer Intern,tower-research.com,stretch,less_relevant,https://www.tower-research.com/open-positions/?gh_jid=8138524,greenhouse:towerresearchcapital:8138524
keep,keep,singapore,Junior Finance Analyst | Contract | Bank,~manpower staffing services (singapore) pte ltd,,,https://www.mycareersfuture.gov.sg/job/accounting/junior-finance-analyst-contract-bank-manpower-staffing-services-9dff370483ef6ab76c5256c2c077ecf5,mycareersfuture:singapore:9dff370483ef6ab76c5256c2c077ecf5
keep,keep,stockholm,Internship till Risk & System,ap4.se,,,https://ap4.se/karriar/lediga-tjanster/internship-till-risk--system/,site:ap4:internship-till-risk--system
keep,keep,stockholm,"Internship till Allokering, Likvida Marknader och Analys på AP4",ap4.se,plausible,adjacent,https://ap4.se/karriar/lediga-tjanster/internship-till-allokering-likvida-marknader-och-analys-pa-ap4/,site:ap4:internship-till-allokering-likvida-marknader-och-analys-pa-ap4
keep,keep,stockholm,Förvaltare inom private equity till AP4,ap4.se,plausible,adjacent,https://ap4.se/karriar/lediga-tjanster/forvaltare-inom-private-equity-till-ap4/,site:ap4:forvaltare-inom-private-equity-till-ap4
keep,keep,singapore,Campus Quantitative Trader (Intern),jumptrading.com,plausible,less_relevant,https://www.jumptrading.com/hr/job?gh_jid=8027941,greenhouse:jumptrading:8027941
keep,keep,singapore,Campus Quantitative Researcher (Intern),jumptrading.com,plausible,relevant,https://www.jumptrading.com/hr/job?gh_jid=8027939,greenhouse:jumptrading:8027939
keep,keep,singapore,Software Engineer (Fullstack),~grasshopper pte. ltd.,,,https://www.mycareersfuture.gov.sg/job/engineering/software-engineer-grasshopper-beb3e3d9b74ffe0834c48850aedc48f8,mycareersfuture:singapore:beb3e3d9b74ffe0834c48850aedc48f8
keep,keep,singapore,Software Engineer,~optiver singapore trading pte. ltd.,,,https://www.mycareersfuture.gov.sg/job/information-technology/software-engineer-optiver-singapore-trading-9f910b1f0f04ace7b6d53ad7df3810e7,mycareersfuture:singapore:9f910b1f0f04ace7b6d53ad7df3810e7
keep,keep,singapore,Software Developer,~grasshopper pte. ltd.,stretch,adjacent,https://www.mycareersfuture.gov.sg/job/banking-finance/software-developer-grasshopper-6b9e7900883dd1cfdb4f4c4c91b4a2f2,mycareersfuture:singapore:6b9e7900883dd1cfdb4f4c4c91b4a2f2
keep,keep,singapore,Software Developer,~squarepoint services singapore pte. ltd.,,,https://www.mycareersfuture.gov.sg/job/banking-finance/software-developer-squarepoint-services-singapore-7af0ce394f08f81489bd21ec2dbd2db9,mycareersfuture:singapore:7af0ce394f08f81489bd21ec2dbd2db9
keep,keep,singapore,Software Developer,~squarepoint services singapore pte. ltd.,,,https://www.mycareersfuture.gov.sg/job/banking-finance/software-developer-squarepoint-services-singapore-2ab79dbdc6d7865eaac80b0950f38f68,mycareersfuture:singapore:2ab79dbdc6d7865eaac80b0950f38f68
keep,keep,singapore,Research - Quantitative Strategy - Associate,~ubs ag,plausible,relevant,https://www.mycareersfuture.gov.sg/job/banking-finance/research-quantitative-strategy-associate-ubs-ag-e3c3fa4f231cf97c13710ae4598dd1b1,mycareersfuture:singapore:e3c3fa4f231cf97c13710ae4598dd1b1
keep,keep,singapore,Quant Researcher #77900,~anradus pte. ltd.,stretch,relevant,https://www.mycareersfuture.gov.sg/job/banking-finance/quant-researcher-77900-anradus-9415534e1f25182ec909a0bb30652616,mycareersfuture:singapore:9415534e1f25182ec909a0bb30652616
keep,keep,hong kong singapore,Hong Kong + Singapore Equity Research Discovery Program: October,sig.com,plausible,adjacent,https://careers-sig.icims.com/jobs/11153/hong-kong-%2b-singapore-equity-research-discovery-program%3a-october/job,icims:sig:11153
keep,keep,singapore,FX Dealer,~revup consulting pte. ltd.,stretch,adjacent,https://www.mycareersfuture.gov.sg/job/banking-finance/fx-dealer-revup-consulting-d943678954948034fd0e822f844076e1,mycareersfuture:singapore:d943678954948034fd0e822f844076e1
keep,keep,singapore,C++ Software Developer,~viseo asia pte. ltd.,,,https://www.mycareersfuture.gov.sg/job/information-technology/c-software-developer-viseo-asia-fc043b40052d71ff0670375e128af24a,mycareersfuture:singapore:fc043b40052d71ff0670375e128af24a
keep,keep,stockholm,Valuation Control Analyst at Swedbank,swedbank.com,stretch,adjacent,https://jobs.swedbank.com/jobs/27339-valuation-control-analyst-at-swedbank,teamtailor:jobs.swedbank.com:eddbb6a4-1dc4-435d-87a4-e664b9e4b439
keep,keep,singapore,Treasury & Markets Associate (Junior Level),~greenlane private ltd.,stretch,adjacent,https://www.mycareersfuture.gov.sg/job/banking-finance/treasury-markets-associate-greenlane-ff83262418f48738affd78fc8abe0333,mycareersfuture:singapore:ff83262418f48738affd78fc8abe0333
keep,keep,stockholm,Senior quantitative analyst within credit risk and capital,swedbank.com,stretch,relevant,https://jobs.swedbank.com/jobs/27496-senior-quantitative-analyst-within-credit-risk-and-capital,teamtailor:jobs.swedbank.com:43ead79f-9243-43a4-b725-f871ce109d36
keep,keep,stockholm,Ränteförvaltare till Swedbank Robur,swedbank.com,plausible,adjacent,https://jobs.swedbank.com/jobs/27392-ranteforvaltare-till-swedbank-robur,teamtailor:jobs.swedbank.com:671b2af8-78bf-44ea-95c5-149d8d024e69
keep,keep,singapore,Multi-Strat and Investment AI Specialist,bankofsingapore.com,plausible,less_relevant,https://ocbc.wd102.myworkdayjobs.com/en-US/External/job/BOS-Singapore/Multi-Strat-and-Investment-AI-Specialist_JR00009150,workday:ocbc|wd102|External:/job/BOS-Singapore/Multi-Strat-and-Investment-AI-Specialist_JR00009150
keep,keep,singapore,Information Technology Consultant (Contract),~persol singapore pte. ltd.,,,https://www.mycareersfuture.gov.sg/job/information-technology/information-technology-consultant-persol-singapore-baa3f6f2c2ccd42e9dfeda83ed992f1b,mycareersfuture:singapore:baa3f6f2c2ccd42e9dfeda83ed992f1b
keep,keep,singapore,"Data Scientist, AI Lab",bankofsingapore.com,,,https://ocbc.wd102.myworkdayjobs.com/en-US/External/job/OCBC-Singapore/Data-Scientist--Manager-_JR00008453,workday:ocbc|wd102|External:/job/OCBC-Singapore/Data-Scientist--Manager-_JR00008453
keep,keep,stockholm,AP3 söker två globala aktieförvaltare,ap3.se,plausible,adjacent,https://karriar.ap3.se/jobs/8166837-ap3-soker-tva-globala-aktieforvaltare,teamtailor:karriar.ap3.se:694c0d71-b293-4ac9-817a-d3975fd97ea1
keep,keep,singapore,Senior Software Engineer,~refinitiv asia pte. ltd.,,,https://www.mycareersfuture.gov.sg/job/banking-finance/senior-software-engineer-refinitiv-asia-dff276e224521493eea63ecb94b111b3,mycareersfuture:singapore:dff276e224521493eea63ecb94b111b3
keep,keep,singapore,Senior Quantitative Analyst,~luxoft information technology (singapore) pte. ltd.,stretch,relevant,https://www.mycareersfuture.gov.sg/job/information-technology/senior-quantitative-analyst-luxoft-information-technology-582b37806dabb32257f5221c48f897c9,mycareersfuture:singapore:582b37806dabb32257f5221c48f897c9
keep,keep,stockholm,Senior Engineer – Systematic Equity,lynxhedge.se,stretch,adjacent,https://careers.lynxhedge.se/jobs/8039444-senior-engineer-systematic-equity,teamtailor:careers.lynxhedge.se:d77974ab-179a-44d2-94e0-f1d1c0e30143
keep,keep,singapore,R0446793 IB - Listed Derivatives Execution Solutions – Associate,~deutsche bank aktiengesellschaft,stretch,adjacent,https://www.mycareersfuture.gov.sg/job/banking-finance/r0446793-ib-listed-derivatives-execution-solutions-%E2%80%93-associate-deutsche-bank-aktiengesellschaft-94155474bcb663b5df1000f61ed87f3c,mycareersfuture:singapore:94155474bcb663b5df1000f61ed87f3c
keep,keep,singapore,Quantitative Researcher / Analyst,~chishi family office pte. ltd.,plausible,relevant,https://www.mycareersfuture.gov.sg/job/banking-finance/quantitative-researcher-analyst-chishi-family-office-6f8bb4bc51a890e13bdc897538a9bba8,mycareersfuture:singapore:6f8bb4bc51a890e13bdc897538a9bba8
keep,keep,singapore,"Markets – Sales and Trading, Full Time Analyst, Singapore - 2027",citibank.com.sg,plausible,adjacent,https://citi.wd5.myworkdayjobs.com/en-US/2/job/Singapore--Singapore/Markets---Sales-and-Trading--Full-Time-Analyst--Singapore---2027_26978295,workday:citi|wd5|2:/job/Singapore--Singapore/Markets---Sales-and-Trading--Full-Time-Analyst--Singapore---2027_26978295
keep,keep,singapore,"Low Latency Trading Application Developer (Equity, Banking Domain)",~smart information management systems private limited,plausible,less_relevant,https://www.mycareersfuture.gov.sg/job/banking-finance/low-latency-trading-application-developer-smart-information-management-systems-edf136d15ca73a0aa40b841c34876914,mycareersfuture:singapore:edf136d15ca73a0aa40b841c34876914
keep,keep,singapore,LPG Trader,~salling search pte. ltd.,stretch,adjacent,https://www.mycareersfuture.gov.sg/job/others/lpg-trader-salling-search-08812e1d717d521dc831e93312b11d88,mycareersfuture:singapore:08812e1d717d521dc831e93312b11d88
keep,keep,singapore,Junior Quantitative Analyst (Multi-Strategy),~goldden valley capital management pte. ltd.,plausible,adjacent,https://www.mycareersfuture.gov.sg/job/banking-finance/junior-quantitative-analyst-goldden-valley-capital-management-079ac1c8ab55c9372b460880688a5236,mycareersfuture:singapore:079ac1c8ab55c9372b460880688a5236
keep,keep,singapore,Intern - Oil Trading Operation,~sinochem international oil (singapore) pte ltd,stretch,adjacent,https://www.mycareersfuture.gov.sg/job/wholesale-trade/intern-oil-trading-operation-sinochem-international-oil-66467ce09e5349399351e7f523e4595e,mycareersfuture:singapore:66467ce09e5349399351e7f523e4595e
keep,keep,singapore,Graduate Trader (6-month),~onyx capital apac pte. ltd.,plausible,adjacent,https://www.mycareersfuture.gov.sg/job/others/graduate-trader-onyx-capital-apac-5fc378b6df37fc8dc5c3f13706ed3b10,mycareersfuture:singapore:5fc378b6df37fc8dc5c3f13706ed3b10
keep,keep,singapore,Fixed Income Portfolio Risk Consultant (6-months contract),~avanda investment management pte. ltd.,plausible,adjacent,https://www.mycareersfuture.gov.sg/job/banking-finance/fixed-income-portfolio-risk-consultant-avanda-investment-management-1e86d90e82def1f24af4e8068bdd94a2,mycareersfuture:singapore:1e86d90e82def1f24af4e8068bdd94a2
keep,keep,singapore,Fixed Income PM,"~taipei fubon commercial bank co., ltd. singapore branch",stretch,adjacent,https://www.mycareersfuture.gov.sg/job/banking-finance/fixed-income-pm-taipei-fubon-commercial-bank-co-singapore-branch-83b49cd704b0874b574af2c3fa30106b,mycareersfuture:singapore:83b49cd704b0874b574af2c3fa30106b
keep,keep,hong kong,Execution Trader,brevanhoward.com,plausible,less_relevant,https://wd3.myworkdaysite.com/en-US/BH_ExternalCareers/job/Hong-Kong/Execution-Trader_JR101554,workday:brevanhoward|wd3|BH_ExternalCareers|myworkdaysite.com:/job/Hong-Kong/Execution-Trader_JR101554
keep,keep,singapore,C++ Developer,~viseo asia pte. ltd.,,,https://www.mycareersfuture.gov.sg/job/information-technology/c-developer-viseo-asia-850778cd564f89b09de8d370624a400f,mycareersfuture:singapore:850778cd564f89b09de8d370624a400f
keep,keep,hong kong,Associate Cross-Asset Trader,manhong.com.hk,stretch,adjacent,https://job-boards.eu.greenhouse.io/mangroup/jobs/4752907101,greenhouse:mangroup:4752907101
keep,keep,singapore,Quantitative Trader | Trading Team,jumptrading.com,strong,less_relevant,https://www.jumptrading.com/hr/job?gh_jid=5870604,greenhouse:jumptrading:5870604
keep,keep,singapore,Quantitative Researcher/ Analyst,~techntea pte. ltd.,plausible,relevant,https://www.mycareersfuture.gov.sg/job/risk-management/quantitative-researcher-analyst-techntea-91f84f2a9c115d14262a62929d510aa0,mycareersfuture:singapore:91f84f2a9c115d14262a62929d510aa0
keep,keep,singapore,Quantitative Researcher,~alphagrep pte. ltd.,plausible,relevant,https://www.mycareersfuture.gov.sg/job/banking-finance/quantitative-researcher-alphagrep-e838d18cda838a704387afd88bc5dfb3,mycareersfuture:singapore:e838d18cda838a704387afd88bc5dfb3
keep,keep,hong kong,Graduate Trader,flowtraders.com,strong,less_relevant,https://job-boards.greenhouse.io/flowtraders/jobs/4782837,greenhouse:flowtraders:4782837
keep,keep,singapore,"Analyst, Investment",~polymer capital singapore pte. ltd.,,,https://www.mycareersfuture.gov.sg/job/banking-finance/analyst-investment-polymer-capital-singapore-9e837ff607b07055b8948f7afa573fac,mycareersfuture:singapore:9e837ff607b07055b8948f7afa573fac
keep,keep,stockholm,"Quantitative Risk Analyst, Credit Risk Data Management [Assistant/Regular/Senior]",nordea.com,stretch,relevant,https://www.nordea.com/en/positions/quantitative-risk-analyst-credit-risk-data-management-assistantregularsenior,site:nordea:85006
keep,keep,singapore,Quantitative Researcher,~qube research & technologies singapore pte. ltd.,apply_now,relevant,https://www.mycareersfuture.gov.sg/job/banking-finance/quantitative-researcher-qube-research-technologies-singapore-4453ef890e424c8a90c67f6c7e0f99e2,mycareersfuture:singapore:4453ef890e424c8a90c67f6c7e0f99e2
keep,keep,singapore,Portfolio Research & Analytics,~ks consulting pte. ltd.,stretch,adjacent,https://www.mycareersfuture.gov.sg/job/banking-finance/portfolio-research-analytics-ks-consulting-aa4b052ebd3815cabbf81ec9dd14ca54,mycareersfuture:singapore:aa4b052ebd3815cabbf81ec9dd14ca54
keep,keep,singapore,Japan Power Analyst,~jain global (singapore) pte. ltd.,,,https://www.mycareersfuture.gov.sg/job/banking-finance/japan-power-analyst-jain-global-66416177dc4e0f613d8bf7afc6c287ad,mycareersfuture:singapore:66416177dc4e0f613d8bf7afc6c287ad
keep,keep,singapore,Analytics & Risk Analyst,~white gate partners pte. ltd.,stretch,adjacent,https://www.mycareersfuture.gov.sg/job/banking-finance/analytics-risk-analyst-white-gate-partners-76a9a78f04e7704bdb59cba4591e61bd,mycareersfuture:singapore:76a9a78f04e7704bdb59cba4591e61bd
keep,keep,singapore,AI Equities Analyst,~luminous asset management pte. ltd.,plausible,adjacent,https://www.mycareersfuture.gov.sg/job/others/ai-equities-analyst-luminous-asset-management-3cb7e2092b1c77807380d3abaf6e30ea,mycareersfuture:singapore:3cb7e2092b1c77807380d3abaf6e30ea
keep,keep,singapore,Trader,~alphagrep pte. ltd.,strong,less_relevant,https://www.mycareersfuture.gov.sg/job/banking-finance/trader-alphagrep-87ed238356005d8c243d80529e39de47,mycareersfuture:singapore:87ed238356005d8c243d80529e39de47
keep,keep,singapore,Software Engineer – Scala/Java (Capital Markets),~argyll scott consulting pte. ltd.,plausible,adjacent,https://www.mycareersfuture.gov.sg/job/information-technology/software-engineer-%E2%80%93-scalajava-argyll-scott-consulting-cc1ad734ffdf47096e313d71367b1757,mycareersfuture:singapore:cc1ad734ffdf47096e313d71367b1757
keep,keep,singapore,"Software Engineer III, Global Equity Portfolio Management Technology",~jpmorgan asset management (singapore) limited,stretch,adjacent,https://www.mycareersfuture.gov.sg/job/banking-finance/software-engineer-iii-global-equity-portfolio-management-technology-jpmorgan-asset-management-8fed0c9d9bbb654c41b1bbd47a7f07e5,mycareersfuture:singapore:8fed0c9d9bbb654c41b1bbd47a7f07e5
keep,keep,singapore,"Software Engineer II, Currencies & Emerging Markets","~jpmorgan chase bank, n.a.",,,https://www.mycareersfuture.gov.sg/job/banking-finance/software-engineer-ii-currencies-emerging-markets-jpmorgan-chase-bank-na-9146dbd1bf098da01dca7e4dda78c9d8,mycareersfuture:singapore:9146dbd1bf098da01dca7e4dda78c9d8
keep,keep,singapore,Senior Quantitative Researcher,~alphagrep pte. ltd.,stretch,relevant,https://www.mycareersfuture.gov.sg/job/banking-finance/senior-quantitative-researcher-alphagrep-ce61f78212dbc94948e688f523115bad,mycareersfuture:singapore:ce61f78212dbc94948e688f523115bad
keep,keep,singapore,Senior Credit Risk Analyst – Oil Trading,~beathchapman (pte. ltd.),stretch,less_relevant,https://www.mycareersfuture.gov.sg/job/banking-finance/senior-credit-risk-analyst-%E2%80%93-oil-trading-beathchapman-484d52142359d3f3076ac458275bf11c,mycareersfuture:singapore:484d52142359d3f3076ac458275bf11c
keep,keep,singapore,"Securities, Futures and Forex Dealer",~kgi securities (singapore) pte. ltd.,stretch,adjacent,https://www.mycareersfuture.gov.sg/job/banking-finance/securities-futures-forex-dealer-kgi-securities-8730a49b143a10072157bce2a248059f,mycareersfuture:singapore:8730a49b143a10072157bce2a248059f
keep,keep,singapore,"Risk, Metrics & Analytics Platform, Counterparty Credit Risk Engineering, Associate, Singapore",~goldman sachs services (singapore) pte. ltd.,plausible,relevant,https://www.mycareersfuture.gov.sg/job/banking-finance/risk-metrics-analytics-platform-counterparty-credit-risk-engineering-associate-singapore-goldman-sachs-services-44f509c61ff04d03d703421aa259e18c,mycareersfuture:singapore:44f509c61ff04d03d703421aa259e18c
keep,keep,singapore,Research Engineer I(AI/Computer Science/FinTech),~nanyang technological university,plausible,adjacent,https://www.mycareersfuture.gov.sg/job/sciences/research-engineer-nanyang-technological-university-01e82b878d74ffe7884d77b5e0cccf2b,mycareersfuture:singapore:01e82b878d74ffe7884d77b5e0cccf2b
keep,keep,stockholm,Quantitative Analyst,~myntro collect ab,strong,relevant,https://jobbsafari.se/jobb/quantitative-analyst-sasrb-20483938,jobbsafari:sweden:20483938
keep,keep,singapore,Quant Researcher #77900,~anradus pte. ltd.,stretch,relevant,https://www.mycareersfuture.gov.sg/job/banking-finance/quant-researcher-77900-anradus-fc253b3281eca73869cf6ad75e9f8192,mycareersfuture:singapore:fc253b3281eca73869cf6ad75e9f8192
keep,keep,singapore,Quant Developer (Python)-Intern,~morgan fund pte. ltd.,plausible,less_relevant,https://www.mycareersfuture.gov.sg/job/banking-finance/quant-developer-intern-morgan-fund-abe601511bef2cbafb5dd72db13f4f2f,mycareersfuture:singapore:abe601511bef2cbafb5dd72db13f4f2f
keep,keep,singapore,Petroleum Products Trader,~salling search pte. ltd.,stretch,less_relevant,https://www.mycareersfuture.gov.sg/job/others/petroleum-products-trader-salling-search-c4db6179f22239b1525d32aeedc7ff5a,mycareersfuture:singapore:c4db6179f22239b1525d32aeedc7ff5a
keep,keep,singapore,Management Associate,~guotai junan futures (singapore) pte. ltd.,,,https://www.mycareersfuture.gov.sg/job/banking-finance/management-associate-guotai-junan-futures-0bfea6b2667415cc8f04fb7d8b1eef13,mycareersfuture:singapore:0bfea6b2667415cc8f04fb7d8b1eef13
keep,keep,hong kong,Korea Analyst,mavensecurities.com,,,https://job-boards.greenhouse.io/mavensecuritiesholdingltd/jobs/7794197,greenhouse:mavensecuritiesholdingltd:7794197
keep,keep,singapore,Junior Quant Researcher,~squarepoint services singapore pte. ltd.,apply_now,relevant,https://www.mycareersfuture.gov.sg/job/banking-finance/junior-quant-researcher-squarepoint-services-singapore-f7104c1395f23d9d38546ceaefee6dd1,mycareersfuture:singapore:f7104c1395f23d9d38546ceaefee6dd1
keep,keep,singapore,Junior Quant Researcher,~squarepoint services singapore pte. ltd.,apply_now,relevant,https://www.mycareersfuture.gov.sg/job/banking-finance/junior-quant-researcher-squarepoint-services-singapore-6a43f78904398eca47208b7692d13c4c,mycareersfuture:singapore:6a43f78904398eca47208b7692d13c4c
keep,keep,singapore,Junior Quant Researcher,~squarepoint services singapore pte. ltd.,apply_now,relevant,https://www.mycareersfuture.gov.sg/job/banking-finance/junior-quant-researcher-squarepoint-services-singapore-f926f7204a0490d61e9c672e84a5266a,mycareersfuture:singapore:f926f7204a0490d61e9c672e84a5266a
keep,keep,singapore,Java Developer (Banking/Financial Services),~argyll scott consulting pte. ltd.,,,https://www.mycareersfuture.gov.sg/job/information-technology/java-developer-argyll-scott-consulting-88488181352bc25c1dafb26f047429ff,mycareersfuture:singapore:88488181352bc25c1dafb26f047429ff
keep,keep,singapore,Java Developer,~scientec consulting pte. ltd.,,,https://www.mycareersfuture.gov.sg/job/consulting/java-developer-scientec-consulting-b193eb5583c298c02cc5028594d11eba,mycareersfuture:singapore:b193eb5583c298c02cc5028594d11eba
keep,keep,hong kong,Japan Analyst,mavensecurities.com,,,https://job-boards.greenhouse.io/mavensecuritiesholdingltd/jobs/7548006,greenhouse:mavensecuritiesholdingltd:7548006
keep,keep,singapore,Investment Research Analyst | Family Office,~smtp consult pte. ltd.,stretch,adjacent,https://www.mycareersfuture.gov.sg/job/banking-finance/investment-research-analyst-family-office-smtp-consult-b0059890bdd6c5d7888e2278b39af5b8,mycareersfuture:singapore:b0059890bdd6c5d7888e2278b39af5b8
keep,keep,singapore,"Global Research – Economist covering Asia Edge Emerging Markets Frontiers (focus on Bangladesh, Laos & Maldives) – Analyst","~jpmorgan chase bank, n.a.",,,https://www.mycareersfuture.gov.sg/job/banking-finance/global-research-%E2%80%93-economist-covering-asia-edge-emerging-markets-frontiers-%E2%80%93-analyst-jpmorgan-chase-bank-na-fe5295a168e08e01951faa4ed912450a,mycareersfuture:singapore:fe5295a168e08e01951faa4ed912450a
keep,keep,singapore,"Global Banking & Markets, Synthetic Products Group, Associate, Singapore",~goldman sachs (singapore) pte.,,,https://www.mycareersfuture.gov.sg/job/banking-finance/global-banking-markets-synthetic-products-group-associate-singapore-goldman-sachs-fe26ee06373d995d5eeaee3bcd1d5465,mycareersfuture:singapore:fe26ee06373d995d5eeaee3bcd1d5465
keep,keep,singapore,Desk Quant Analyst,~squarepoint services singapore pte. ltd.,plausible,adjacent,https://www.mycareersfuture.gov.sg/job/banking-finance/desk-quant-analyst-squarepoint-services-singapore-41db77260740950c26c9ecf251045e0e,mycareersfuture:singapore:41db77260740950c26c9ecf251045e0e
keep,keep,singapore,Desk Quant Analyst,~squarepoint services singapore pte. ltd.,plausible,adjacent,https://www.mycareersfuture.gov.sg/job/banking-finance/desk-quant-analyst-squarepoint-services-singapore-2d1e7b0b34f8d369602a61f7353a127d,mycareersfuture:singapore:2d1e7b0b34f8d369602a61f7353a127d
keep,keep,singapore,Desk Quant Analyst,~squarepoint services singapore pte. ltd.,plausible,adjacent,https://www.mycareersfuture.gov.sg/job/banking-finance/desk-quant-analyst-squarepoint-services-singapore-f856d2587031eb7d9d2aff6e1541b09e,mycareersfuture:singapore:f856d2587031eb7d9d2aff6e1541b09e
keep,keep,hong kong,Data Trading Analyst Summer Internship - 2027 [Hong Kong],quantbot.com,out_of_scope,adjacent,https://www.quantbot.com/careers/4344638009?gh_jid=4344638009,greenhouse:quantbot-technologies:4344638009
keep,keep,singapore,Credit Risk Executive (Foreign Bank),~waterstone consulting pte. ltd.,stretch,less_relevant,https://www.mycareersfuture.gov.sg/job/banking-finance/credit-risk-executive-waterstone-consulting-55499c3d7b92e77f36827568ab3d3ec4,mycareersfuture:singapore:55499c3d7b92e77f36827568ab3d3ec4
keep,keep,singapore,"Associate, Derivative Trading",~cgs international securities singapore pte. ltd.,plausible,adjacent,https://www.mycareersfuture.gov.sg/job/banking-finance/associate-derivative-trading-cgs-international-securities-singapore-9de991a0c313c6b65bb80f3a02fc6961,mycareersfuture:singapore:9de991a0c313c6b65bb80f3a02fc6961
keep,keep,singapore,Analyst - Global Markets Strategy Analyst - Wholesale Strategy,~nomura singapore limited,plausible,adjacent,https://www.mycareersfuture.gov.sg/job/banking-finance/analyst-global-markets-strategy-analyst-wholesale-strategy-nomura-singapore-982f4c461e46a5301ec73d3181c71a88,mycareersfuture:singapore:982f4c461e46a5301ec73d3181c71a88
keep,keep,singapore,26982076 Technology Business Senior Analyst (Fixed Income - Electronic Trading),~citibank n.a.,stretch,adjacent,https://www.mycareersfuture.gov.sg/job/information-technology/26982076-technology-business-senior-analyst-citibank-na-d0b9a61ac20f09052fe240c4ae236537,mycareersfuture:singapore:d0b9a61ac20f09052fe240c4ae236537
keep,keep,singapore,Risk Analyst (Market Risk / Treasury Risk / IRRBB),~greenlane private ltd.,plausible,less_relevant,https://www.mycareersfuture.gov.sg/job/banking-finance/risk-analyst-greenlane-12f37a495a42f575007eac0287c2e47d,mycareersfuture:singapore:12f37a495a42f575007eac0287c2e47d
keep,keep,singapore,Quants Engineering,~acg management pte. ltd.,plausible,adjacent,https://www.mycareersfuture.gov.sg/job/banking-finance/quants-engineering-acg-management-d2e440831f73779dcb17a95205a6738a,mycareersfuture:singapore:d2e440831f73779dcb17a95205a6738a
keep,keep,stockholm,"Internship as AI Solutions Engineer for FICC Markets | SEB, Stockholm",~seb,plausible,adjacent,https://jobbsafari.se/jobb/internship-as-ai-solutions-engineer-for-ficc-markets-seb-stockholm-ssseb-20477781,jobbsafari:sweden:20477781
keep,keep,singapore,AI Engineer,~teamlease digital singapore pte. ltd.,,,https://www.mycareersfuture.gov.sg/job/information-technology/ai-engineer-teamlease-digital-singapore-e44c40bd336a21636f4a891dc2be5968,mycareersfuture:singapore:e44c40bd336a21636f4a891dc2be5968
keep,keep,singapore,Data Engineer (MSfabric / Azure / SQL / Python / RestAPI / Bloomberg),~maltem asia pte. ltd.,,,https://www.mycareersfuture.gov.sg/job/information-technology/data-engineer-maltem-asia-30c48ca5329472340d3b283d56ac60af,mycareersfuture:singapore:30c48ca5329472340d3b283d56ac60af
keep,keep,singapore,System Analyst -Quantitative Pricing & Risk professional,~optimum solutions (singapore) pte ltd,stretch,relevant,https://www.mycareersfuture.gov.sg/job/information-technology/system-analyst-quantitative-pricing-risk-professional-optimum-solutions-a4d64c292db916686510017d0b489eff,mycareersfuture:singapore:a4d64c292db916686510017d0b489eff
keep,keep,singapore,System Analyst - Murex / Global Markets,~optimum solutions (singapore) pte ltd,plausible,adjacent,https://www.mycareersfuture.gov.sg/job/information-technology/system-analyst-murex-global-markets-optimum-solutions-80aecfdfc241d362f77852bc5db076a6,mycareersfuture:singapore:80aecfdfc241d362f77852bc5db076a6
keep,keep,singapore,System Analyst - Credit Risk,~optimum solutions (singapore) pte ltd,plausible,less_relevant,https://www.mycareersfuture.gov.sg/job/information-technology/system-analyst-credit-risk-optimum-solutions-d92ff97a83f6a9149016f3695ac1e623,mycareersfuture:singapore:d92ff97a83f6a9149016f3695ac1e623
keep,keep,hong kong,Quantitative Researcher | Trading Team,jumptrading.com,plausible,relevant,https://www.jumptrading.com/hr/job?gh_jid=6098760,greenhouse:jumptrading:6098760
keep,keep,hong kong,Quantitative Developer | Trading team,jumptrading.com,stretch,less_relevant,https://www.jumptrading.com/hr/job?gh_jid=6172858,greenhouse:jumptrading:6172858
keep,keep,hong kong,Quantitative Developer,jumptrading.com,plausible,less_relevant,https://www.jumptrading.com/hr/job?gh_jid=7822791,greenhouse:jumptrading:7822791
keep,keep,singapore,Quantamental Research Analyst | Trading Team,jumptrading.com,stretch,adjacent,https://www.jumptrading.com/hr/job?gh_jid=7460950,greenhouse:jumptrading:7460950
keep,keep,singapore,Murex Collateral Business Analyst/ Consultant - Fintech Consulting client,~cygnify pte. ltd.,plausible,adjacent,https://www.mycareersfuture.gov.sg/job/information-technology/murex-collateral-business-analyst-consultant-fintech-consulting-client-cygnify-b683a58d28c6d9eca90b7e9dc5f7c73f,mycareersfuture:singapore:b683a58d28c6d9eca90b7e9dc5f7c73f
keep,keep,hong kong singapore deprioritized,Deep Learning Researcher | Trading Team,jumptrading.com,stretch,adjacent,https://www.jumptrading.com/hr/job?gh_jid=6603013,greenhouse:jumptrading:6603013
keep,keep,hong kong,Campus Trading Team Software Engineer  (Intern),jumptrading.com,plausible,adjacent,https://www.jumptrading.com/hr/job?gh_jid=7565728,greenhouse:jumptrading:7565728
keep,keep,hong kong singapore deprioritized,Campus AI/ML Researcher (Fall 2026),jumptrading.com,plausible,adjacent,https://www.jumptrading.com/hr/job?gh_jid=7282220,greenhouse:jumptrading:7282220
keep,keep,singapore,"Business Analyst / PM (Equity, Front Office, Banking)",~smart information management systems private limited,stretch,adjacent,https://www.mycareersfuture.gov.sg/job/banking-finance/business-analyst-pm-smart-information-management-systems-aff24d79e9e7c11cdf07f5aedbacd69a,mycareersfuture:singapore:aff24d79e9e7c11cdf07f5aedbacd69a
keep,keep,hong kong,"Analyst, Fund Investments & Managed Solutions",hamiltonlane.com,,,https://hamiltonlane.wd108.myworkdayjobs.com/en-US/search/job/Hong-Kong/Analyst--Fund-Investments---Managed-Solutions_R003047,workday:hamiltonlane|wd108|search:/job/Hong-Kong/Analyst--Fund-Investments---Managed-Solutions_R003047
keep,keep,singapore,"Treasury Dealer (FMRP cert, FX, up to $10k) (ID: 709007)",~persol singapore pte. ltd.,plausible,adjacent,https://www.mycareersfuture.gov.sg/job/banking-finance/treasury-dealer-persol-singapore-9709a80317ac1c6116e3b3ce90ccd82f,mycareersfuture:singapore:9709a80317ac1c6116e3b3ce90ccd82f
keep,keep,singapore,"Trainee Broker, MYR/THB Rates",tpicap.com,,,https://tp.wd107.myworkdayjobs.com/en-US/TP-ICAP/job/Singapore/Trainee-Broker--MYR-THB-Rates_R5671,workday:tp|wd107|TP-ICAP:/job/Singapore/Trainee-Broker--MYR-THB-Rates_R5671
keep,keep,singapore,"Technology Business Senior Analyst (Fixed Income - Electronic Trading, Pricing)",citibank.com.sg,stretch,adjacent,https://citi.wd5.myworkdayjobs.com/en-US/2/job/Singapore--Singapore/Technology-Business-Senior-Analyst--Fixed-Income---Electronic-Trading--Pricing-_26982076,workday:citi|wd5|2:/job/Singapore--Singapore/Technology-Business-Senior-Analyst--Fixed-Income---Electronic-Trading--Pricing-_26982076
keep,keep,singapore,System Analyst -Clearing or Collateral,~optimum solutions (singapore) pte ltd,plausible,adjacent,https://www.mycareersfuture.gov.sg/job/information-technology/system-analyst-clearing-collateral-optimum-solutions-305d4e11301dca569062e99d840c82e3,mycareersfuture:singapore:305d4e11301dca569062e99d840c82e3
keep,keep,singapore,Software Engineer,janestreet.com,,,https://www.janestreet.com/join-jane-street/apply/8632392002?gh_jid=8632392002,greenhouse:janestreet:8632392002
keep,keep,hong kong,Software Engineer,janestreet.com,,,https://www.janestreet.com/join-jane-street/apply/7582902002?gh_jid=7582902002,greenhouse:janestreet:7582902002
keep,keep,hong kong,Software Engineer,janestreet.com,,,https://www.janestreet.com/join-jane-street/apply/8617298002?gh_jid=8617298002,greenhouse:janestreet:8617298002
keep,keep,singapore,"Sales, Trading and Structuring Summer Internship Programme 2027 Singapore",~barclays bank plc,out_of_scope,adjacent,https://www.mycareersfuture.gov.sg/job/banking-finance/sales-trading-structuring-summer-internship-programme-2027-singapore-barclays-bank-plc-66575d01be77b6b61586365439d8afcd,mycareersfuture:singapore:66575d01be77b6b61586365439d8afcd
keep,keep,singapore,SENIOR FIXED INCOME RESEARCH & INVESTMENT ANALYST,~silverdale capital pte. ltd.,stretch,adjacent,https://www.mycareersfuture.gov.sg/job/banking-finance/senior-fixed-income-research-investment-analyst-silverdale-capital-d9432d3e232564ebaf844e4cea10ca3c,mycareersfuture:singapore:d9432d3e232564ebaf844e4cea10ca3c
keep,keep,singapore,Research Analyst Summer Internship Programme 2027 Singapore,~barclays bank plc,plausible,adjacent,https://www.mycareersfuture.gov.sg/job/banking-finance/research-analyst-summer-internship-programme-2027-singapore-barclays-bank-plc-563cf64c054b774c9383c2094e72c0b0,mycareersfuture:singapore:563cf64c054b774c9383c2094e72c0b0
keep,keep,singapore,Quantitative Analytics Associate Off Cycle Internship 2027 Singapore,~barclays bank plc,strong,less_relevant,https://www.mycareersfuture.gov.sg/job/banking-finance/quantitative-analytics-associate-cycle-internship-2027-singapore-barclays-bank-plc-485ead8d1d9a07c2acf68c3ec893993a,mycareersfuture:singapore:485ead8d1d9a07c2acf68c3ec893993a
keep,keep,singapore,"Markets – Sales and Trading, Summer Analyst, Singapore - 2027",citibank.com.sg,plausible,adjacent,https://citi.wd5.myworkdayjobs.com/en-US/2/job/Singapore--Singapore/Markets---Sales-and-Trading--Summer-Analyst--Singapore---2027_26978287,workday:citi|wd5|2:/job/Singapore--Singapore/Markets---Sales-and-Trading--Summer-Analyst--Singapore---2027_26978287
keep,keep,hong kong,"Markets – Sales and Trading, Summer Analyst, Hong Kong - 2027",citibank.com.sg,plausible,adjacent,https://citi.wd5.myworkdayjobs.com/en-US/2/job/Hong-Kong--Hong-Kong/Markets---Sales-and-Trading--Summer-Analyst--Hong-Kong---2027_26978275,workday:citi|wd5|2:/job/Hong-Kong--Hong-Kong/Markets---Sales-and-Trading--Summer-Analyst--Hong-Kong---2027_26978275
keep,keep,singapore,Market Risk Analyst (Oil Trading),~grey tree pte. ltd.,plausible,adjacent,https://www.mycareersfuture.gov.sg/job/risk-management/market-risk-analyst-grey-tree-abd12c99876e79a0191bd2fa7e9e5037,mycareersfuture:singapore:abd12c99876e79a0191bd2fa7e9e5037
keep,keep,singapore,Junior Macro Overlay Trader - Global Markets Division,bankofsingapore.com,strong,less_relevant,https://ocbc.wd102.myworkdayjobs.com/en-US/External/job/OCBC-Singapore/Junior-Macro-Overlay-Trader---Global-Markets-Division_JR00009824,workday:ocbc|wd102|External:/job/OCBC-Singapore/Junior-Macro-Overlay-Trader---Global-Markets-Division_JR00009824
keep,keep,singapore,Investment Strategist,~standard chartered bank (singapore) limited,,,https://www.mycareersfuture.gov.sg/job/banking-finance/investment-strategist-standard-chartered-bank-3841a0b04c465bb08bc860feea4f9d2a,mycareersfuture:singapore:3841a0b04c465bb08bc860feea4f9d2a
keep,keep,singapore,INVESTMENT ANALYST,~tristar investment management pte. ltd.,stretch,adjacent,https://www.mycareersfuture.gov.sg/job/banking-finance/investment-analyst-tristar-investment-management-a690e3d2c2a164e9b47ec4613220a114,mycareersfuture:singapore:a690e3d2c2a164e9b47ec4613220a114
keep,keep,singapore,Global Markets - Rates - Trader,~ubs ag,plausible,less_relevant,https://www.mycareersfuture.gov.sg/job/banking-finance/global-markets-rates-trader-ubs-ag-5296c86f27ffb7e4cf029e34be05098f,mycareersfuture:singapore:5296c86f27ffb7e4cf029e34be05098f
keep,keep,singapore,Fixed Income Analyst,~avanda investment management pte. ltd.,plausible,adjacent,https://www.mycareersfuture.gov.sg/job/banking-finance/fixed-income-analyst-avanda-investment-management-494b3aa250d03190f4819c307123b9fe,mycareersfuture:singapore:494b3aa250d03190f4819c307123b9fe
keep,keep,singapore,"Credit Analyst (Banking Industry, Credit Risk Management, $7.8k) (ID: 690454)",~persol singapore pte. ltd.,stretch,less_relevant,https://www.mycareersfuture.gov.sg/job/banking-finance/credit-analyst-persol-singapore-bd7b36a770ede3761c34035a52721c0f,mycareersfuture:singapore:bd7b36a770ede3761c34035a52721c0f
keep,keep,singapore,Associate/Analyst,~navis capital partners (singapore) pte. ltd.,,,https://www.mycareersfuture.gov.sg/job/banking-finance/associateanalyst-navis-capital-partners-13eb0bc2524a8cece74f220691799355,mycareersfuture:singapore:13eb0bc2524a8cece74f220691799355
keep,keep,hong kong,Trading Intern,flowtraders.com,plausible,adjacent,https://job-boards.greenhouse.io/flowtraders/jobs/8102618,greenhouse:flowtraders:8102618
keep,keep,singapore deprioritized,Software Developer - Data Reliability,squarepoint-capital.com,,,https://www.squarepoint-capital.com/open-opportunities?id=8092644&gh_jid=8092644,greenhouse:squarepointcapital:8092644
keep,keep,singapore deprioritized,Software Developer - Data Platform,squarepoint-capital.com,,,https://www.squarepoint-capital.com/open-opportunities?id=8092777&gh_jid=8092777,greenhouse:squarepointcapital:8092777
keep,keep,singapore deprioritized,Software Developer - Data Infrastructure,squarepoint-capital.com,,,https://www.squarepoint-capital.com/open-opportunities?id=4992227&gh_jid=4992227,greenhouse:squarepointcapital:4992227
keep,keep,hong kong singapore deprioritized,Software Developer - Core Data,squarepoint-capital.com,,,https://www.squarepoint-capital.com/open-opportunities?id=1468761&gh_jid=1468761,greenhouse:squarepointcapital:1468761
keep,keep,singapore deprioritized,Shift Trader,squarepoint-capital.com,plausible,adjacent,https://www.squarepoint-capital.com/open-opportunities?id=6977749&gh_jid=6977749,greenhouse:squarepointcapital:6977749
keep,keep,singapore,Quantitative Researcher,~meridian & saturn capital pte. ltd.,plausible,relevant,https://www.mycareersfuture.gov.sg/job/banking-finance/quantitative-researcher-meridian-saturn-capital-fd02bbb8f8460fbb598de2190fb69e9a,mycareersfuture:singapore:fd02bbb8f8460fbb598de2190fb69e9a
keep,keep,singapore,Quantitative Developer,~meridian & saturn capital pte. ltd.,plausible,adjacent,https://www.mycareersfuture.gov.sg/job/banking-finance/quantitative-developer-meridian-saturn-capital-8a0751b617282d7066a79a6e6f8234b9,mycareersfuture:singapore:8a0751b617282d7066a79a6e6f8234b9
keep,keep,hong kong singapore us other deprioritized,Quant Developer (Python),squarepoint-capital.com,plausible,less_relevant,https://www.squarepoint-capital.com/open-opportunities?id=1433622&gh_jid=1433622,greenhouse:squarepointcapital:1433622
keep,keep,singapore deprioritized,Quant Developer (KDB),squarepoint-capital.com,plausible,less_relevant,https://www.squarepoint-capital.com/open-opportunities?id=3277003&gh_jid=3277003,greenhouse:squarepointcapital:3277003
keep,keep,hong kong singapore,"Portfolio Strategist (Singapore, Hong Kong)",~standard chartered bank (singapore) limited,,,https://www.mycareersfuture.gov.sg/job/banking-finance/portfolio-strategist-standard-chartered-bank-3d820aef8e67ae69c5e2b800c4e7e302,mycareersfuture:singapore:3d820aef8e67ae69c5e2b800c4e7e302
keep,keep,singapore,Oil & Gas Analyst,~hartree partners singapore pte. limited,,,https://www.mycareersfuture.gov.sg/job/others/oil-gas-analyst-hartree-partners-singapore-cf8105b4c307834711d917683bcd9492,mycareersfuture:singapore:cf8105b4c307834711d917683bcd9492
keep,keep,singapore,"Market Risk Officer (Interest Rate Risk & Treasury Risk Management, Bank)",~greenlane private ltd.,plausible,less_relevant,https://www.mycareersfuture.gov.sg/job/banking-finance/market-risk-officer-greenlane-13daba0f6cade93d468776316beaa7b3,mycareersfuture:singapore:13daba0f6cade93d468776316beaa7b3
keep,keep,singapore,Market Risk Analyst (Oil & Gas),~satellite international (singapore) pte. ltd.,stretch,adjacent,https://www.mycareersfuture.gov.sg/job/risk-management/market-risk-analyst-satellite-international-fa99df56b754fc77875cc37bdc6a7382,mycareersfuture:singapore:fa99df56b754fc77875cc37bdc6a7382
keep,keep,singapore deprioritized,Junior Software Developer (Python),squarepoint-capital.com,,,https://www.squarepoint-capital.com/open-opportunities?id=6033550&gh_jid=6033550,greenhouse:squarepointcapital:6033550
keep,keep,singapore deprioritized,Junior Software Developer (KDB+/Q),squarepoint-capital.com,,,https://www.squarepoint-capital.com/open-opportunities?id=6040773&gh_jid=6040773,greenhouse:squarepointcapital:6040773
keep,keep,switzerland hong kong singapore new york boston deprioritized,Junior Quant Researcher - ML Alpha Research,squarepoint-capital.com,apply_now,relevant,https://www.squarepoint-capital.com/open-opportunities?id=6069464&gh_jid=6069464,greenhouse:squarepointcapital:6069464
keep,keep,switzerland hong kong singapore new york boston deprioritized,Junior Quant Researcher,squarepoint-capital.com,apply_now,relevant,https://www.squarepoint-capital.com/open-opportunities?id=239376&gh_jid=239376,greenhouse:squarepointcapital:239376
keep,keep,singapore deprioritized,Junior Quant Developer,squarepoint-capital.com,stretch,less_relevant,https://www.squarepoint-capital.com/open-opportunities?id=6034466&gh_jid=6034466,greenhouse:squarepointcapital:6034466
keep,keep,singapore,Junior Execution Trader - Quant,~macquarie commodities trading (singapore) pte. limited,strong,less_relevant,https://www.mycareersfuture.gov.sg/job/banking-finance/junior-execution-trader-quant-macquarie-commodities-trading-0d8375aaac20133383b7ae878fe41bcc,mycareersfuture:singapore:0d8375aaac20133383b7ae878fe41bcc
keep,keep,singapore,Intern Software Developer - Singapore - 2027,squarepoint-capital.com,out_of_scope,adjacent,https://www.squarepoint-capital.com/open-opportunities?id=6201998&gh_jid=6201998,greenhouse:squarepointcapital:6201998
keep,keep,hong kong singapore new york deprioritized,Intern Quant Researcher,squarepoint-capital.com,plausible,relevant,https://www.squarepoint-capital.com/open-opportunities?id=243853&gh_jid=243853,greenhouse:squarepointcapital:243853
keep,keep,singapore deprioritized,Graduate Software Developer,squarepoint-capital.com,,,https://www.squarepoint-capital.com/open-opportunities?id=6040910&gh_jid=6040910,greenhouse:squarepointcapital:6040910
keep,keep,singapore deprioritized,Graduate Quant Developer,squarepoint-capital.com,strong,less_relevant,https://www.squarepoint-capital.com/open-opportunities?id=7918610&gh_jid=7918610,greenhouse:squarepointcapital:7918610
keep,keep,singapore,Data Engineer,~meridian & saturn capital pte. ltd.,,,https://www.mycareersfuture.gov.sg/job/banking-finance/data-engineer-meridian-saturn-capital-dbda7fd97f1c7ee1e9f432964d7328f0,mycareersfuture:singapore:dbda7fd97f1c7ee1e9f432964d7328f0
keep,keep,stockholm,Backend Developer till Lannebo Kapitalförvaltning,~friday väst ab,plausible,adjacent,https://arbetsformedlingen.se/platsbanken/annonser/31325108,jobtech:jobstream:31325108
keep,keep,singapore,"Associate, Portfolio Management",~keppel infrastructure fund management pte. ltd.,plausible,adjacent,https://www.mycareersfuture.gov.sg/job/banking-finance/associate-portfolio-management-keppel-infrastructure-fund-management-1e8b5d71333e5987fb1414f65ec8a04f,mycareersfuture:singapore:1e8b5d71333e5987fb1414f65ec8a04f
keep,keep,singapore,AI Engineer,~meridian & saturn capital pte. ltd.,,,https://www.mycareersfuture.gov.sg/job/banking-finance/ai-engineer-meridian-saturn-capital-abd9ebfb0a72b3009ad37fad8c762908,mycareersfuture:singapore:abd9ebfb0a72b3009ad37fad8c762908
keep,keep,singapore,Trading & Quantitative Analyst,~vulpes investment management private limited,plausible,relevant,https://www.mycareersfuture.gov.sg/job/banking-finance/trading-quantitative-analyst-vulpes-investment-management-23b7dcecf222882c5285f6cafaf713a2,mycareersfuture:singapore:23b7dcecf222882c5285f6cafaf713a2
keep,keep,hong kong,Software Developer - Python (DV Equities),dvtrading.co,stretch,adjacent,https://job-boards.greenhouse.io/dvtrading/jobs/4693327005,greenhouse:dvtrading:4693327005
keep,keep,hong kong singapore deprioritized,Senior AI Engineer,dvtrading.co,,,https://job-boards.greenhouse.io/dvtrading/jobs/4709436005,greenhouse:dvtrading:4709436005
keep,keep,hong kong singapore new york chicago deprioritized,Senior AI Engineer,dvtrading.co,,,https://job-boards.greenhouse.io/dvtrading/jobs/4716238005,greenhouse:dvtrading:4716238005
keep,keep,singapore,Research Associate (Experimental and Behavioral Economics),~nanyang technological university,,,https://www.mycareersfuture.gov.sg/job/sciences/research-associate-nanyang-technological-university-edd8fb7aa2de37574339e2716a82475c,mycareersfuture:singapore:edd8fb7aa2de37574339e2716a82475c
keep,keep,singapore,Quantitative Researcher,dvtrading.co,plausible,relevant,https://job-boards.greenhouse.io/dvtrading/jobs/4718028005,greenhouse:dvtrading:4718028005
keep,keep,singapore,Quantitative Developer,~eg sg pte. ltd.,stretch,adjacent,https://www.mycareersfuture.gov.sg/job/banking-finance/quantitative-developer-eg-sg-33181e239fc979458adf0294adace497,mycareersfuture:singapore:33181e239fc979458adf0294adace497
keep,keep,singapore,Ondesk Engineer,~virtu financial singapore pte. ltd.,,,https://www.mycareersfuture.gov.sg/job/banking-finance/ondesk-engineer-virtu-financial-singapore-e88bb17de92b6294d6429c56d9701be8,mycareersfuture:singapore:e88bb17de92b6294d6429c56d9701be8
keep,keep,singapore,Junior Trader/Trading Assistant,dvtrading.co,strong,less_relevant,https://job-boards.greenhouse.io/dvtrading/jobs/4686253005,greenhouse:dvtrading:4686253005
keep,keep,singapore deprioritized,Experienced Trader (DV Commodities),dvtrading.co,plausible,less_relevant,https://job-boards.greenhouse.io/dvtrading/jobs/4674275005,greenhouse:dvtrading:4674275005
keep,keep,hong kong,Equity Research  Analyst,dvtrading.co,stretch,adjacent,https://job-boards.greenhouse.io/dvtrading/jobs/4694946005,greenhouse:dvtrading:4694946005
keep,keep,hong kong,C++ Software Developer (DV Equities),dvtrading.co,plausible,adjacent,https://job-boards.greenhouse.io/dvtrading/jobs/4693324005,greenhouse:dvtrading:4693324005
keep,keep,stockholm,Backend Developer till Lannebo Kapitalförvaltning,~friday väst ab,plausible,adjacent,https://jobbsafari.se/jobb/junior-fullstack-developer-sasrb-20470344,jobbsafari:sweden:20470344
keep,keep,singapore,6 Months Bank Credit Portfolio Management Analyst (3.5-5K),~recruit express pte ltd,plausible,adjacent,https://www.mycareersfuture.gov.sg/job/banking-finance/6-months-bank-credit-portfolio-management-analyst-recruit-express-fb1f8e3a5dab0ac3ce9751af9387d1b6,mycareersfuture:singapore:fb1f8e3a5dab0ac3ce9751af9387d1b6
keep,keep,hong kong,2027 Summer Internship - Trading (DV Equities),dvtrading.co,plausible,adjacent,https://job-boards.greenhouse.io/dvtrading/jobs/4691295005,greenhouse:dvtrading:4691295005
keep,keep,hong kong,2027 Graduate Trader (DV Equities),dvtrading.co,strong,less_relevant,https://job-boards.greenhouse.io/dvtrading/jobs/4691298005,greenhouse:dvtrading:4691298005
keep,keep,hong kong,2026 Graduate Trader (DV Equities),dvtrading.co,strong,less_relevant,https://job-boards.greenhouse.io/dvtrading/jobs/4709047005,greenhouse:dvtrading:4709047005
keep,keep,hong kong singapore,Quantitative Developer (Singapore/Hongkong),~standard chartered bank (singapore) limited,stretch,less_relevant,https://www.mycareersfuture.gov.sg/job/banking-finance/quantitative-developer-standard-chartered-bank-701b0a5a7e69d5214395a090671be465,mycareersfuture:singapore:701b0a5a7e69d5214395a090671be465
keep,keep,singapore deprioritized,Quantitative Developer,~quadrature capital,out_of_scope,less_relevant,https://job-boards.greenhouse.io/quadraturecapital/jobs/8048585,greenhouse:quadraturecapital:8048585
keep,keep,singapore,Quantitative Analyst,~attix apac pte. ltd.,plausible,relevant,https://www.mycareersfuture.gov.sg/job/information-technology/quantitative-analyst-attix-apac-d909ecb5cbc523b3ea9506a082a6a86d,mycareersfuture:singapore:d909ecb5cbc523b3ea9506a082a6a86d
keep,keep,hong kong,Metals Execution Specialist (VN2527),marex.com,,,https://marex.breezy.hr/p/2515d090ad9801-metals-execution-specialist-vn2527,breezy:marex:2515d090ad9801
keep,keep,singapore,Investment Research Analyst | Immediate Hiring,~smtp consult pte. ltd.,plausible,adjacent,https://www.mycareersfuture.gov.sg/job/banking-finance/investment-research-analyst-immediate-hiring-smtp-consult-76840cf99ce6614fa53b6af8fbcd6965,mycareersfuture:singapore:76840cf99ce6614fa53b6af8fbcd6965
keep,keep,singapore,Investment Research Analyst,~iq eq fund management (singapore) private limited,stretch,adjacent,https://www.mycareersfuture.gov.sg/job/banking-finance/investment-research-analyst-iq-eq-fund-management-5633bed46480abf5b8cdcef3abbb3cad,mycareersfuture:singapore:5633bed46480abf5b8cdcef3abbb3cad
keep,keep,singapore,Investment Analyst,~inheritance enterprises pte. ltd.,plausible,adjacent,https://www.mycareersfuture.gov.sg/job/accounting/investment-analyst-inheritance-enterprises-f2f86a613fd38c05873b3668e2e6f629,mycareersfuture:singapore:f2f86a613fd38c05873b3668e2e6f629
keep,keep,singapore,Institutional Dealer (Shift Work),~robert walters (singapore) pte ltd,plausible,adjacent,https://www.mycareersfuture.gov.sg/job/banking-finance/institutional-dealer-robert-walters-816665604ea06af386d1a2b87f0a7ec3,mycareersfuture:singapore:816665604ea06af386d1a2b87f0a7ec3
keep,keep,singapore,Fixed Income Sales/Trading Assistant,~mandiri securities pte. ltd.,plausible,adjacent,https://www.mycareersfuture.gov.sg/job/admin/fixed-income-salestrading-assistant-mandiri-securities-622905e903e5195980bc8c21611beb71,mycareersfuture:singapore:622905e903e5195980bc8c21611beb71
keep,keep,singapore,Equity Trader – Japan Engagement Fund,"~ichigo asset management international, pte. ltd.",stretch,less_relevant,https://www.mycareersfuture.gov.sg/job/banking-finance/equity-trader-%E2%80%93-japan-engagement-fund-ichigo-asset-management-international-30b0684a82b196ce0f3d1c7e0665a647,mycareersfuture:singapore:30b0684a82b196ce0f3d1c7e0665a647
keep,keep,singapore,Data Engineer (Financial Data / West),~good job creations (singapore) pte. ltd.,,,https://www.mycareersfuture.gov.sg/job/banking-finance/data-engineer-good-job-creations-b4df46dd00d5626f7deee58468afd4af,mycareersfuture:singapore:b4df46dd00d5626f7deee58468afd4af
keep,keep,singapore,AI Investment Strategist,~investment company of the people's republic of china (singapore) pte ltd,,,https://www.mycareersfuture.gov.sg/job/banking-finance/ai-investment-strategist-investment-company-peoples-republic-china-bd1d153ba3f9170f12e355c69c405b4f,mycareersfuture:singapore:bd1d153ba3f9170f12e355c69c405b4f
keep,keep,singapore,Treasury Dealer,"~china merchants bank co., ltd",stretch,adjacent,https://www.mycareersfuture.gov.sg/job/banking-finance/treasury-dealer-china-merchants-bank-co-4ca24cb62b80195a392e119d7711eec1,mycareersfuture:singapore:4ca24cb62b80195a392e119d7711eec1
keep,keep,singapore,"Senior Analyst/Head, Credit Assessment",~straits investment management pte. ltd.,,,https://www.mycareersfuture.gov.sg/job/banking-finance/senior-analysthead-credit-assessment-straits-investment-management-6c4f46aba0cf36c8d3f24fb21b342eab,mycareersfuture:singapore:6c4f46aba0cf36c8d3f24fb21b342eab
keep,keep,singapore,Research Analyst/PM,~templeton asset management ltd,stretch,adjacent,https://www.mycareersfuture.gov.sg/job/banking-finance/research-analystpm-templeton-asset-management-42f1b3422516f50dd4fa09e9a02fbc3e,mycareersfuture:singapore:42f1b3422516f50dd4fa09e9a02fbc3e
keep,keep,singapore,Quantitative Researcher (MM),~randstad pte. limited,strong,relevant,https://www.mycareersfuture.gov.sg/job/information-technology/quantitative-researcher-randstad-cfc36f683bd614150e61673f1b5e9052,mycareersfuture:singapore:cfc36f683bd614150e61673f1b5e9052
keep,keep,hong kong,Quantitative Researcher,janestreet.com,strong,relevant,https://www.janestreet.com/join-jane-street/apply/8623868002?gh_jid=8623868002,greenhouse:janestreet:8623868002
keep,keep,singapore,Quant Developer,~abaxx singapore pte. ltd.,stretch,adjacent,https://www.mycareersfuture.gov.sg/job/banking-finance/quant-developer-abaxx-singapore-21c4e7407f62d3e68ecbfd973df973da,mycareersfuture:singapore:21c4e7407f62d3e68ecbfd973df973da
keep,keep,singapore,"Junior Dealer, Institutional Equities",~rhb bank berhad,plausible,adjacent,https://www.mycareersfuture.gov.sg/job/banking-finance/junior-dealer-institutional-equities-rhb-bank-berhad-8788833a34ee9716bc5ccf9a1924a700,mycareersfuture:singapore:8788833a34ee9716bc5ccf9a1924a700
keep,keep,singapore,Trader (Commodities/ Sales exp/ No exp welcomed!),~trust recruit pte. ltd.,plausible,less_relevant,https://www.mycareersfuture.gov.sg/job/sales/trader-trust-recruit-98c03390440253283f0f10707d8056e6,mycareersfuture:singapore:98c03390440253283f0f10707d8056e6
keep,keep,stockholm,Riskanalytiker inom kapitalförvaltning,~pensionsmyndigheten,plausible,adjacent,https://jobbsafari.se/jobb/riskanalytiker-inom-kapitalforvaltning-sasrb-20460367,jobbsafari:sweden:20460367
keep,keep,singapore,Corporate Credit Analyst,~upper spring consulting pte. ltd.,,,https://www.mycareersfuture.gov.sg/job/banking-finance/corporate-credit-analyst-upper-spring-consulting-4e184e9897a3a99a7d991557e2d638e6,mycareersfuture:singapore:4e184e9897a3a99a7d991557e2d638e6
keep,keep,singapore,Senior Research Engineer - Private Assets,~association edhec business school singapore branch,stretch,adjacent,https://www.mycareersfuture.gov.sg/job/banking-finance/senior-research-engineer-assets-association-edhec-business-school-singapore-branch-211230bda902f4e11438e338cbec16ea,mycareersfuture:singapore:211230bda902f4e11438e338cbec16ea
keep,keep,singapore,Quantitative Research Intern,~fragment works pte. ltd.,plausible,relevant,https://www.mycareersfuture.gov.sg/job/information-technology/quantitative-research-intern-fragment-works-f114cba55a2cec520ab249a7f2479bdd,mycareersfuture:singapore:f114cba55a2cec520ab249a7f2479bdd
keep,keep,singapore,Quantitative Developer,~nova prospect pte. ltd.,plausible,less_relevant,https://www.mycareersfuture.gov.sg/job/engineering/quantitative-developer-nova-prospect-756b260eeab823b7061196dc2cf5e756,mycareersfuture:singapore:756b260eeab823b7061196dc2cf5e756
keep,keep,singapore,Physics & Mathematics Intern,~fragment works pte. ltd.,stretch,adjacent,https://www.mycareersfuture.gov.sg/job/information-technology/physics-mathematics-intern-fragment-works-609d326e3a0bb03bdc64b50351574e7b,mycareersfuture:singapore:609d326e3a0bb03bdc64b50351574e7b
keep,keep,singapore,"Equity Research Associate, Asia Financals",wellington.com,plausible,adjacent,https://wellington.wd5.myworkdayjobs.com/en-US/External/job/Central-Singapore-Singapore/Research-Associate--Finance_R94316-1,workday:wellington|wd5|External:/job/Central-Singapore-Singapore/Research-Associate--Finance_R94316-1
keep,keep,hong kong,ꓟachine ꓡearning ꓣesearcher,janestreet.com,plausible,adjacent,https://www.janestreet.com/join-jane-street/apply/8596771002?gh_jid=8596771002,greenhouse:janestreet:8596771002
keep,keep,singapore,"Treasury Trader (FX, Interest Rate & Fixed Income Trading)",~greenlane private ltd.,strong,less_relevant,https://www.mycareersfuture.gov.sg/job/banking-finance/treasury-trader-greenlane-b807670f660352f73cb701462293e317,mycareersfuture:singapore:b807670f660352f73cb701462293e317
keep,keep,hong kong,Trainee Broker- International Forward,tpicap.com,,,https://tp.wd107.myworkdayjobs.com/en-US/TP-ICAP/job/Hong-Kong/Trainee-Broker--International-Forward_R5622,workday:tp|wd107|TP-ICAP:/job/Hong-Kong/Trainee-Broker--International-Forward_R5622
keep,keep,hong kong,Trainee Broker- CHN Deliverable Forwards (Mandarin Speaking),tpicap.com,,,https://tp.wd107.myworkdayjobs.com/en-US/TP-ICAP/job/Hong-Kong/Trainee-Broker--CHN-DF--Native-Mandarin-Speaking-_R5606,workday:tp|wd107|TP-ICAP:/job/Hong-Kong/Trainee-Broker--CHN-DF--Native-Mandarin-Speaking-_R5606
keep,keep,singapore,Trading Analyst (LNG),~satellite international (singapore) pte. ltd.,stretch,adjacent,https://www.mycareersfuture.gov.sg/job/others/trading-analyst-satellite-international-a5502e19b833c9baaeb1fda2f6614642,mycareersfuture:singapore:a5502e19b833c9baaeb1fda2f6614642
keep,keep,hong kong,"Trader, Treasury",clsa.com,plausible,less_relevant,https://citicclsa.wd3.myworkdayjobs.com/en-US/External/job/Hong-Kong/Trader--Treasury_JR002645,workday:citicclsa|wd3|External:/job/Hong-Kong/Trader--Treasury_JR002645
keep,keep,singapore,Trader,~fenix fund management pte. ltd.,plausible,less_relevant,https://www.mycareersfuture.gov.sg/job/others/trader-fenix-fund-management-70bf2b2340eb36651279d8d1c5d903a7,mycareersfuture:singapore:70bf2b2340eb36651279d8d1c5d903a7
keep,keep,singapore,Sustainability Analyst (Biofuels),~ca search pte. ltd.,,,https://www.mycareersfuture.gov.sg/job/risk-management/sustainability-analyst-ca-search-60e3781dea7b185e11ea646e7820b2ee,mycareersfuture:singapore:60e3781dea7b185e11ea646e7820b2ee
keep,keep,hong kong,"Specialist, Equity Research (Technology)",dbs.com,plausible,adjacent,https://dbs.wd3.myworkdayjobs.com/en-US/DBS_Careers/job/One-Island-East/Specialist--Equity-Research--Technology-_WD86752,workday:dbs|wd3|DBS_Careers:/job/One-Island-East/Specialist--Equity-Research--Technology-_WD86752
keep,keep,singapore,Software Engineer (Senior),~fenix one pte. ltd.,,,https://www.mycareersfuture.gov.sg/job/others/software-engineer-fenix-one-45b465915e6a5bbc1dbcfb26b0835ad4,mycareersfuture:singapore:45b465915e6a5bbc1dbcfb26b0835ad4
keep,keep,singapore,Software Engineer (Senior),~fenix one pte. ltd.,,,https://www.mycareersfuture.gov.sg/job/others/software-engineer-fenix-one-12834cf27f4737616f1329ea1a09e98e,mycareersfuture:singapore:12834cf27f4737616f1329ea1a09e98e
keep,keep,singapore,Software Engineer (Junior),~fenix one pte. ltd.,,,https://www.mycareersfuture.gov.sg/job/others/software-engineer-fenix-one-463cfb13c75008ba65b15eb77c0a2750,mycareersfuture:singapore:463cfb13c75008ba65b15eb77c0a2750
keep,keep,singapore,Software Engineer,janestreet.com,,,https://www.janestreet.com/join-jane-street/apply/5791948002?gh_jid=5791948002,greenhouse:janestreet:5791948002
keep,keep,hong kong,Software Engineer,janestreet.com,,,https://www.janestreet.com/join-jane-street/apply/8140274002?gh_jid=8140274002,greenhouse:janestreet:8140274002
keep,keep,singapore,Software Engineer,janestreet.com,,,https://www.janestreet.com/join-jane-street/apply/8075770002?gh_jid=8075770002,greenhouse:janestreet:8075770002
keep,keep,hong kong,Software Engineer,janestreet.com,,,https://www.janestreet.com/join-jane-street/apply/4756741002?gh_jid=4756741002,greenhouse:janestreet:4756741002
keep,keep,singapore,Software Engineer,~fenix one pte. ltd.,,,https://www.mycareersfuture.gov.sg/job/others/software-engineer-fenix-one-989e9b4f734a5e6addd2f72ceb913c51,mycareersfuture:singapore:989e9b4f734a5e6addd2f72ceb913c51
keep,keep,singapore,Software Engineer,~fenix one pte. ltd.,,,https://www.mycareersfuture.gov.sg/job/others/software-engineer-fenix-one-62be3ed306fd1d102f68a13f543c0183,mycareersfuture:singapore:62be3ed306fd1d102f68a13f543c0183
keep,keep,stockholm,Senior quantitative analyst within credit risk and capital,~swedbank ab,stretch,relevant,https://jobbsafari.se/jobb/senior-quantitative-analyst-within-credit-risk-and-capital-sasrb-20457498,jobbsafari:sweden:20457498
keep,keep,singapore,Senior Trader,~fenix fund management pte. ltd.,stretch,less_relevant,https://www.mycareersfuture.gov.sg/job/others/senior-trader-fenix-fund-management-68489d853fb169bb16efd57a8cf9d518,mycareersfuture:singapore:68489d853fb169bb16efd57a8cf9d518
keep,keep,singapore,Senior Trader,~fenix fund management pte. ltd.,stretch,less_relevant,https://www.mycareersfuture.gov.sg/job/others/senior-trader-fenix-fund-management-4aadc9ef870dba757e7502bb962cdd78,mycareersfuture:singapore:4aadc9ef870dba757e7502bb962cdd78
keep,keep,singapore,"Senior Research Specialist, Oil",lseg.com,,,https://lseg.wd3.myworkdayjobs.com/en-US/Careers/job/SGP-Singapore-1-Raffles-Quay/Senior-Research-Specialist--Oil_R0120486-1,workday:lseg|wd3|Careers:/job/SGP-Singapore-1-Raffles-Quay/Senior-Research-Specialist--Oil_R0120486-1
keep,keep,singapore,Senior Java Developer,~allegis group singapore private limited,,,https://www.mycareersfuture.gov.sg/job/information-technology/senior-java-developer-allegis-group-singapore-914b387209587641d0399a0dad22335e,mycareersfuture:singapore:914b387209587641d0399a0dad22335e
keep,keep,hong kong,Senior Business Analyst- Equities,tpicap.com,stretch,adjacent,https://tp.wd107.myworkdayjobs.com/en-US/TP-ICAP/job/Hong-Kong/Senior-Business-Analyst--Equities_R5578,workday:tp|wd107|TP-ICAP:/job/Hong-Kong/Senior-Business-Analyst--Equities_R5578
keep,keep,singapore us other,"Senior Associate, Portfolio Management Group - Quantitative Research and Strategy",hamiltonlane.com,stretch,relevant,https://hamiltonlane.wd108.myworkdayjobs.com/en-US/search/job/Conshohocken-PA-USA/Senior-Associate--Portfolio-Management-Group_R002703,workday:hamiltonlane|wd108|search:/job/Conshohocken-PA-USA/Senior-Associate--Portfolio-Management-Group_R002703
keep,keep,singapore,"Senior Associate / Associate, Market Risk Business & Data Analyst, Risk Management Group",dbs.com,stretch,less_relevant,https://dbs.wd3.myworkdayjobs.com/en-US/DBS_Careers/job/Singapore---Central/Senior-Associate---Associate--Market-Risk-Business---Data-Analyst--Risk-Management-Group_WD86465,workday:dbs|wd3|DBS_Careers:/job/Singapore---Central/Senior-Associate---Associate--Market-Risk-Business---Data-Analyst--Risk-Management-Group_WD86465
keep,keep,hong kong,Sales and Trading,janestreet.com,stretch,adjacent,https://www.janestreet.com/join-jane-street/apply/8630687002?gh_jid=8630687002,greenhouse:janestreet:8630687002
keep,keep,hong kong,Sales Trader,janestreet.com,stretch,adjacent,https://www.janestreet.com/join-jane-street/apply/8582063002?gh_jid=8582063002,greenhouse:janestreet:8582063002
keep,keep,singapore,Risk Management Intern - Commodities (6-Month Term),~pertamina international marketing and distribution pte. ltd.,plausible,adjacent,https://www.mycareersfuture.gov.sg/job/risk-management/risk-management-intern-commodities-pertamina-international-marketing-distribution-ec0c255d937cac094abb231794d30b8f,mycareersfuture:singapore:ec0c255d937cac094abb231794d30b8f
keep,keep,singapore,Research Intern (Fixed Income Focused),~ifast financial pte. ltd.,plausible,adjacent,https://www.mycareersfuture.gov.sg/job/banking-finance/research-intern-ifast-financial-6bb2ca8bc4bb5bee883950c56b399810,mycareersfuture:singapore:6bb2ca8bc4bb5bee883950c56b399810
keep,keep,singapore,RAD Developer – Quant & Trading Technology,~alan partners sg pte. ltd.,plausible,less_relevant,https://www.mycareersfuture.gov.sg/job/information-technology/rad-developer-%E2%80%93-quant-trading-technology-alan-partners-sg-5b3ff22c7bb3414e2e90cd7a9893d041,mycareersfuture:singapore:5b3ff22c7bb3414e2e90cd7a9893d041
keep,keep,hong kong,Quantitative Trader,janestreet.com,plausible,less_relevant,https://www.janestreet.com/join-jane-street/apply/7982986002?gh_jid=7982986002,greenhouse:janestreet:7982986002
keep,keep,hong kong,Quantitative Trader,janestreet.com,plausible,less_relevant,https://www.janestreet.com/join-jane-street/apply/8071940002?gh_jid=8071940002,greenhouse:janestreet:8071940002
keep,keep,hong kong,Quantitative Trader,janestreet.com,plausible,less_relevant,https://www.janestreet.com/join-jane-street/apply/4839146002?gh_jid=4839146002,greenhouse:janestreet:4839146002
keep,keep,hong kong,Quantitative Trader,janestreet.com,plausible,less_relevant,https://www.janestreet.com/join-jane-street/apply/8623733002?gh_jid=8623733002,greenhouse:janestreet:8623733002
keep,keep,hong kong,Quantitative Researcher,janestreet.com,strong,relevant,https://www.janestreet.com/join-jane-street/apply/8343131002?gh_jid=8343131002,greenhouse:janestreet:8343131002
keep,keep,hong kong,Quantitative Researcher,janestreet.com,plausible,adjacent,https://www.janestreet.com/join-jane-street/apply/7514485002?gh_jid=7514485002,greenhouse:janestreet:7514485002
keep,keep,hong kong,Quantitative Researcher,janestreet.com,plausible,adjacent,https://www.janestreet.com/join-jane-street/apply/8071941002?gh_jid=8071941002,greenhouse:janestreet:8071941002
keep,keep,singapore,Quantitative Analytics Associate Off Cycle Internship 2027 Singapore,cards.barclaycardus.com,apply_now,relevant,https://barclays.wd3.myworkdayjobs.com/en-US/External_Career_Site_Barclays/job/Singapore-Marina-Bay-Financial-Tower-2/Quantitative-Analytics-Associate-Off-Cycle-Internship-2027-Singapore_JR-0000117563,workday:barclays|wd3|External_Career_Site_Barclays:/job/Singapore-Marina-Bay-Financial-Tower-2/Quantitative-Analytics-Associate-Off-Cycle-Internship-2027-Singapore_JR-0000117563
keep,keep,hong kong,Quantitative Analytics Associate Off Cycle Internship 2027 Hong Kong,cards.barclaycardus.com,apply_now,relevant,https://barclays.wd3.myworkdayjobs.com/en-US/External_Career_Site_Barclays/job/Hong-Kong-Cheung-Kong-Center/Quantitative-Analytics-Associate-Off-Cycle-Internship-2027-Hong-Kong_JR-0000117565,workday:barclays|wd3|External_Career_Site_Barclays:/job/Hong-Kong-Cheung-Kong-Center/Quantitative-Analytics-Associate-Off-Cycle-Internship-2027-Hong-Kong_JR-0000117565
keep,keep,singapore,Precious Metals/Commodities Trader (FX)   #NKC,~recruit express pte ltd,plausible,less_relevant,https://www.mycareersfuture.gov.sg/job/banking-finance/precious-metalscommodities-trader-nkc-recruit-express-7faf023e72767a4eb225503c58fd9145,mycareersfuture:singapore:7faf023e72767a4eb225503c58fd9145
keep,keep,hong kong,Market Risk Analyst,bankofsingapore.com,plausible,less_relevant,https://ocbc.wd102.myworkdayjobs.com/en-US/External/job/OCBC-Hong-Kong/Market-Risk-Analyst_JR00007840-1,workday:ocbc|wd102|External:/job/OCBC-Hong-Kong/Market-Risk-Analyst_JR00007840-1
keep,keep,hong kong,Macro Analyst,janestreet.com,stretch,less_relevant,https://www.janestreet.com/join-jane-street/apply/7731614002?gh_jid=7731614002,greenhouse:janestreet:7731614002
keep,keep,hong kong,Machine Learning Researcher,janestreet.com,plausible,adjacent,https://www.janestreet.com/join-jane-street/apply/8374335002?gh_jid=8374335002,greenhouse:janestreet:8374335002
keep,keep,hong kong,Machine Learning Researcher,janestreet.com,plausible,adjacent,https://www.janestreet.com/join-jane-street/apply/8576934002?gh_jid=8576934002,greenhouse:janestreet:8576934002
keep,keep,hong kong,Machine Learning Researcher,janestreet.com,plausible,adjacent,https://www.janestreet.com/join-jane-street/apply/7246309002?gh_jid=7246309002,greenhouse:janestreet:7246309002
keep,keep,singapore,Junior Trader,~fenix fund management pte. ltd.,plausible,adjacent,https://www.mycareersfuture.gov.sg/job/others/junior-trader-fenix-fund-management-359e42cafee3a1543facb74be9416886,mycareersfuture:singapore:359e42cafee3a1543facb74be9416886
keep,keep,singapore,Junior Gold Trader - Global Markets Division,bankofsingapore.com,strong,less_relevant,https://ocbc.wd102.myworkdayjobs.com/en-US/External/job/OCBC-Singapore/Junior-Gold-Trader---Global-Markets-Division_JR00009823-1,workday:ocbc|wd102|External:/job/OCBC-Singapore/Junior-Gold-Trader---Global-Markets-Division_JR00009823-1
keep,keep,singapore,"Internship: Global Markets, Asset Liability Management, Central Liability Unit [Jul to Dec 2026]",bankofsingapore.com,plausible,adjacent,https://ocbc.wd102.myworkdayjobs.com/en-US/External/job/OCBC-Singapore/Internship--Global-Markets--Asset-Liability-Management--Central-Liability-Unit--Jul-to-Dec-2026-_JR00006467,workday:ocbc|wd102|External:/job/OCBC-Singapore/Internship--Global-Markets--Asset-Liability-Management--Central-Liability-Unit--Jul-to-Dec-2026-_JR00006467
keep,keep,singapore,Institutional Equity Sales Trading - Global Markets Equities,bankofsingapore.com,plausible,adjacent,https://ocbc.wd102.myworkdayjobs.com/en-US/External/job/OCBC-Singapore/Institutional-Equity-Sales-Trading---Global-Markets-Equities_JR00007910,workday:ocbc|wd102|External:/job/OCBC-Singapore/Institutional-Equity-Sales-Trading---Global-Markets-Equities_JR00007910
keep,keep,singapore,IRON ORE TRADER,~unicore resources pte. ltd.,stretch,less_relevant,https://www.mycareersfuture.gov.sg/job/wholesale-trade/iron-ore-trader-unicore-resources-0553b5dce3bfc3a1a7b782c052985c2a,mycareersfuture:singapore:0553b5dce3bfc3a1a7b782c052985c2a
keep,keep,singapore,Global Financial Institutions Credit Analyst - AM/MGR,bankofsingapore.com,plausible,adjacent,https://ocbc.wd102.myworkdayjobs.com/en-US/External/job/OCBC-Singapore/Global-Financial-Institutions-Credit-Analyst---AM-MGR_JR00006878,workday:ocbc|wd102|External:/job/OCBC-Singapore/Global-Financial-Institutions-Credit-Analyst---AM-MGR_JR00006878
keep,keep,singapore,"Futures Sales and Trader, Futures Clearing",clsa.com,plausible,less_relevant,https://citicclsa.wd3.myworkdayjobs.com/en-US/External/job/Singapore/Futures-Sales-and-Trader--Futures-Clearing_JR001961-1,workday:citicclsa|wd3|External:/job/Singapore/Futures-Sales-and-Trader--Futures-Clearing_JR001961-1
keep,keep,hong kong,Financing Specialist,janestreet.com,,,https://www.janestreet.com/join-jane-street/apply/8585152002?gh_jid=8585152002,greenhouse:janestreet:8585152002
keep,keep,hong kong,"Facilitation Trader, Trading",clsa.com,plausible,less_relevant,https://citicclsa.wd3.myworkdayjobs.com/en-US/External/job/Hong-Kong/Facilitation-Trader--Trading_JR003132,workday:citicclsa|wd3|External:/job/Hong-Kong/Facilitation-Trader--Trading_JR003132
keep,keep,singapore,"FX & Rates Strategist, Research",clsa.com,,,https://citicclsa.wd3.myworkdayjobs.com/en-US/External/job/Singapore/FX---Rates-Strategist--Research_JR001364,workday:citicclsa|wd3|External:/job/Singapore/FX---Rates-Strategist--Research_JR001364
keep,keep,singapore,FIX Onboarding and Connectivity Engineer,janestreet.com,,,https://www.janestreet.com/join-jane-street/apply/8159216002?gh_jid=8159216002,greenhouse:janestreet:8159216002
keep,keep,hong kong,FIX Onboarding and Connectivity Engineer,janestreet.com,,,https://www.janestreet.com/join-jane-street/apply/8161177002?gh_jid=8161177002,greenhouse:janestreet:8161177002
keep,keep,hong kong,Exotic Options Trader,janestreet.com,stretch,less_relevant,https://www.janestreet.com/join-jane-street/apply/8433793002?gh_jid=8433793002,greenhouse:janestreet:8433793002
keep,keep,hong kong,"Execution Quant, Trading",clsa.com,plausible,less_relevant,https://citicclsa.wd3.myworkdayjobs.com/en-US/External/job/Hong-Kong/Execution-Quant--Trading_JR002875,workday:citicclsa|wd3|External:/job/Hong-Kong/Execution-Quant--Trading_JR002875
keep,keep,singapore,"Execution Consultant, Trading",clsa.com,plausible,adjacent,https://citicclsa.wd3.myworkdayjobs.com/en-US/External/job/Singapore/Execution-Consultant--Trading_JR002785,workday:citicclsa|wd3|External:/job/Singapore/Execution-Consultant--Trading_JR002785
keep,keep,hong kong,"Execution Consultant, Trading",clsa.com,plausible,adjacent,https://citicclsa.wd3.myworkdayjobs.com/en-US/External/job/Hong-Kong/Execution-Consultant--Trading_JR002478,workday:citicclsa|wd3|External:/job/Hong-Kong/Execution-Consultant--Trading_JR002478
keep,keep,singapore,Electronic/Algo Sales Trader,tpicap.com,plausible,adjacent,https://tp.wd107.myworkdayjobs.com/en-US/TP-ICAP/job/Singapore/Associate--Execution-Trading_R5426,workday:tp|wd107|TP-ICAP:/job/Singapore/Associate--Execution-Trading_R5426
keep,keep,singapore,Desk Quant - Macro Rate,~alan partners sg pte. ltd.,plausible,relevant,https://www.mycareersfuture.gov.sg/job/banking-finance/desk-quant-macro-rate-alan-partners-sg-ba99ec7563ff777d09d04caf1a937bf9,mycareersfuture:singapore:ba99ec7563ff777d09d04caf1a937bf9
keep,keep,stockholm,Data Scientist till Swedbank,~academic work sweden ab,plausible,adjacent,https://jobbsafari.se/jobb/data-scientist-till-swedbank-sasrb-20458005,jobbsafari:sweden:20458005
keep,keep,hong kong,Data Engineer,janestreet.com,,,https://www.janestreet.com/join-jane-street/apply/7668113002?gh_jid=7668113002,greenhouse:janestreet:7668113002
keep,keep,singapore,"Associate/Senior Associate, Trader - Equity Derivatives, Global Financial Markets",dbs.com,stretch,less_relevant,https://dbs.wd3.myworkdayjobs.com/en-US/DBS_Careers/job/Singapore---Central/Associate-Senior-Associate--Trader---Equity-Derivatives--Global-Financial-Markets_WD86917,workday:dbs|wd3|DBS_Careers:/job/Singapore---Central/Associate-Senior-Associate--Trader---Equity-Derivatives--Global-Financial-Markets_WD86917
keep,keep,hong kong,"Associate, Quant Developer, Delta One, Equity Derivatives",clsa.com,strong,less_relevant,https://citicclsa.wd3.myworkdayjobs.com/en-US/External/job/Hong-Kong/Associate-Director--Director--EQD-Quant-Developer--Equity-Derivatives_JR002284,workday:citicclsa|wd3|External:/job/Hong-Kong/Associate-Director--Director--EQD-Quant-Developer--Equity-Derivatives_JR002284
keep,keep,singapore,"Associate, Public Markets",~temasek global investments pte. ltd.,,,https://www.mycareersfuture.gov.sg/job/banking-finance/associate-public-markets-temasek-global-investments-7a16e2762866d38f4d2c925a20cab062,mycareersfuture:singapore:7a16e2762866d38f4d2c925a20cab062
keep,keep,hong kong,"Associate, Precious Metals Trader, Commodities",clsa.com,strong,less_relevant,https://citicclsa.wd3.myworkdayjobs.com/en-US/External/job/Hong-Kong/Associate--Precious-Metals-Trader--Commodities_JR002601,workday:citicclsa|wd3|External:/job/Hong-Kong/Associate--Precious-Metals-Trader--Commodities_JR002601
keep,keep,hong kong,"Associate, Platforms & Analytics, Trading Development",hkexgroup.com,plausible,adjacent,https://hkex.wd3.myworkdayjobs.com/en-US/HKEXCareerPage/job/HK-TWO-ES-6F/Associate--Platforms---Analytics--Trading-Development_R003606,workday:hkex|wd3|HKEXCareerPage:/job/HK-TWO-ES-6F/Associate--Platforms---Analytics--Trading-Development_R003606
keep,keep,hong kong,"Associate, FICC Structuring, Fixed Income",clsa.com,plausible,adjacent,https://citicclsa.wd3.myworkdayjobs.com/en-US/External/job/Hong-Kong/Associate--FICC-Structuring--Fixed-Income_JR003072,workday:citicclsa|wd3|External:/job/Hong-Kong/Associate--FICC-Structuring--Fixed-Income_JR003072
keep,keep,hong kong,"Associate, Equity Derivatives Structuring, Equity Derivatives",clsa.com,plausible,adjacent,https://citicclsa.wd3.myworkdayjobs.com/en-US/External/job/Hong-Kong/Associate--Equity-Derivatives-Structuring--Equity-Derivatives_JR002605-1,workday:citicclsa|wd3|External:/job/Hong-Kong/Associate--Equity-Derivatives-Structuring--Equity-Derivatives_JR002605-1
keep,keep,singapore,"Associate, EQD Trading, Equity Derivatives",clsa.com,plausible,adjacent,https://citicclsa.wd3.myworkdayjobs.com/en-US/External/job/Singapore/Associate-Director--EQD-Trading_JR001532,workday:citicclsa|wd3|External:/job/Singapore/Associate-Director--EQD-Trading_JR001532
keep,keep,hong kong,"Associate, Delta One Trading, Commodities",clsa.com,plausible,adjacent,https://citicclsa.wd3.myworkdayjobs.com/en-US/External/job/Hong-Kong/Associate--Delta-One-Trading--Commodities_JR002891,workday:citicclsa|wd3|External:/job/Hong-Kong/Associate--Delta-One-Trading--Commodities_JR002891
keep,keep,hong kong,"Associate, Delta One Index Trading, Equity Derivatives",clsa.com,plausible,adjacent,https://citicclsa.wd3.myworkdayjobs.com/en-US/External/job/Hong-Kong/Associate--Delta-One-Index-Trading--Equity-Derivatives_JR002573,workday:citicclsa|wd3|External:/job/Hong-Kong/Associate--Delta-One-Index-Trading--Equity-Derivatives_JR002573
keep,keep,hong kong,"Associate, Commodity Swaps Trader, Commodities",clsa.com,strong,less_relevant,https://citicclsa.wd3.myworkdayjobs.com/en-US/External/job/Hong-Kong/Associate--Commodity-Swaps-Trader--Commodities_JR002472,workday:citicclsa|wd3|External:/job/Hong-Kong/Associate--Commodity-Swaps-Trader--Commodities_JR002472
keep,keep,hong kong,"Associate, Commodities Quant, Commodities",clsa.com,apply_now,relevant,https://citicclsa.wd3.myworkdayjobs.com/en-US/External/job/Hong-Kong/Associate--Commodities-Quant--Commodities_JR002543,workday:citicclsa|wd3|External:/job/Hong-Kong/Associate--Commodities-Quant--Commodities_JR002543
keep,keep,hong kong,"Associate / Analyst, Credit Research - Bonds / Fixed Income, Group Research",dbs.com,plausible,adjacent,https://dbs.wd3.myworkdayjobs.com/en-US/DBS_Careers/job/One-Island-East/Associate---Analyst--Credit-Research---Bonds---Fixed-Income--Group-Research_WD87149,workday:dbs|wd3|DBS_Careers:/job/One-Island-East/Associate---Analyst--Credit-Research---Bonds---Fixed-Income--Group-Research_WD87149
keep,keep,singapore,"Analyst, Singapore",clsa.com,,,https://citicclsa.wd3.myworkdayjobs.com/en-US/External/job/Singapore/Analyst_JR002186,workday:citicclsa|wd3|External:/job/Singapore/Analyst_JR002186
keep,keep,singapore,"Algorithmic Sales Trader (Graduate), Trading",clsa.com,plausible,adjacent,https://citicclsa.wd3.myworkdayjobs.com/en-US/External/job/Singapore/Algorithmic-Sales-Trader--Graduate---Trading_JR002328,workday:citicclsa|wd3|External:/job/Singapore/Algorithmic-Sales-Trader--Graduate---Trading_JR002328
keep,keep,hong kong singapore,APAC Investment Treasury Portfolio Analyst,wellington.com,stretch,adjacent,https://wellington.wd5.myworkdayjobs.com/en-US/External/job/Central-Singapore-Singapore/APAC-Investment-Treasury-Portfolio-Analyst_R94251-1,workday:wellington|wd5|External:/job/Central-Singapore-Singapore/APAC-Investment-Treasury-Portfolio-Analyst_R94251-1
keep,keep,singapore,AI Engineer (Financial & Capital Markets)_Contract Renewable,~ntt singapore pte. ltd.,plausible,adjacent,https://www.mycareersfuture.gov.sg/job/information-technology/ai-engineer-contract-renewable-ntt-singapore-2c11b2f3e0f9101955e2efc563fcf0f0,mycareersfuture:singapore:2c11b2f3e0f9101955e2efc563fcf0f0
keep,keep,amsterdam hong kong,Senior Research Engineer (Based in Hong Kong),flowtraders.com,stretch,adjacent,https://job-boards.greenhouse.io/flowtraders/jobs/8020047,greenhouse:flowtraders:8020047
keep,keep,hong kong new york,Senior Research Engineer (Based in Hong Kong),flowtraders.com,stretch,adjacent,https://job-boards.greenhouse.io/flowtraders/jobs/8018139,greenhouse:flowtraders:8018139
keep,keep,hong kong,Senior Research Engineer,flowtraders.com,stretch,adjacent,https://job-boards.greenhouse.io/flowtraders/jobs/7431246,greenhouse:flowtraders:7431246
keep,keep,singapore,Senior Desk Quant Analyst (Front Office),~alan partners sg pte. ltd.,stretch,relevant,https://www.mycareersfuture.gov.sg/job/banking-finance/senior-desk-quant-analyst-alan-partners-sg-4b58250e5346c0048be283b32eb1d2d0,mycareersfuture:singapore:4b58250e5346c0048be283b32eb1d2d0
keep,keep,singapore,Junior Trader (FX / Precious Metals/Commodities)) #NKC,~recruit express pte ltd,strong,less_relevant,https://www.mycareersfuture.gov.sg/job/banking-finance/junior-trader-nkc-recruit-express-4f0e72dd260064c558877dd8c4520a72,mycareersfuture:singapore:4f0e72dd260064c558877dd8c4520a72
keep,keep,singapore,Investment Research Analyst | SFO,~smtp consult pte. ltd.,plausible,adjacent,https://www.mycareersfuture.gov.sg/job/banking-finance/investment-research-analyst-sfo-smtp-consult-834835caeda1b67fe72267232e6084fa,mycareersfuture:singapore:834835caeda1b67fe72267232e6084fa
keep,keep,hong kong,Institutional Trader (Based in Hong Kong),flowtraders.com,stretch,adjacent,https://job-boards.greenhouse.io/flowtraders/jobs/8025635,greenhouse:flowtraders:8025635
keep,keep,hong kong,Institutional Trader,flowtraders.com,stretch,adjacent,https://job-boards.greenhouse.io/flowtraders/jobs/7927974,greenhouse:flowtraders:7927974
keep,keep,hong kong,Graduate Quant Trader,flowtraders.com,strong,less_relevant,https://job-boards.greenhouse.io/flowtraders/jobs/7760610,greenhouse:flowtraders:7760610
keep,keep,hong kong,Experienced Quantitative Researcher,flowtraders.com,stretch,relevant,https://job-boards.greenhouse.io/flowtraders/jobs/4003450,greenhouse:flowtraders:4003450
keep,keep,hong kong,Experienced Quant,davinciderivatives.com,stretch,less_relevant,https://job-boards.eu.greenhouse.io/davinciderivatives/jobs/4570121101,greenhouse:davinciderivatives:4570121101
keep,keep,singapore,Execution Trader (APAC & Macro),~good job creations (singapore) pte. ltd.,plausible,less_relevant,https://www.mycareersfuture.gov.sg/job/banking-finance/execution-trader-good-job-creations-3e6083b709995ed99df3bdb4ba12cc69,mycareersfuture:singapore:3e6083b709995ed99df3bdb4ba12cc69
keep,keep,singapore,Senior Quantitative Researcher — Multi-Asset CTA,~skydog wealth management company pte. ltd.,stretch,relevant,https://www.mycareersfuture.gov.sg/job/banking-finance/senior-quantitative-researcher-%E2%80%94-multi-asset-cta-skydog-wealth-management-company-82a377e77e3143c23ad78d47aae479af,mycareersfuture:singapore:82a377e77e3143c23ad78d47aae479af
keep,keep,hong kong,Quantitative Trading Associate,schonfeld.com,stretch,adjacent,https://job-boards.greenhouse.io/schonfeld/jobs/7517021,greenhouse:schonfeld:7517021
keep,keep,hong kong,Quantitative Researcher - Hong Kong,schonfeld.com,plausible,relevant,https://job-boards.greenhouse.io/schonfeld/jobs/5460823,greenhouse:schonfeld:5460823
keep,keep,hong kong,Quantitative Researcher,schonfeld.com,stretch,relevant,https://job-boards.greenhouse.io/schonfeld/jobs/7624691,greenhouse:schonfeld:7624691
keep,keep,hong kong,Quantitative Research / Developer - Intern,schonfeld.com,strong,less_relevant,https://job-boards.greenhouse.io/schonfeld/jobs/7185553,greenhouse:schonfeld:7185553
keep,keep,hong kong,Quantitative Developer,schonfeld.com,stretch,less_relevant,https://job-boards.greenhouse.io/schonfeld/jobs/6772399,greenhouse:schonfeld:6772399
keep,keep,singapore,Junior Quantitative Trader / Researcher,tower-research.com,stretch,relevant,https://www.tower-research.com/open-positions/?gh_jid=8091777,greenhouse:towerresearchcapital:8091777
keep,keep,singapore,Investment Analyst,~jjsh investment management pte. ltd.,stretch,adjacent,https://www.mycareersfuture.gov.sg/job/banking-finance/investment-analyst-jjsh-investment-management-265d100cb3d41e8655183ecdf8872c48,mycareersfuture:singapore:265d100cb3d41e8655183ecdf8872c48
keep,keep,singapore,EQUITIES ANALYST,~grandbull network technology pte. ltd.,stretch,adjacent,https://www.mycareersfuture.gov.sg/job/accounting/equities-analyst-grandbull-network-technology-61bce1963b455fe277067653da79e4f9,mycareersfuture:singapore:61bce1963b455fe277067653da79e4f9
keep,keep,singapore,Credit Risk Modeler,~united overseas bank limited,stretch,less_relevant,https://www.mycareersfuture.gov.sg/job/banking-finance/credit-risk-modeler-united-overseas-bank-1ee72d2ddbec37453b71227015a5349c,mycareersfuture:singapore:1ee72d2ddbec37453b71227015a5349c
keep,keep,singapore,Software Developer,~allegis group singapore private limited,,,https://www.mycareersfuture.gov.sg/job/information-technology/software-developer-allegis-group-singapore-3d9ff87c9b3f9af85435baa8fdbdac14,mycareersfuture:singapore:3d9ff87c9b3f9af85435baa8fdbdac14
keep,keep,singapore,Senior Software Developer,~allegis group singapore private limited,,,https://www.mycareersfuture.gov.sg/job/information-technology/senior-software-developer-allegis-group-singapore-c2d5aca7ae76f32cb106af9d6c76e086,mycareersfuture:singapore:c2d5aca7ae76f32cb106af9d6c76e086
keep,keep,singapore,Senior Engineer,~pepper internet technology pte. ltd.,,,https://www.mycareersfuture.gov.sg/job/information-technology/senior-engineer-pepper-internet-technology-82f8187badf0ad0e49daf275e377c839,mycareersfuture:singapore:82f8187badf0ad0e49daf275e377c839
keep,keep,singapore,Multi Asset Dealer,~yuanta wealth management (singapore) pte. ltd.,plausible,adjacent,https://www.mycareersfuture.gov.sg/job/others/multi-asset-dealer-yuanta-wealth-management-c0914acd0093958d5af28a0ed5653b35,mycareersfuture:singapore:c0914acd0093958d5af28a0ed5653b35
keep,keep,singapore,Junior Trading Analyst,~hartree partners singapore pte. limited,plausible,adjacent,https://www.mycareersfuture.gov.sg/job/others/junior-trading-analyst-hartree-partners-singapore-87c0ff31b50307636e9a5ed1403e90d0,mycareersfuture:singapore:87c0ff31b50307636e9a5ed1403e90d0
keep,keep,singapore,Financial Analyst (Commodities),~direct search asia pte. ltd.,plausible,adjacent,https://www.mycareersfuture.gov.sg/job/banking-finance/financial-analyst-direct-search-asia-9cd0fbfac8ba4fad19a97860746b1043,mycareersfuture:singapore:9cd0fbfac8ba4fad19a97860746b1043
keep,keep,singapore,"Analyst, Private Capital Markets - Sales",~alta alternative investments pte. ltd.,plausible,adjacent,https://www.mycareersfuture.gov.sg/job/accounting/analyst-capital-markets-sales-alta-alternative-investments-5d06db310d7033537be6e0a916030500,mycareersfuture:singapore:5d06db310d7033537be6e0a916030500
keep,keep,singapore,AI Researcher,~dynamic technology lab private limited,plausible,adjacent,https://www.mycareersfuture.gov.sg/job/information-technology/ai-researcher-dynamic-technology-lab-d75041086c4333acfddc7aad48eb5230,mycareersfuture:singapore:d75041086c4333acfddc7aad48eb5230
keep,keep,singapore,6 Months Contract – Treasury Product & Business Support_BJJ,~recruit express pte ltd,plausible,adjacent,https://www.mycareersfuture.gov.sg/job/banking-finance/6-months-contract-%E2%80%93-treasury-product-business-supportbjj-recruit-express-ffd4697fcc14c09f7570f890031e75ce,mycareersfuture:singapore:ffd4697fcc14c09f7570f890031e75ce
keep,keep,singapore,Treasury Product & Business Support Officer ( 1 yr contract + 1 mth completion bonus),~tangspac consulting pte ltd,plausible,adjacent,https://www.mycareersfuture.gov.sg/job/banking-finance/treasury-product-business-support-officer-tangspac-consulting-4ddca2f99c462b540fd29be228e3c105,mycareersfuture:singapore:4ddca2f99c462b540fd29be228e3c105
keep,keep,singapore,"Treasury Officer (Banking Industry, FX/Treasury support, $7k ) (ID: 708090)",~persol singapore pte. ltd.,plausible,adjacent,https://www.mycareersfuture.gov.sg/job/banking-finance/treasury-officer-persol-singapore-821a539e15fbddb6199231ae2ed3bb9a,mycareersfuture:singapore:821a539e15fbddb6199231ae2ed3bb9a
keep,keep,singapore,Trading Operations Specialist,vaticlabs.ai,apply_now,relevant,https://job-boards.greenhouse.io/vaticlabs/jobs/8083551,greenhouse:vaticlabs:8083551
keep,keep,singapore,Reference Data Associate,~ice data services singapore pte. ltd.,plausible,adjacent,https://www.mycareersfuture.gov.sg/job/banking-finance/reference-data-associate-ice-data-services-singapore-7eb44192482591f4154080ec972c50ad,mycareersfuture:singapore:7eb44192482591f4154080ec972c50ad
keep,keep,singapore,Quantitative Researcher | Trading Team,jumptrading.com,plausible,relevant,https://www.jumptrading.com/hr/job?gh_jid=5870589,greenhouse:jumptrading:5870589
keep,keep,hong kong deprioritized,"Portfolio Finance Trader, SBL Specialist | Finance",jumptrading.com,stretch,less_relevant,https://www.jumptrading.com/hr/job?gh_jid=7340244,greenhouse:jumptrading:7340244
keep,keep,singapore,HFT Low-Latency Trading System Dev (C++),~alphamatrix capital pte. ltd.,plausible,less_relevant,https://www.mycareersfuture.gov.sg/job/banking-finance/hft-low-latency-trading-system-dev-alphamatrix-capital-7b7c293fba72fe14e38311dfd526cdbe,mycareersfuture:singapore:7b7c293fba72fe14e38311dfd526cdbe
keep,keep,singapore,"Graduate, Trading",~leonteq securities (singapore) pte. ltd.,plausible,adjacent,https://www.mycareersfuture.gov.sg/job/banking-finance/graduate-trading-leonteq-securities-5230ef349b07d7323812597b73783697,mycareersfuture:singapore:5230ef349b07d7323812597b73783697
keep,keep,singapore,Equity Research Analyst / Investment Analyst,~ks consulting pte. ltd.,stretch,adjacent,https://www.mycareersfuture.gov.sg/job/banking-finance/equity-research-analyst-investment-analyst-ks-consulting-c20f3fa1b6683a686c35ac82277a08fc,mycareersfuture:singapore:c20f3fa1b6683a686c35ac82277a08fc
keep,keep,singapore,"Associate, APAC Projects and Change - Up to $9K",~personnel link jobhub pte. ltd.,,,https://www.mycareersfuture.gov.sg/job/banking-finance/associate-apac-projects-change-9k-personnel-link-jobhub-2e234a5a530ae55413aa7cdafcb1faf2,mycareersfuture:singapore:2e234a5a530ae55413aa7cdafcb1faf2
keep,keep,singapore new york deprioritized,AI Research Scientist | Research & Development,jumptrading.com,,,https://www.jumptrading.com/hr/job?gh_jid=4982814,greenhouse:jumptrading:4982814
keep,keep,singapore,6 Months Contract – Treasury Product & Business Support,~recruit express pte ltd,plausible,adjacent,https://www.mycareersfuture.gov.sg/job/banking-finance/6-months-contract-%E2%80%93-treasury-product-business-support-recruit-express-0fc2cfb8ac23867933e7fec6ac9eb55e,mycareersfuture:singapore:0fc2cfb8ac23867933e7fec6ac9eb55e
keep,keep,singapore,Risk Analyst (Oil Products),~itg resources (singapore) pte. ltd.,stretch,adjacent,https://www.mycareersfuture.gov.sg/job/risk-management/risk-analyst-itg-resources-6022d3e5e2234827fa5d8f33e9b6446e,mycareersfuture:singapore:6022d3e5e2234827fa5d8f33e9b6446e
keep,keep,singapore deprioritized,Offshore China Credit Sales Trader,~starx capital markets pte. ltd.,stretch,adjacent,https://www.mycareersfuture.gov.sg/job/banking-finance/offshore-china-credit-sales-trader-starx-capital-markets-00b14caf1eff59a566f38b84cf290daa,mycareersfuture:singapore:00b14caf1eff59a566f38b84cf290daa
keep,keep,singapore,Executive / Senior Executive - Quantitative Strategist,~eastspring investments (singapore) limited,stretch,relevant,https://www.mycareersfuture.gov.sg/job/accounting/executive-senior-executive-quantitative-strategist-eastspring-investments-84d196b02fc37da461a9ff3a9a4130a2,mycareersfuture:singapore:84d196b02fc37da461a9ff3a9a4130a2
keep,keep,singapore,Energy Analyst,~bright point capital pte. ltd.,,,https://www.mycareersfuture.gov.sg/job/others/energy-analyst-bright-point-capital-8052460d7b2e010cd746ac3059bee566,mycareersfuture:singapore:8052460d7b2e010cd746ac3059bee566
keep,keep,singapore,Crude Oil Trader,~repsol trading singapore pte. ltd.,plausible,adjacent,https://www.mycareersfuture.gov.sg/job/logistics/crude-oil-trader-repsol-trading-singapore-f2f2dd0590a5afc7a46acee2c867028a,mycareersfuture:singapore:f2f2dd0590a5afc7a46acee2c867028a
keep,keep,singapore,Credit Analyst,~uob kay hian private limited,,,https://www.mycareersfuture.gov.sg/job/banking-finance/credit-analyst-uob-kay-hian-b87045719da375e11285324de67ad236,mycareersfuture:singapore:b87045719da375e11285324de67ad236
keep,keep,singapore,Business Performance & Investment Analyst,~tj infotech pte. ltd.,stretch,adjacent,https://www.mycareersfuture.gov.sg/job/banking-finance/business-performance-investment-analyst-tj-infotech-2083cd5e1303f6a1dabba509cdb2d2e2,mycareersfuture:singapore:2083cd5e1303f6a1dabba509cdb2d2e2
keep,keep,singapore,BANK TREASURY OFFICER,~hr-pro recruitment services pte. ltd.,plausible,adjacent,https://www.mycareersfuture.gov.sg/job/banking-finance/bank-treasury-officer-hr-pro-recruitment-services-870b87bde7561e34179f98431563c691,mycareersfuture:singapore:870b87bde7561e34179f98431563c691
keep,keep,singapore,Treasury Trade Finance (Contract),~hays specialist recruitment pte. ltd.,plausible,adjacent,https://www.mycareersfuture.gov.sg/job/accounting/treasury-trade-finance-hays-specialist-recruitment-e199d603846bb220d24e1a2d5e892ceb,mycareersfuture:singapore:e199d603846bb220d24e1a2d5e892ceb
keep,keep,singapore,Treasury Trade Finance (Commodities) #ez,~hays specialist recruitment pte. ltd.,stretch,adjacent,https://www.mycareersfuture.gov.sg/job/accounting/treasury-trade-finance-ez-hays-specialist-recruitment-8ef04f753be863240fc6e2913bd5e131,mycareersfuture:singapore:8ef04f753be863240fc6e2913bd5e131
keep,keep,singapore,Treasury Specialist,~randstad pte. limited,plausible,adjacent,https://www.mycareersfuture.gov.sg/job/accounting/treasury-specialist-randstad-4ca58d0fb1034afd7cd55bc856059f2f,mycareersfuture:singapore:4ca58d0fb1034afd7cd55bc856059f2f
keep,keep,singapore,Treasury Analyst / Treasury Associate,~sf international treasury management pte. ltd.,stretch,adjacent,https://www.mycareersfuture.gov.sg/job/accounting/treasury-analyst-treasury-associate-sf-international-treasury-management-fa138eb11db6d06214f88ae946caf719,mycareersfuture:singapore:fa138eb11db6d06214f88ae946caf719
keep,keep,singapore,Trading Desk,xtxmarkets.com,stretch,adjacent,https://job-boards.greenhouse.io/xtxmarketstechnologies/jobs/7798502003,greenhouse:xtxmarketstechnologies:7798502003
keep,keep,singapore,Petrochemical Trader (石油化工业务员）,~singapore xing da petrochemical pte. ltd.,stretch,less_relevant,https://www.mycareersfuture.gov.sg/job/general-management/petrochemical-trader-%E7%9F%B3%E6%B2%B9%E5%8C%96%E5%B7%A5%E4%B8%9A%E5%8A%A1%E5%91%98%EF%BC%89-singapore-xing-da-petrochemical-d2c3ec95e4889317af808a2c224614ff,mycareersfuture:singapore:d2c3ec95e4889317af808a2c224614ff
keep,keep,singapore,Junior Bitumen Trader,~ambition group singapore pte. ltd.,stretch,adjacent,https://www.mycareersfuture.gov.sg/job/others/junior-bitumen-trader-ambition-group-singapore-6123ae295db4bc50d8821d67694f5b5d,mycareersfuture:singapore:6123ae295db4bc50d8821d67694f5b5d
keep,keep,singapore deprioritized,"Grains / Oilseed / Veg Oil Agri Futures Trader (SG, HK or China)",~zhijing singapore private limited,stretch,less_relevant,https://www.mycareersfuture.gov.sg/job/banking-finance/grains-oilseed-veg-oil-agri-futures-trader-zhijing-singapore-cfa320ffd66b3891846dad1b7b2c7520,mycareersfuture:singapore:cfa320ffd66b3891846dad1b7b2c7520
keep,keep,singapore,Credit Risk Analyst - Banking,~greenlane private ltd.,stretch,less_relevant,https://www.mycareersfuture.gov.sg/job/banking-finance/credit-risk-analyst-banking-greenlane-82bd10366a859f1f9f3b7952791b1990,mycareersfuture:singapore:82bd10366a859f1f9f3b7952791b1990
keep,keep,singapore,Commodity Trader (International Trade),~singapore xing da petrochemical pte. ltd.,stretch,adjacent,https://www.mycareersfuture.gov.sg/job/general-management/commodity-trader-singapore-xing-da-petrochemical-6c572ee1544c88e29ed64ee323cbb982,mycareersfuture:singapore:6c572ee1544c88e29ed64ee323cbb982
keep,keep,singapore,KDB+/q Developer #sn,~hays specialist recruitment pte. ltd.,stretch,adjacent,https://www.mycareersfuture.gov.sg/job/information-technology/kdbq-developer-sn-hays-specialist-recruitment-8fd122d0b8bf6d2cfd47cb5405564277,mycareersfuture:singapore:8fd122d0b8bf6d2cfd47cb5405564277
keep,keep,hong kong,Junior Trading Analyst - Volatility Trading,eclipsetrading.com,strong,less_relevant,https://job-boards.greenhouse.io/eclipsetrading/jobs/8640163002,greenhouse:eclipsetrading:8640163002
keep,keep,hong kong,Junior Trading Analyst - Delta One & ETF Trading,eclipsetrading.com,strong,less_relevant,https://job-boards.greenhouse.io/eclipsetrading/jobs/8640162002,greenhouse:eclipsetrading:8640162002
keep,keep,singapore,Fundamental Researcher,~point72 asia (singapore) pte. ltd.,plausible,adjacent,https://www.mycareersfuture.gov.sg/job/banking-finance/fundamental-researcher-point72-asia-28904f05284c585fb3c21375e4e8044c,mycareersfuture:singapore:28904f05284c585fb3c21375e4e8044c
keep,keep,singapore,junior investment analyst,~alpha porter pte. ltd.,plausible,adjacent,https://www.mycareersfuture.gov.sg/job/banking-finance/junior-investment-analyst-alpha-porter-578cebeea6481aa059e355dd3072ee18,mycareersfuture:singapore:578cebeea6481aa059e355dd3072ee18
keep,keep,hong kong singapore,Reliability Engineer,tower-research.com,stretch,adjacent,https://www.tower-research.com/open-positions/?gh_jid=8000037,greenhouse:towerresearchcapital:8000037
keep,keep,hong kong singapore,Reliability Engineer,tower-research.com,stretch,adjacent,https://www.tower-research.com/open-positions/?gh_jid=8000035,greenhouse:towerresearchcapital:8000035
keep,keep,hong kong,Java Software Engineer,eclipsetrading.com,plausible,adjacent,https://job-boards.greenhouse.io/eclipsetrading/jobs/8520175002,greenhouse:eclipsetrading:8520175002
keep,keep,singapore,Fixed Income Trader,~philippine national bank,stretch,less_relevant,https://www.mycareersfuture.gov.sg/job/banking-finance/fixed-income-trader-philippine-national-bank-2bb83ec079aca65181877bc8ba566a8c,mycareersfuture:singapore:2bb83ec079aca65181877bc8ba566a8c
keep,keep,singapore,FX CFD Dealer,~trevose partners executive pte. limited,plausible,adjacent,https://www.mycareersfuture.gov.sg/job/banking-finance/fx-cfd-dealer-trevose-partners-executive-a51d0307bf4e0e18fe7a542eb17a34af,mycareersfuture:singapore:a51d0307bf4e0e18fe7a542eb17a34af
keep,keep,hong kong deprioritized,Network Engineer,eclipsetrading.com,,,https://job-boards.greenhouse.io/eclipsetrading/jobs/8461791002,greenhouse:eclipsetrading:8461791002
keep,keep,singapore,Derivatives Trading Executive,~singapore julong international investment pte. ltd.,plausible,adjacent,https://www.mycareersfuture.gov.sg/job/admin/derivatives-trading-executive-singapore-julong-international-investment-0cd968b957b9e05d59b288dfa5debff5,mycareersfuture:singapore:0cd968b957b9e05d59b288dfa5debff5
keep,keep,stockholm,Ränteförvaltare till Swedbank Robur,~swedbank ab,plausible,adjacent,https://jobbsafari.se/jobb/ranteforvaltare-till-swedbank-robur-sasrb-20433739,jobbsafari:sweden:20433739
keep,keep,singapore,Quantitative Trader,akunacapital.com,stretch,less_relevant,https://www.akunacapital.com/careers/job/6527972/?gh_jid=6527972,greenhouse:akunacapital:6527972
keep,keep,stockholm,Quantitative Power Trader,~ingrid capacity ab,plausible,less_relevant,https://jobbsafari.se/jobb/quantitative-power-trader-scsom-20431230,jobbsafari:sweden:20431230
keep,keep,stockholm,Power Trader,~ingrid capacity ab,plausible,less_relevant,https://jobbsafari.se/jobb/power-trader-scsom-20431231,jobbsafari:sweden:20431231
keep,keep,hong kong,Options Trader,eclipsetrading.com,strong,less_relevant,https://job-boards.greenhouse.io/eclipsetrading/jobs/7939165002,greenhouse:eclipsetrading:7939165002
keep,keep,hong kong,Front Office Python Developer,eclipsetrading.com,plausible,adjacent,https://job-boards.greenhouse.io/eclipsetrading/jobs/8473722002,greenhouse:eclipsetrading:8473722002
keep,keep,singapore,Software Engineer,tower-research.com,stretch,adjacent,https://www.tower-research.com/open-positions/?gh_jid=7613150,greenhouse:towerresearchcapital:7613150
keep,keep,stockholm,Data Scientist till PayEx,~academic work sweden ab,plausible,adjacent,https://jobbsafari.se/jobb/data-scientist-till-payex-sasrb-20413235,jobbsafari:sweden:20413235
keep,keep,singapore,Risk Associate,tower-research.com,plausible,adjacent,https://www.tower-research.com/open-positions/?gh_jid=8040163,greenhouse:towerresearchcapital:8040163
keep,keep,stockholm,"Risk Officer to the IFRS 9 team | SEB, Stockholm",~seb,plausible,adjacent,https://jobbsafari.se/jobb/risk-officer-to-the-ifrs-9-team-seb-stockholm-ssseb-20477784,jobbsafari:sweden:20477784
keep,keep,stockholm,"Quantitative Analyst to the IFRS 9 team | SEB, Stockholm",~seb,strong,relevant,https://jobbsafari.se/jobb/quantitative-analyst-to-the-ifrs-9-team-seb-stockholm-ssseb-20477783,jobbsafari:sweden:20477783
keep,keep,hong kong,Systems Engineer,tower-research.com,stretch,adjacent,https://www.tower-research.com/open-positions/?gh_jid=7613397,greenhouse:towerresearchcapital:7613397
keep,keep,singapore,Systems Engineer,tower-research.com,stretch,adjacent,https://www.tower-research.com/open-positions/?gh_jid=8022724,greenhouse:towerresearchcapital:8022724
keep,keep,hong kong,Machine Learning Engineer,tower-research.com,apply_now,relevant,https://www.tower-research.com/open-positions/?gh_jid=7714667,greenhouse:towerresearchcapital:7714667
keep,keep,singapore,Machine Learning Engineer,tower-research.com,apply_now,relevant,https://www.tower-research.com/open-positions/?gh_jid=8020385,greenhouse:towerresearchcapital:8020385
keep,keep,hong kong singapore deprioritized,"Software Engineer, C++",tower-research.com,stretch,adjacent,https://www.tower-research.com/open-positions/?gh_jid=6346539,greenhouse:towerresearchcapital:6346539
keep,keep,singapore,Quant Researcher,bluecrestcapital.com,plausible,relevant,https://job-boards.greenhouse.io/bluecrestcapitalmanagement/jobs/7763385003,greenhouse:bluecrestcapitalmanagement:7763385003
keep,keep,stockholm,Senior Credit Risk Analyst,~enity bank group,stretch,less_relevant,https://jobbsafari.se/jobb/senior-credit-risk-analyst-scsom-20347973,jobbsafari:sweden:20347973
keep,keep,singapore deprioritized,Core Developer - China Desk,itgeurope.com,,,https://job-boards.greenhouse.io/virtu/jobs/4678573002,greenhouse:virtu:4678573002
keep,keep,hong kong,Precious Metals Physical Trading Specialist (VN2703),marex.com,plausible,adjacent,https://marex.breezy.hr/p/11f09d69f57701-precious-metals-physical-trading-specialist-vn2703,breezy:marex:11f09d69f57701
keep,keep,stockholm,Data Stewards inom finansiella instrument till Swedbank,~academic work sweden ab,,,https://jobbsafari.se/jobb/data-stewards-inom-finansiella-instrument-till-swedbank-sasrb-20337237,jobbsafari:sweden:20337237
keep,keep,stockholm,Market Data Specialist (m/f/d),~infront,plausible,adjacent,https://jobbsafari.se/jobb/market-data-specialist-mfd-scsom-20333757,jobbsafari:sweden:20333757
keep,keep,stockholm,Market Data Specialist (m/f/d),~infront,plausible,adjacent,https://jobbsafari.se/jobb/market-data-specialist-mfd-scsom-20333756,jobbsafari:sweden:20333756
keep,keep,singapore,ETF Trader,tower-research.com,stretch,adjacent,https://www.tower-research.com/open-positions/?gh_jid=7816571,greenhouse:towerresearchcapital:7816571
keep,keep,singapore,Systems Engineer,itgeurope.com,,,https://job-boards.greenhouse.io/virtu/jobs/6209099002,greenhouse:virtu:6209099002
keep,keep,singapore,Quantitative Trader,itgeurope.com,plausible,less_relevant,https://job-boards.greenhouse.io/virtu/jobs/4232867002,greenhouse:virtu:4232867002
keep,keep,singapore,Options Trader,itgeurope.com,strong,less_relevant,https://job-boards.greenhouse.io/virtu/jobs/5212847002,greenhouse:virtu:5212847002
keep,keep,singapore,Options Quantitative Strategist,itgeurope.com,stretch,relevant,https://job-boards.greenhouse.io/virtu/jobs/5360031002,greenhouse:virtu:5360031002
keep,keep,singapore,ETF Trader,itgeurope.com,stretch,less_relevant,https://job-boards.greenhouse.io/virtu/jobs/8522534002,greenhouse:virtu:8522534002
keep,keep,singapore,Trading Assistant (Emerging Markets),bluecrestcapital.com,plausible,adjacent,https://job-boards.greenhouse.io/bluecrestcapitalmanagement/jobs/7544700003,greenhouse:bluecrestcapitalmanagement:7544700003
keep,keep,singapore new york deprioritized,Medium Frequency Quantitative Researcher,tudor.com,apply_now,relevant,https://job-boards.greenhouse.io/tudorgroup/jobs/5358422,greenhouse:tudorgroup:5358422
keep,keep,singapore new york deprioritized,Low Latency Quantitative Researcher,tudor.com,stretch,relevant,https://job-boards.greenhouse.io/tudorgroup/jobs/5358163,greenhouse:tudorgroup:5358163
keep,keep,stockholm,Quantitative Analyst to Risk & Valuation Services,~seb,strong,relevant,https://jobbsafari.se/jobb/quantitative-analyst-to-risk-valuation-services-ssseb-20486101,jobbsafari:sweden:20486101
keep,keep,stockholm,"Data Architect for Risk | SEB, Stockholm",~seb,,,https://jobbsafari.se/jobb/risk-data-modeller-to-finance-risk-and-compliance-seb-stockholm-ssseb-20192163,jobbsafari:sweden:20192163
keep,keep,singapore,Risk Intern - 6 Month Internship Opportunity,tower-research.com,out_of_scope,adjacent,https://www.tower-research.com/open-positions/?gh_jid=7789933,greenhouse:towerresearchcapital:7789933
keep,keep,singapore,Quantitative Developer,tower-research.com,strong,less_relevant,https://www.tower-research.com/open-positions/?gh_jid=5733830,greenhouse:towerresearchcapital:5733830
keep,keep,singapore,Software Developer,tower-research.com,stretch,relevant,https://www.tower-research.com/open-positions/?gh_jid=1904195,greenhouse:towerresearchcapital:1904195
keep,keep,stockholm,"System Specialist – Technology Trading FX | SEB, Sweden",~seb,plausible,adjacent,https://jobbsafari.se/jobb/system-specialist-technology-trading-fx-seb-sweden-ssseb-19980700,jobbsafari:sweden:19980700
keep,keep,hong kong deprioritized,Quantitative Developer (C++),tower-research.com,strong,less_relevant,https://www.tower-research.com/open-positions/?gh_jid=6296510,greenhouse:towerresearchcapital:6296510
keep,keep,hong kong singapore deprioritized,Quantitative Trader / Researcher - APAC,tower-research.com,stretch,relevant,https://www.tower-research.com/open-positions/?gh_jid=4958633,greenhouse:towerresearchcapital:4958633
keep,keep,hong kong,Quantitative Researcher,tower-research.com,stretch,relevant,https://www.tower-research.com/open-positions/?gh_jid=6679938,greenhouse:towerresearchcapital:6679938
keep,keep,singapore,Experienced Options Trader – Singapore Office,belvederetrading.com,plausible,less_relevant,https://jobs.lever.co/belvederetrading/25963deb-5dfd-42da-88b4-3cd3b5d8d5ef,lever:belvederetrading:25963deb-5dfd-42da-88b4-3cd3b5d8d5ef
noise,consulting,singapore,Senior Murex FO Consultant,~luxoft information technology (singapore) pte. ltd.,,,https://www.mycareersfuture.gov.sg/job/information-technology/senior-murex-fo-consultant-luxoft-information-technology-2a18fcb427f4c273004a1071d4483bf2,mycareersfuture:singapore:2a18fcb427f4c273004a1071d4483bf2
noise,consulting,singapore,Senior Murex Collateral Consultant,~luxoft information technology (singapore) pte. ltd.,stretch,adjacent,https://www.mycareersfuture.gov.sg/job/banking-finance/senior-murex-collateral-consultant-luxoft-information-technology-e491d5fa56bb3d631f7fb42e092ab879,mycareersfuture:singapore:e491d5fa56bb3d631f7fb42e092ab879
noise,consulting,singapore,"Senior Consultant, Data Analyst (CLM)",~abeam consulting (singapore) pte. ltd.,,,https://www.mycareersfuture.gov.sg/job/information-technology/senior-consultant-data-analyst-abeam-consulting-389148b9828a1cb1bb9abf6aa1bf97a7,mycareersfuture:singapore:389148b9828a1cb1bb9abf6aa1bf97a7
noise,consulting,singapore,Financial Services Assurance Associate,~pricewaterhousecoopers llp,,,https://www.mycareersfuture.gov.sg/job/accounting/financial-services-assurance-associate-pricewaterhousecoopers-e4b13521949ee971a8d25b118aeb1a0d,mycareersfuture:singapore:e4b13521949ee971a8d25b118aeb1a0d
noise,consulting,singapore,Senior Financial Analyst (Oil & Gas),~achieve career consultant pte ltd,,,https://www.mycareersfuture.gov.sg/job/accounting/senior-financial-analyst-achieve-career-consultant-f169f6304eeb49077499060c84d673a4,mycareersfuture:singapore:f169f6304eeb49077499060c84d673a4
noise,consulting,hong kong,Investment Research Specialist (Equity),marsh.com,plausible,adjacent,https://mmc.wd1.myworkdayjobs.com/en-US/MMC/job/Hong-Kong---FWD-Tower/Investment-Research-Specialist--Equity-_R_363196-1,workday:mmc|wd1|MMC:/job/Hong-Kong---FWD-Tower/Investment-Research-Specialist--Equity-_R_363196-1
noise,consulting,singapore,IT System / Business Analyst,~capgemini singapore  pte. ltd.,,,https://www.mycareersfuture.gov.sg/job/consulting/system-business-analyst-capgemini-singapore-1d4dbdb07f46779f0fb50e33a40d7373,mycareersfuture:singapore:1d4dbdb07f46779f0fb50e33a40d7373
noise,consulting,singapore,"Contract- Management Consultant, Tax",~sia partners singapore pte. ltd.,,,https://www.mycareersfuture.gov.sg/job/consulting/contract-management-consultant-tax-sia-partners-singapore-063f856ba79eb8e8bd3dff0615499c25,mycareersfuture:singapore:063f856ba79eb8e8bd3dff0615499c25
noise,consulting,singapore,Business Analyst (Asset Management ),~capgemini singapore  pte. ltd.,plausible,adjacent,https://www.mycareersfuture.gov.sg/job/information-technology/business-analyst-capgemini-singapore-43b7f831aea5e4b5b4ae289fe4b78e7a,mycareersfuture:singapore:43b7f831aea5e4b5b4ae289fe4b78e7a
noise,consulting,stockholm,Senior implementation Consultant,advent.com,,,https://wd1.myworkdaysite.com/en-US/SSCTechnologies/job/Oslo-Norway/Senior-implementation-Consultant_R44729,workday:ssctech|wd1|SSCTechnologies|myworkdaysite.com:/job/Oslo-Norway/Senior-implementation-Consultant_R44729
noise,consulting,singapore,SAP PM Consultant,~flintex consulting pte. ltd.,,,https://www.mycareersfuture.gov.sg/job/information-technology/sap-pm-consultant-flintex-consulting-d381e85b71163c257a4be5bfaa911a6f,mycareersfuture:singapore:d381e85b71163c257a4be5bfaa911a6f
noise,consulting,singapore,SAP Consultant (MM SD),~ernst & young advisory pte. ltd.,,,https://www.mycareersfuture.gov.sg/job/consulting/sap-consultant-ernst-young-advisory-2ee414fe61f6e26d384feff5dae538fa,mycareersfuture:singapore:2ee414fe61f6e26d384feff5dae538fa
noise,consulting,singapore,Murex Trading Front office #sn,~hays specialist recruitment pte. ltd.,plausible,adjacent,https://www.mycareersfuture.gov.sg/job/information-technology/murex-trading-front-office-sn-hays-specialist-recruitment-bbff8a5f09d3507ede9e90ad7f6e324c,mycareersfuture:singapore:bbff8a5f09d3507ede9e90ad7f6e324c
noise,consulting,singapore,Financial Products Intern - APAC (6 months Summer 2027),marex.com,,,https://marex.breezy.hr/p/f380c0381d9001-financial-products-intern-apac-6-months-summer-2027,breezy:marex:f380c0381d9001
noise,consulting,singapore,Senior Technical Consultant,~kwa analytics pte. ltd.,,,https://www.mycareersfuture.gov.sg/job/information-technology/senior-technical-consultant-kwa-analytics-c4168eea183dcbf42862664d084cbd08,mycareersfuture:singapore:c4168eea183dcbf42862664d084cbd08
noise,consulting,stockholm,Lean Portfolio Management Expert,techrytera.se,plausible,adjacent,https://arbetsformedlingen.se/platsbanken/annonser/31390473,jobtech:jobstream:31390473
noise,consulting,stockholm,Expert på Lean Portfolio Management (LPM) & Agil Portföljstyrning,~quest consulting sverige ab,plausible,adjacent,https://arbetsformedlingen.se/platsbanken/annonser/31390300,jobtech:jobstream:31390300
noise,consulting,singapore,Business Consultant,~kwa analytics pte. ltd.,,,https://www.mycareersfuture.gov.sg/job/consulting/business-consultant-kwa-analytics-b611903b1bb743bb54c647434386ce91,mycareersfuture:singapore:b611903b1bb743bb54c647434386ce91
noise,consulting,stockholm,Lean Portfolio Management Expert,~techrytera ab,plausible,adjacent,https://jobbsafari.se/jobb/lean-portfolio-management-expert-sasrb-20516061,jobbsafari:sweden:20516061
noise,consulting,stockholm,Expert på Lean Portfolio Management (LPM) & Agil Portföljstyrning,~quest consulting sverige ab,plausible,adjacent,https://jobbsafari.se/jobb/expert-pa-lean-portfolio-management-lpm-agil-portfoljstyrning-sasrb-20515994,jobbsafari:sweden:20515994
noise,consulting,singapore,Global Mobility Consultant / Senior Analyst,marsh.com,,,https://mmc.wd1.myworkdayjobs.com/en-US/MMC/job/Singapore---Marina-View/Global-Mobility-Consultant---Senior-Analyst_R_362866,workday:mmc|wd1|MMC:/job/Singapore---Marina-View/Global-Mobility-Consultant---Senior-Analyst_R_362866
noise,consulting,singapore,Software Engineer,~upskills pte. ltd.,,,https://www.mycareersfuture.gov.sg/job/banking-finance/software-engineer-upskills-43899d72aaf06126af00b815b3bf34b2,mycareersfuture:singapore:43899d72aaf06126af00b815b3bf34b2
noise,consulting,singapore,Senior Consultant (Capital Markets),~upskills pte. ltd.,stretch,adjacent,https://www.mycareersfuture.gov.sg/job/banking-finance/senior-consultant-upskills-c8522feee93ab373fd397cf32b05dd3b,mycareersfuture:singapore:c8522feee93ab373fd397cf32b05dd3b
noise,consulting,singapore,SENIOR CONSULTANT – FINANCIAL SERVICES,~aurexia pte. ltd.,,,https://www.mycareersfuture.gov.sg/job/banking-finance/senior-consultant-%E2%80%93-financial-services-aurexia-32bcdb673065fa379932419823196174,mycareersfuture:singapore:32bcdb673065fa379932419823196174
noise,consulting,singapore,"Junior Consultant, Advisory",~turner & townsend pte. limited,,,https://www.mycareersfuture.gov.sg/job/building-construction/junior-consultant-advisory-turner-townsend-c28cff285f75b63e2ae3edf46021f02d,mycareersfuture:singapore:c28cff285f75b63e2ae3edf46021f02d
noise,consulting,singapore,Consultant,~upskills pte. ltd.,,,https://www.mycareersfuture.gov.sg/job/banking-finance/consultant-upskills-6447dd24395d8ae60222b4086ea75d73,mycareersfuture:singapore:6447dd24395d8ae60222b4086ea75d73
noise,consulting,hong kong,Compensation Consulting Analyst,marsh.com,,,https://mmc.wd1.myworkdayjobs.com/en-US/MMC/job/Hong-Kong---FWD-Tower/Compensation-Consulting-Analyst_R_362683-1,workday:mmc|wd1|MMC:/job/Hong-Kong---FWD-Tower/Compensation-Consulting-Analyst_R_362683-1
noise,consulting,singapore deprioritized,Business Consultant - Risk Intelligence,lseg.com,,,https://lseg.wd3.myworkdayjobs.com/en-US/Careers/job/SGP-Singapore-1-Raffles-Quay/Business-Consultant---Risk-Intelligence_R0122122,workday:lseg|wd3|Careers:/job/SGP-Singapore-1-Raffles-Quay/Business-Consultant---Risk-Intelligence_R0122122
noise,consulting,singapore,Sustainability & ESG Consultant,~sgs international certification services singapore pte ltd,,,https://www.mycareersfuture.gov.sg/job/banking-finance/sustainability-esg-consultant-sgs-international-certification-services-singapore-52efac8ca79aaf445e7c63d994a013c8,mycareersfuture:singapore:52efac8ca79aaf445e7c63d994a013c8
noise,consulting,singapore,"EY-Parthenon Experienced Associate, Strategy and Execution",~ey corporate advisors pte. ltd.,,,https://www.mycareersfuture.gov.sg/job/consulting/ey-parthenon-experienced-associate-strategy-execution-ey-corporate-advisors-8b690c7bbba76d9279bca7cf646fa043,mycareersfuture:singapore:8b690c7bbba76d9279bca7cf646fa043
noise,consulting,singapore,"Data Engineer (Databricks), Senior Associate, Technology Consulting",~ernst & young advisory pte. ltd.,,,https://www.mycareersfuture.gov.sg/job/consulting/data-engineer-senior-associate-technology-consulting-ernst-young-advisory-9db5aee6e537885c1795bf8ebca534ec,mycareersfuture:singapore:9db5aee6e537885c1795bf8ebca534ec
noise,consulting,singapore,BUSINESS ADVISORY SERVICES CONSULTANT,~quess selection & services pte. ltd.,,,https://www.mycareersfuture.gov.sg/job/consulting/business-advisory-services-consultant-quess-selection-services-75ad34fa225674b599ffe1fcb4b8203b,mycareersfuture:singapore:75ad34fa225674b599ffe1fcb4b8203b
noise,consulting,hong kong deprioritized,AI and Business Management - Associate,icapitalnetwork.com,,,https://job-boards.greenhouse.io/icapitalnetwork/jobs/8611603002,greenhouse:icapitalnetwork:8611603002
noise,consulting,singapore,Market Research Analyst Intern,~adept business consultancy pte. ltd.,plausible,adjacent,https://www.mycareersfuture.gov.sg/job/banking-finance/market-research-analyst-intern-adept-business-consultancy-ec71345b50ccdf0a0dc798f5d3884022,mycareersfuture:singapore:ec71345b50ccdf0a0dc798f5d3884022
noise,consulting,singapore,Management Consultant Associate,~placement professionals,,,https://www.mycareersfuture.gov.sg/job/banking-finance/management-consultant-associate-placement-professionals-0ab479fdf57020a222ca82f6c3197ae6,mycareersfuture:singapore:0ab479fdf57020a222ca82f6c3197ae6
noise,consulting,stockholm,"Junior Associate, International Commercial & Trade - Stockholm",~baker mckenzie,,,https://jobbsafari.se/jobb/junior-associate-international-commercial-trade-stockholm-scsom-20508428,jobbsafari:sweden:20508428
noise,consulting,singapore,Finance Analyst,~flintex consulting pte. ltd.,,,https://www.mycareersfuture.gov.sg/job/banking-finance/finance-analyst-flintex-consulting-27b7d387256e2ae6ff096dd5d40464f8,mycareersfuture:singapore:27b7d387256e2ae6ff096dd5d40464f8
noise,consulting,singapore,EY-Parthenon Senior Associate - Financial Diligence,~ey corporate advisors pte. ltd.,,,https://www.mycareersfuture.gov.sg/job/accounting/ey-parthenon-senior-associate-financial-diligence-ey-corporate-advisors-1dd8d8950c25e7dc532830a1d24af165,mycareersfuture:singapore:1dd8d8950c25e7dc532830a1d24af165
noise,consulting,singapore,Technical Data Analyst (Banking Industry),~abeam consulting (singapore) pte. ltd.,,,https://www.mycareersfuture.gov.sg/job/information-technology/technical-data-analyst-abeam-consulting-581d6a4f46cbaa3a1ea3e35d2b3dcb03,mycareersfuture:singapore:581d6a4f46cbaa3a1ea3e35d2b3dcb03
noise,consulting,singapore,"System Analyst, Cash Management & Transaction Banking (for banking industry)",~abeam consulting (singapore) pte. ltd.,,,https://www.mycareersfuture.gov.sg/job/information-technology/system-analyst-cash-management-transaction-banking-abeam-consulting-0f88258ee8c9f58712b910cb8a2200ec,mycareersfuture:singapore:0f88258ee8c9f58712b910cb8a2200ec
noise,consulting,singapore,"Senior Consultant, Data Governance & Regulatory Advisory and Risk Management (Japanese Speaking)",~abeam consulting (singapore) pte. ltd.,,,https://www.mycareersfuture.gov.sg/job/consulting/senior-consultant-data-governance-regulatory-advisory-risk-management-abeam-consulting-1a71516b7d0f3325611bba530cc70daf,mycareersfuture:singapore:1a71516b7d0f3325611bba530cc70daf
noise,consulting,singapore,Senior Business Analyst – Front Office Rates (Pre-Trade Platform),~quanteam (singapore) pte. ltd.,stretch,adjacent,https://www.mycareersfuture.gov.sg/job/information-technology/senior-business-analyst-%E2%80%93-front-office-rates-quanteam-c36a27c9173bf5015c2199380b3f1168,mycareersfuture:singapore:c36a27c9173bf5015c2199380b3f1168
noise,consulting,singapore,SAP SAC Senior Consultant,~abeam consulting (singapore) pte. ltd.,,,https://www.mycareersfuture.gov.sg/job/consulting/sap-sac-senior-consultant-abeam-consulting-835ecffb36c920ad77227cdc1ac56d36,mycareersfuture:singapore:835ecffb36c920ad77227cdc1ac56d36
noise,consulting,singapore,"EY-Parthenon Senior Associate, Valuations and Modelling",~ey corporate advisors pte. ltd.,,,https://www.mycareersfuture.gov.sg/job/professional-services/ey-parthenon-senior-associate-valuations-modelling-ey-corporate-advisors-1a696915f6f2bdf62c4a3f533b740487,mycareersfuture:singapore:1a696915f6f2bdf62c4a3f533b740487
noise,consulting,singapore,ERP Finance Integration Consultant,~abeam consulting (singapore) pte. ltd.,,,https://www.mycareersfuture.gov.sg/job/consulting/erp-finance-integration-consultant-abeam-consulting-097e2ef15899e2f6ff591ca53630307a,mycareersfuture:singapore:097e2ef15899e2f6ff591ca53630307a
noise,consulting,singapore,Digital Transformation Consultant,~bimage consulting pte. ltd.,,,https://www.mycareersfuture.gov.sg/job/consulting/digital-transformation-consultant-bimage-consulting-381d05fb7bf6364cc3c072ae144e0fd3,mycareersfuture:singapore:381d05fb7bf6364cc3c072ae144e0fd3
noise,consulting,singapore,"Business Analyst, Cash Management & Transaction Banking (for banking industry)",~abeam consulting (singapore) pte. ltd.,,,https://www.mycareersfuture.gov.sg/job/information-technology/business-analyst-cash-management-transaction-banking-abeam-consulting-8e8ba7c2c8cb1ac9aebc3af1192a5d98,mycareersfuture:singapore:8e8ba7c2c8cb1ac9aebc3af1192a5d98
noise,consulting,singapore,AI Application Consultant/Engineer,~abeam consulting (singapore) pte. ltd.,,,https://www.mycareersfuture.gov.sg/job/information-technology/ai-application-consultantengineer-abeam-consulting-9fe9ee89e80ad20149e407a063a23769,mycareersfuture:singapore:9fe9ee89e80ad20149e407a063a23769
noise,consulting,singapore,AI & Data Science Consultant/Engineer (Japanese Speaking),~abeam consulting (singapore) pte. ltd.,stretch,adjacent,https://www.mycareersfuture.gov.sg/job/information-technology/ai-data-science-consultantengineer-abeam-consulting-6a99801d58fa9e88cafabade498ca731,mycareersfuture:singapore:6a99801d58fa9e88cafabade498ca731
noise,consulting,singapore,Senior Sustainability Consultant,jll.com,,,https://jll.wd1.myworkdayjobs.com/en-US/jllcareers/job/Singapore/Professional--Sustainability-Consultant_REQ515069,workday:jll|wd1|jllcareers:/job/Singapore/Professional--Sustainability-Consultant_REQ515069
noise,consulting,singapore,Investment Consulting Senior Analyst,marshmma.com,,,https://mmc.wd1.myworkdayjobs.com/en-US/MMC/job/Singapore---Marina-View/Investment-Consulting-Analyst_R_358652,workday:mmc|wd1|MMC:/job/Singapore---Marina-View/Investment-Consulting-Analyst_R_358652
noise,consulting,singapore,Treasury Advisory & Transformation ($12K) [ID 709414],~persol singapore pte. ltd.,stretch,adjacent,https://www.mycareersfuture.gov.sg/job/banking-finance/treasury-advisory-transformation-id-709414-persol-singapore-93d8639a0ac11e35930fd70b97b5395d,mycareersfuture:singapore:93d8639a0ac11e35930fd70b97b5395d
noise,consulting,singapore,Senior Product Consutlant (1 Year Contract),~quant systems pte. ltd.,,,https://www.mycareersfuture.gov.sg/job/information-technology/senior-product-consutlant-quant-systems-0ffb24294a598af34dfd9b7326b3853f,mycareersfuture:singapore:0ffb24294a598af34dfd9b7326b3853f
noise,consulting,singapore,Senior Implementation Consultant (Commodity/Oil Trading & Risk Management Software),~coretrm pte. ltd.,stretch,adjacent,https://www.mycareersfuture.gov.sg/job/information-technology/senior-implementation-consultant-coretrm-bcefbb1e96d29bca7de58639c4bab7ad,mycareersfuture:singapore:bcefbb1e96d29bca7de58639c4bab7ad
noise,consulting,singapore,Senior (Deal Advisory),~bdo advisory pte. ltd.,,,https://www.mycareersfuture.gov.sg/job/accounting/senior-bdo-advisory-c0a4059110988898785c8854ef091bae,mycareersfuture:singapore:c0a4059110988898785c8854ef091bae
noise,consulting,singapore,Research Associate,~greenwich associates singapore pte. ltd.,,,https://www.mycareersfuture.gov.sg/job/banking-finance/research-associate-greenwich-associates-singapore-629ba1a4fb914c190cc4346417b245bc,mycareersfuture:singapore:629ba1a4fb914c190cc4346417b245bc
noise,consulting,singapore,Implementation Consultant (Commodity/Oil Trading & Risk Management Software),~coretrm pte. ltd.,plausible,adjacent,https://www.mycareersfuture.gov.sg/job/information-technology/implementation-consultant-coretrm-6ddd6fdf6c3ebac7da841a67fb57a69e,mycareersfuture:singapore:6ddd6fdf6c3ebac7da841a67fb57a69e
noise,consulting,singapore,Associate / Senior Associate (Financial Services),~bdo advisory pte. ltd.,,,https://www.mycareersfuture.gov.sg/job/accounting/associate-senior-associate-bdo-advisory-97d1946215dc0b0c886a3c8b21ead2b2,mycareersfuture:singapore:97d1946215dc0b0c886a3c8b21ead2b2
noise,consulting,singapore,ICT Business Process Consultant,~da software pte. ltd.,,,https://www.mycareersfuture.gov.sg/job/information-technology/ict-business-process-consultant-da-software-9dcc46287c7ac5c6587549b14b5101b9,mycareersfuture:singapore:9dcc46287c7ac5c6587549b14b5101b9
noise,consulting,singapore,Client Delivery Consultant – AxiomSL,nasdaq.com,,,https://nasdaq.wd1.myworkdayjobs.com/en-US/Global_External_Site/job/Singapore---Collyer-Quay/Client-Delivery-Consultant---Nasdaq-AxiomSL_R0026332,workday:nasdaq|wd1|Global_External_Site:/job/Singapore---Collyer-Quay/Client-Delivery-Consultant---Nasdaq-AxiomSL_R0026332
noise,consulting,singapore,Business Consultant,~skyone business consultancy private limited,,,https://www.mycareersfuture.gov.sg/job/banking-finance/business-consultant-skyone-business-consultancy-5552c8bb1875680cd51836e4654de1c2,mycareersfuture:singapore:5552c8bb1875680cd51836e4654de1c2
noise,consulting,singapore,"Associate/Senior Associate, Capital Markets",~sac capital private limited,stretch,adjacent,https://www.mycareersfuture.gov.sg/job/professional-services/associatesenior-associate-capital-markets-sac-capital-9b2308716454a152b376cf1778749e8b,mycareersfuture:singapore:9b2308716454a152b376cf1778749e8b
noise,consulting,hong kong,Associate - Strategic Advisory (Hong Kong),pjtpartners.com,,,https://pjtpartners.wd1.myworkdayjobs.com/en-US/Careers/job/Hong-Kong/Associate---Strategic-Advisory--Hong-Kong-_R0003403,workday:pjtpartners|wd1|Careers:/job/Hong-Kong/Associate---Strategic-Advisory--Hong-Kong-_R0003403
noise,consulting,singapore,Technical Analyst - Pega (Contract),~icon outsourcing,,,https://www.mycareersfuture.gov.sg/job/information-technology/technical-analyst-pega-icon-outsourcing-f26e19f7de2f1bf6014ecacb0af0625c,mycareersfuture:singapore:f26e19f7de2f1bf6014ecacb0af0625c
noise,consulting,singapore,Recruiter – Quantitative Finance & Capital Markets Technology (Asia),~aej consulting-singapore pte. ltd.,strong,less_relevant,https://www.mycareersfuture.gov.sg/job/consulting/recruiter-%E2%80%93-quantitative-finance-capital-markets-technology-aej-consulting-singapore-efcf4083029887a5c250b8e9355a113b,mycareersfuture:singapore:efcf4083029887a5c250b8e9355a113b
noise,consulting,singapore,"EY-Parthenon Senior Associate, Strategy and Execution",~ey corporate advisors pte. ltd.,,,https://www.mycareersfuture.gov.sg/job/consulting/ey-parthenon-senior-associate-strategy-execution-ey-corporate-advisors-51350d81f58b49c6b3e66a3d19f754c9,mycareersfuture:singapore:51350d81f58b49c6b3e66a3d19f754c9
noise,consulting,singapore,Business Analyst – Digital Strategy & Transformation,~scientec consulting pte. ltd.,,,https://www.mycareersfuture.gov.sg/job/information-technology/business-analyst-%E2%80%93-digital-strategy-transformation-scientec-consulting-cfd0df5194b7a5dd56cc52958b1d5b6c,mycareersfuture:singapore:cfd0df5194b7a5dd56cc52958b1d5b6c
noise,consulting,singapore,R0442966 IBCM – SEA Coverage - Analyst,~deutsche bank aktiengesellschaft,,,https://www.mycareersfuture.gov.sg/job/banking-finance/r0442966-ibcm-%E2%80%93-sea-coverage-analyst-deutsche-bank-aktiengesellschaft-4e063dc4aa45101a9296301e19cf7ad9,mycareersfuture:singapore:4e063dc4aa45101a9296301e19cf7ad9
noise,consulting,stockholm,Junior Consultant to Valuation & Modeling - Jan 2027,~deloitte sweden ab,,,https://jobbsafari.se/jobb/junior-consultant-to-valuation-modeling-jan-2027-sdsel-20477083,jobbsafari:sweden:20477083
noise,consulting,singapore,"Senior Associate / Associate, Financial Advisory Services",~placement professionals,,,https://www.mycareersfuture.gov.sg/job/banking-finance/senior-associate-associate-financial-advisory-services-placement-professionals-d1c8cfb957eab1be750dcff7eb936812,mycareersfuture:singapore:d1c8cfb957eab1be750dcff7eb936812
noise,consulting,singapore,"Business Analyst, Cash Management & Transaction Banking (for banking industry)",~abeam consulting (singapore) pte. ltd.,,,https://www.mycareersfuture.gov.sg/job/information-technology/business-analyst-cash-management-transaction-banking-abeam-consulting-6993bb96f45944eca963617eaee12826,mycareersfuture:singapore:6993bb96f45944eca963617eaee12826
noise,consulting,singapore,Business Analyst - Asset Management [CFA],~luxoft information technology (singapore) pte. ltd.,stretch,adjacent,https://www.mycareersfuture.gov.sg/job/banking-finance/business-analyst-asset-management-cfa-luxoft-information-technology-aec2555cdc9810d5d72ee4d12ad656a5,mycareersfuture:singapore:aec2555cdc9810d5d72ee4d12ad656a5
noise,consulting,singapore,AI Application Consultant/Engineer,~abeam consulting (singapore) pte. ltd.,,,https://www.mycareersfuture.gov.sg/job/information-technology/ai-application-consultantengineer-abeam-consulting-b071368162de3d08f749d7fd59f661f0,mycareersfuture:singapore:b071368162de3d08f749d7fd59f661f0
noise,consulting,singapore,Senior Software Developer,~quanteam (singapore) pte. ltd.,,,https://www.mycareersfuture.gov.sg/job/consulting/senior-software-developer-quanteam-cf5c51cfb01489f19fcd739eb125d344,mycareersfuture:singapore:cf5c51cfb01489f19fcd739eb125d344
noise,consulting,singapore,Murex Senior Datamart Consultant,~bounteousxaccolite singapore pte. ltd.,,,https://www.mycareersfuture.gov.sg/job/engineering/murex-senior-datamart-consultant-bounteousxaccolite-singapore-81ffbdf90be43cb7a8428b3e462c166d,mycareersfuture:singapore:81ffbdf90be43cb7a8428b3e462c166d
noise,consulting,singapore,Murex Market Risk Consultant,~bounteousxaccolite singapore pte. ltd.,plausible,less_relevant,https://www.mycareersfuture.gov.sg/job/engineering/murex-market-risk-consultant-bounteousxaccolite-singapore-feba4997affc917860bf2cb7394b0fe2,mycareersfuture:singapore:feba4997affc917860bf2cb7394b0fe2
noise,consulting,singapore,Murex FO Engineer,~bounteousxaccolite singapore pte. ltd.,,,https://www.mycareersfuture.gov.sg/job/engineering/murex-fo-engineer-bounteousxaccolite-singapore-b07c39f0e4e0deaa2d1404558c946174,mycareersfuture:singapore:b07c39f0e4e0deaa2d1404558c946174
noise,consulting,singapore,Investment Analyst (Start Up and Fund Management Company),~jac recruitment pte. ltd.,plausible,adjacent,https://www.mycareersfuture.gov.sg/job/banking-finance/investment-analyst-jac-recruitment-f2369e960aae8b637e5c324e30cb4b63,mycareersfuture:singapore:f2369e960aae8b637e5c324e30cb4b63
noise,consulting,singapore,DATA ENGINEER,~koantek pte. ltd.,,,https://www.mycareersfuture.gov.sg/job/information-technology/data-engineer-koantek-69fe08b32fb46c0827caad39fcc1fd24,mycareersfuture:singapore:69fe08b32fb46c0827caad39fcc1fd24
noise,consulting,singapore,System Analyst,~unison consulting pte. ltd.,,,https://www.mycareersfuture.gov.sg/job/information-technology/system-analyst-unison-consulting-ab8ba4dcc5ae0c2611361469a276bcde,mycareersfuture:singapore:ab8ba4dcc5ae0c2611361469a276bcde
noise,consulting,singapore,System Analyst,~riskdata consulting pte. ltd.,,,https://www.mycareersfuture.gov.sg/job/information-technology/system-analyst-riskdata-consulting-fb56f92e1761c39e46254ead3a6fe1c4,mycareersfuture:singapore:fb56f92e1761c39e46254ead3a6fe1c4
noise,consulting,singapore,System Analyst,~regtech insight pte. ltd.,,,https://www.mycareersfuture.gov.sg/job/information-technology/system-analyst-regtech-insight-642601da84f23a8f5ddeaa569e4cd812,mycareersfuture:singapore:642601da84f23a8f5ddeaa569e4cd812
noise,consulting,singapore,SAP PM Consultant,~flintex consulting pte. ltd.,,,https://www.mycareersfuture.gov.sg/job/information-technology/sap-pm-consultant-flintex-consulting-62126b83c9a68f8d5cadd84e74308c12,mycareersfuture:singapore:62126b83c9a68f8d5cadd84e74308c12
noise,consulting,singapore,Financial Services Assurance - Senior Associate,~pricewaterhousecoopers llp,,,https://www.mycareersfuture.gov.sg/job/accounting/financial-services-assurance-senior-associate-pricewaterhousecoopers-0770a293181b8c41c166389c72ac71d8,mycareersfuture:singapore:0770a293181b8c41c166389c72ac71d8
noise,consulting,singapore,"EY-Parthenon Consultant, Valuations and Modelling",~ey corporate advisors pte. ltd.,,,https://www.mycareersfuture.gov.sg/job/professional-services/ey-parthenon-consultant-valuations-modelling-ey-corporate-advisors-e2f653dc8fc91ccc8eb4c29475bb4796,mycareersfuture:singapore:e2f653dc8fc91ccc8eb4c29475bb4796
noise,consulting,singapore,"EY-Parthenon Consultant, Valuations and Modelling",~ey corporate advisors pte. ltd.,,,https://www.mycareersfuture.gov.sg/job/professional-services/ey-parthenon-consultant-valuations-modelling-ey-corporate-advisors-9d0886aef7fd2bcdfd27149f291a1f54,mycareersfuture:singapore:9d0886aef7fd2bcdfd27149f291a1f54
noise,consulting,singapore,"EY-Parthenon Consultant, Valuations and Modelling",~ey corporate advisors pte. ltd.,,,https://www.mycareersfuture.gov.sg/job/professional-services/ey-parthenon-consultant-valuations-modelling-ey-corporate-advisors-eebf75b3e9794cb91fdf688ec37dd534,mycareersfuture:singapore:eebf75b3e9794cb91fdf688ec37dd534
noise,consulting,singapore,"Business Technology Analyst, Senior Associate",~ernst & young advisory pte. ltd.,,,https://www.mycareersfuture.gov.sg/job/consulting/business-technology-analyst-senior-associate-ernst-young-advisory-a90ae1dd5fd5ea57a79443bbdebe0ef0,mycareersfuture:singapore:a90ae1dd5fd5ea57a79443bbdebe0ef0
noise,consulting,singapore,Audit Senior Associate,~deloitte & touche llp,,,https://www.mycareersfuture.gov.sg/job/accounting/audit-senior-associate-deloitte-touche-24e1e0de0312268c90e8594ba58881c2,mycareersfuture:singapore:24e1e0de0312268c90e8594ba58881c2
noise,consulting,singapore,Valuation Associate,~lim and young appraisal pte. ltd.,,,https://www.mycareersfuture.gov.sg/job/professional-services/valuation-associate-lim-young-appraisal-5e3a41e996af3355a4b2f6b7915331c9,mycareersfuture:singapore:5e3a41e996af3355a4b2f6b7915331c9
noise,consulting,singapore,Technical Data Analyst (Banking Industry),~abeam consulting (singapore) pte. ltd.,,,https://www.mycareersfuture.gov.sg/job/information-technology/technical-data-analyst-abeam-consulting-c97216e5753a81961f2aa2f28cd62b55,mycareersfuture:singapore:c97216e5753a81961f2aa2f28cd62b55
noise,consulting,singapore,"System Analyst, Cash Management & Transaction Banking (for banking industry)",~abeam consulting (singapore) pte. ltd.,,,https://www.mycareersfuture.gov.sg/job/information-technology/system-analyst-cash-management-transaction-banking-abeam-consulting-7f1257d1b92b6d22c147da77370929a7,mycareersfuture:singapore:7f1257d1b92b6d22c147da77370929a7
noise,consulting,singapore,"Senior Consultant, Data Governance & Regulatory Advisory and Risk Management (Japanese Speaking)",~abeam consulting (singapore) pte. ltd.,,,https://www.mycareersfuture.gov.sg/job/consulting/senior-consultant-data-governance-regulatory-advisory-risk-management-abeam-consulting-4d0d598def93aca0d63c066e877cffd9,mycareersfuture:singapore:4d0d598def93aca0d63c066e877cffd9
noise,consulting,singapore,Senior Business Valuation Associate,~lim and young appraisal pte. ltd.,,,https://www.mycareersfuture.gov.sg/job/professional-services/senior-business-valuation-associate-lim-young-appraisal-587850ae550db1fb465af294e8742e2e,mycareersfuture:singapore:587850ae550db1fb465af294e8742e2e
noise,consulting,singapore,SAP SAC Senior Consultant,~abeam consulting (singapore) pte. ltd.,,,https://www.mycareersfuture.gov.sg/job/consulting/sap-sac-senior-consultant-abeam-consulting-c03bb46adddcbb596009ad9657f5e2e8,mycareersfuture:singapore:c03bb46adddcbb596009ad9657f5e2e8
noise,consulting,singapore,ERP Finance Integration Consultant,~abeam consulting (singapore) pte. ltd.,,,https://www.mycareersfuture.gov.sg/job/consulting/erp-finance-integration-consultant-abeam-consulting-8217ed78090ed9510af21795744552ff,mycareersfuture:singapore:8217ed78090ed9510af21795744552ff
noise,consulting,singapore,Associate (Financial Services Advisory),~bdo tax advisory pte. ltd.,,,https://www.mycareersfuture.gov.sg/job/accounting/associate-bdo-tax-advisory-fb6cee4c848b03a93ef6bae9b42d5c54,mycareersfuture:singapore:fb6cee4c848b03a93ef6bae9b42d5c54
noise,consulting,singapore,AI & Data Science Consultant/Engineer (Japanese Speaking),~abeam consulting (singapore) pte. ltd.,stretch,adjacent,https://www.mycareersfuture.gov.sg/job/information-technology/ai-data-science-consultantengineer-abeam-consulting-9c627cb08c183121d29a0be8498c6a9e,mycareersfuture:singapore:9c627cb08c183121d29a0be8498c6a9e
noise,consulting,stockholm sweden other,Experienced Consultant | People Consulting | Stockholm & Gothenburg,~ernst & young ab,,,https://jobbsafari.se/jobb/experienced-consultant-people-consulting-stockholm-gothenburg-scsom-20425541,jobbsafari:sweden:20425541
noise,consulting,singapore,Knowledge & Market Intelligence Analyst (1–2 Years Exp),~office secretaries pte. ltd.,,,https://www.mycareersfuture.gov.sg/job/consulting/knowledge-market-intelligence-analyst-office-secretaries-a9e414348850531dc4bf987b3e1898ac,mycareersfuture:singapore:a9e414348850531dc4bf987b3e1898ac
noise,consulting,hong kong,"Research Analyst, Energy Transition, Research",clsa.com,stretch,adjacent,https://citicclsa.wd3.myworkdayjobs.com/en-US/External/job/Hong-Kong/Research-Analyst--Energy-Transition--Research_JR003093,workday:citicclsa|wd3|External:/job/Hong-Kong/Research-Analyst--Energy-Transition--Research_JR003093
noise,consulting,hong kong,"Research Analyst, Energy Transition, Research",clsa.com,stretch,adjacent,https://citicclsa.wd3.myworkdayjobs.com/en-US/External/job/Hong-Kong/Research-Analyst--Energy-Transition--Research_JR002296,workday:citicclsa|wd3|External:/job/Hong-Kong/Research-Analyst--Energy-Transition--Research_JR002296
noise,consulting,singapore,Research Analyst Summer Internship Programme 2027 Singapore,cards.barclaycardus.com,plausible,adjacent,https://barclays.wd3.myworkdayjobs.com/en-US/External_Career_Site_Barclays/job/Singapore-Marina-Bay-Financial-Tower-2/Research-Analyst-Summer-Internship-Programme-2027-Singapore_JR-0000119610,workday:barclays|wd3|External_Career_Site_Barclays:/job/Singapore-Marina-Bay-Financial-Tower-2/Research-Analyst-Summer-Internship-Programme-2027-Singapore_JR-0000119610
noise,consulting,singapore,"Research Analyst (SMID Cap), Research",clsa.com,stretch,adjacent,https://citicclsa.wd3.myworkdayjobs.com/en-US/External/job/Singapore/Research-Analyst--SMID-Cap---Research_JR002529-1,workday:citicclsa|wd3|External:/job/Singapore/Research-Analyst--SMID-Cap---Research_JR002529-1
noise,consulting,hong kong,Investment Analyst – Equity Research,troweprice.com,plausible,adjacent,https://troweprice.wd5.myworkdayjobs.com/en-US/TRowePriceInternational/job/Hong-Kong/Investment-Analyst---Equity-Research_77026,workday:troweprice|wd5|TRowePriceInternational:/job/Hong-Kong/Investment-Analyst---Equity-Research_77026
noise,consulting,hong kong,Investment Analyst,cambridgeassociates.com,plausible,adjacent,https://cambridgeassociates.wd5.myworkdayjobs.com/en-US/Cambridge_Associates/job/Hong-Kong/Investment-Analyst_JR0000271-1,workday:cambridgeassociates|wd5|Cambridge_Associates:/job/Hong-Kong/Investment-Analyst_JR0000271-1
noise,consulting,singapore,Investment Analyst,~long faith pte. limited,plausible,adjacent,https://www.mycareersfuture.gov.sg/job/others/investment-analyst-long-faith-0ac7de3c63edbe1e5133bd1c50c4ca29,mycareersfuture:singapore:0ac7de3c63edbe1e5133bd1c50c4ca29
noise,consulting,singapore,Equity Analyst,~long faith pte. limited,,,https://www.mycareersfuture.gov.sg/job/others/equity-analyst-long-faith-a06da9c47284e8c4a2e4c576c4e16307,mycareersfuture:singapore:a06da9c47284e8c4a2e4c576c4e16307
noise,consulting,hong kong,Emerging Markets Financial and Real Estate Equities Analyst,vontobel.com,stretch,adjacent,https://vontobel.wd3.myworkdayjobs.com/en-US/Vontobel_External_Career/job/Hong-Kong-AM--1901-Gloucester-Tower-The-Landmark-15-Queens-Road/Emerging-Markets-Real-Estate-and-Financial-Equities-Analyst_8802-2,workday:vontobel|wd3|Vontobel_External_Career:/job/Hong-Kong-AM--1901-Gloucester-Tower-The-Landmark-15-Queens-Road/Emerging-Markets-Real-Estate-and-Financial-Equities-Analyst_8802-2
noise,consulting,singapore,"Technology Enablement, SAP Treasury & Advance Cash Management, Senior Consultant",~kpmg services pte. ltd.,stretch,adjacent,https://www.mycareersfuture.gov.sg/job/consulting/technology-enablement-sap-treasury-advance-cash-management-senior-consultant-kpmg-services-fdc8eafc3caf0ac1d82d235266276ba4,mycareersfuture:singapore:fdc8eafc3caf0ac1d82d235266276ba4
noise,consulting,singapore,Junior Valuer / Valuation Consultant,~john foord (asia) pte ltd,,,https://www.mycareersfuture.gov.sg/job/professional-services/junior-valuer-valuation-consultant-john-foord-de9952451edb2f85c719a2a76e94a918,mycareersfuture:singapore:de9952451edb2f85c719a2a76e94a918
noise,consulting,singapore,Investment Associate,~pinnacle global assets pte. ltd.,plausible,adjacent,https://www.mycareersfuture.gov.sg/job/banking-finance/investment-associate-pinnacle-global-assets-721212dd0e9ee21da9b7adb9002338e2,mycareersfuture:singapore:721212dd0e9ee21da9b7adb9002338e2
noise,consulting,singapore,Banking & Finance Associate,~pinnacle global assets pte. ltd.,,,https://www.mycareersfuture.gov.sg/job/banking-finance/banking-finance-associate-pinnacle-global-assets-e924a56b10eacf59e80118cbffe55041,mycareersfuture:singapore:e924a56b10eacf59e80118cbffe55041
noise,consulting,singapore,Analyst (Investment Advisory),~smtp consult pte. ltd.,,,https://www.mycareersfuture.gov.sg/job/banking-finance/analyst-smtp-consult-606ef48c11caa32cf4210ffd08435086,mycareersfuture:singapore:606ef48c11caa32cf4210ffd08435086
noise,consulting,singapore,IT System / Business Analyst,~capgemini singapore  pte. ltd.,,,https://www.mycareersfuture.gov.sg/job/consulting/system-business-analyst-capgemini-singapore-a361f9358d9473d4344aa2fa1fd39854,mycareersfuture:singapore:a361f9358d9473d4344aa2fa1fd39854
noise,consulting,singapore,Consultant,~murex southeast asia pte ltd,,,https://www.mycareersfuture.gov.sg/job/consulting/consultant-murex-southeast-asia-4e3a33946612c8c376acab4f4587bad9,mycareersfuture:singapore:4e3a33946612c8c376acab4f4587bad9
noise,consulting,singapore,Consultant,~murex southeast asia pte ltd,,,https://www.mycareersfuture.gov.sg/job/consulting/consultant-murex-southeast-asia-f47e5701b2e33baca7a30c0ffb92e758,mycareersfuture:singapore:f47e5701b2e33baca7a30c0ffb92e758
noise,consulting,stockholm,Quantitative Risk Consultant,~advisense ab,strong,relevant,https://jobbsafari.se/jobb/quantitative-risk-consultant-scsom-19793447,jobbsafari:sweden:19793447
noise,consulting,singapore,"Audit (Financial Services), Associate / Senior Associate",~baker tilly tfw llp,,,https://www.mycareersfuture.gov.sg/job/accounting/audit-associate-senior-associate-baker-tilly-tfw-a80910f8f11b678e46e07be8e1aba273,mycareersfuture:singapore:a80910f8f11b678e46e07be8e1aba273
noise,consulting,singapore,AI Solutions Consultant,~jac recruitment pte. ltd.,,,https://www.mycareersfuture.gov.sg/job/information-technology/ai-solutions-consultant-jac-recruitment-f9fc0c7d8cff193b39410493d438e2ac,mycareersfuture:singapore:f9fc0c7d8cff193b39410493d438e2ac
noise,consulting,singapore,Senior Associate - People Consulting,~ernst & young advisory pte. ltd.,,,https://www.mycareersfuture.gov.sg/job/consulting/senior-associate-people-consulting-ernst-young-advisory-1e3f16f1b96bbcdfc29665b32c9a2c99,mycareersfuture:singapore:1e3f16f1b96bbcdfc29665b32c9a2c99
noise,consulting,singapore,Corporate Solutions Consultant — High Salary + Commission,~vertical institute pte. ltd.,,,https://www.mycareersfuture.gov.sg/job/customer-service/corporate-solutions-consultant-%E2%80%94-high-salary-commission-vertical-institute-bc38d849a5592140f4fe6bf8dc497ed3,mycareersfuture:singapore:bc38d849a5592140f4fe6bf8dc497ed3
noise,consulting,stockholm,Alliances & Ecosystems Pursuit Strategist | EY Europe Central,~ernst & young ab,,,https://jobbsafari.se/jobb/alliances-ecosystems-pursuit-strategist-ey-europe-central-scsom-20236119,jobbsafari:sweden:20236119
noise,consulting,stockholm,Senior Solutions Consultant ( Pre Sales) | Copperleaf | Nordics,~ifs,,,https://jobbsafari.se/jobb/senior-solutions-consultant-pre-sales-copperleaf-nordics-scsom-20449171,jobbsafari:sweden:20449171
noise,consulting,singapore,Technical Data Analyst (Banking Industry),~abeam consulting (singapore) pte. ltd.,,,https://www.mycareersfuture.gov.sg/job/information-technology/technical-data-analyst-abeam-consulting-995ea869ec6a164f9de743196af64928,mycareersfuture:singapore:995ea869ec6a164f9de743196af64928
noise,consulting,singapore,"Senior Consultant, Data Governance & Regulatory Advisory and Risk Management (Japanese Speaking)",~abeam consulting (singapore) pte. ltd.,,,https://www.mycareersfuture.gov.sg/job/consulting/senior-consultant-data-governance-regulatory-advisory-risk-management-abeam-consulting-8fbe9609a7615790594252a1809e046c,mycareersfuture:singapore:8fbe9609a7615790594252a1809e046c
noise,consulting,singapore,SAP SAC Senior Consultant,~abeam consulting (singapore) pte. ltd.,,,https://www.mycareersfuture.gov.sg/job/consulting/sap-sac-senior-consultant-abeam-consulting-ab9802d9460945fdca1516d10c567b56,mycareersfuture:singapore:ab9802d9460945fdca1516d10c567b56
noise,consulting,singapore,ERP Finance Integration Consultant,~abeam consulting (singapore) pte. ltd.,,,https://www.mycareersfuture.gov.sg/job/consulting/erp-finance-integration-consultant-abeam-consulting-42589ae7a69ca5d650a2020b25b064df,mycareersfuture:singapore:42589ae7a69ca5d650a2020b25b064df
noise,consulting,singapore,AI Application Consultant/Engineer,~abeam consulting (singapore) pte. ltd.,,,https://www.mycareersfuture.gov.sg/job/information-technology/ai-application-consultantengineer-abeam-consulting-f03c9912f3b16e12cffcbcfd10ffd12e,mycareersfuture:singapore:f03c9912f3b16e12cffcbcfd10ffd12e
noise,consulting,singapore,AI & Data Science Consultant/Engineer (Japanese Speaking),~abeam consulting (singapore) pte. ltd.,stretch,adjacent,https://www.mycareersfuture.gov.sg/job/information-technology/ai-data-science-consultantengineer-abeam-consulting-87a956a728b1d79bfa2fe64e935a1707,mycareersfuture:singapore:87a956a728b1d79bfa2fe64e935a1707
noise,consulting,singapore,"System Analyst, Cash Management & Transaction Banking (for banking industry)",~abeam consulting (singapore) pte. ltd.,,,https://www.mycareersfuture.gov.sg/job/information-technology/system-analyst-cash-management-transaction-banking-abeam-consulting-4979dee02c8c2926de53d7656fb1979c,mycareersfuture:singapore:4979dee02c8c2926de53d7656fb1979c
noise,consulting,singapore,"Business Analyst, Cash Management & Transaction Banking (for banking industry)",~abeam consulting (singapore) pte. ltd.,,,https://www.mycareersfuture.gov.sg/job/information-technology/business-analyst-cash-management-transaction-banking-abeam-consulting-a582536332da78729f8f2e93b1943d80,mycareersfuture:singapore:a582536332da78729f8f2e93b1943d80
noise,consulting,stockholm sweden other,Experienced Consultant | People Consulting | Stockholm,~ernst & young ab,,,https://jobbsafari.se/jobb/experienced-consultant-people-consulting-stockholm-sasrb-20420778,jobbsafari:sweden:20420778
noise,corporate_function,hong kong,Officer (Risk Management & Compliance) - Market Risk,hkma.gov.hk,plausible,adjacent,https://www.hkma.gov.hk/eng/about-us/join-us/current-vacancies/recruit-20260821-3/,site:hkma:20260821-3
noise,corporate_function,singapore,"Internship: Global Consumer Financial Services, GCFS Digital Business & Transformation - GCFS Digital Transformation [September - March 2027]",bankofsingapore.com,,,https://ocbc.wd102.myworkdayjobs.com/en-US/External/job/OCBC-Singapore/Internship--Global-Consumer-Financial-Services--GCFS-Digital-Business---Transformation---GCFS-Digital-Transformation--September---March-2027-_JR00010204,workday:ocbc|wd102|External:/job/OCBC-Singapore/Internship--Global-Consumer-Financial-Services--GCFS-Digital-Business---Transformation---GCFS-Digital-Transformation--September---March-2027-_JR00010204
noise,corporate_function,singapore,Corporate Tax Consulting Associate,~kpmg services pte. ltd.,,,https://www.mycareersfuture.gov.sg/job/accounting/corporate-tax-consulting-associate-kpmg-services-9c142875fcbf90ede735d3ead2822f6a,mycareersfuture:singapore:9c142875fcbf90ede735d3ead2822f6a
noise,corporate_function,singapore,"Consultant/Senior Consultant, Investor Relations",~sino-lion communications pte. ltd.,stretch,adjacent,https://www.mycareersfuture.gov.sg/job/advertising/consultantsenior-consultant-investor-relations-sino-lion-communications-c2f97b4d25a71b48b0e2582cd97aff55,mycareersfuture:singapore:c2f97b4d25a71b48b0e2582cd97aff55
noise,corporate_function,singapore,"Associate/Senior Associate, Investor Relations",~sino-lion communications pte. ltd.,stretch,adjacent,https://www.mycareersfuture.gov.sg/job/advertising/associatesenior-associate-investor-relations-sino-lion-communications-14b830bb7432265bc4a570517ea0fab7,mycareersfuture:singapore:14b830bb7432265bc4a570517ea0fab7
noise,corporate_function,singapore,"Tax, Corporate Tax (Associate to Senior Level)",~bdo recruits pte. ltd.,,,https://www.mycareersfuture.gov.sg/job/accounting/tax-corporate-tax-bdo-recruits-9490f091dcf123ee44234329248281d4,mycareersfuture:singapore:9490f091dcf123ee44234329248281d4
noise,corporate_function,singapore,Business Detective Review Analyst - International Private Bank - Singapore,"~jpmorgan chase bank, n.a.",plausible,adjacent,https://www.mycareersfuture.gov.sg/job/banking-finance/business-detective-review-analyst-international-bank-singapore-jpmorgan-chase-bank-na-cac535b5cec1ee5904e6def0d1dee09e,mycareersfuture:singapore:cac535b5cec1ee5904e6def0d1dee09e
noise,corporate_function,singapore,AI Agent & Automation Intern/Associate,~moore stephens llp,,,https://www.mycareersfuture.gov.sg/job/information-technology/ai-agent-automation-internassociate-moore-stephens-9ad8f8af09fb62679fb2db46aa0a53c3,mycareersfuture:singapore:9ad8f8af09fb62679fb2db46aa0a53c3
noise,corporate_function,hong kong,"Senior Associate, Product Management and Investor Relations, Real Estate",ares.com,stretch,adjacent,https://aresmgmt.wd1.myworkdayjobs.com/en-US/External/job/Hong-Kong/Vice-President--Development-Fund-Management_R6570,workday:aresmgmt|wd1|External:/job/Hong-Kong/Vice-President--Development-Fund-Management_R6570
noise,corporate_function,singapore,Functional Business Analyst- Fircosoft,~percept solutions pte. ltd.,,,https://www.mycareersfuture.gov.sg/job/banking-finance/functional-business-analyst-fircosoft-percept-solutions-d01fdd14077efe4dec3409e7f4757dcd,mycareersfuture:singapore:d01fdd14077efe4dec3409e7f4757dcd
noise,corporate_function,singapore,CDD Analyst – Wealth Management (1 year contract),~emirates nbd bank (p.j.s.c),stretch,adjacent,https://www.mycareersfuture.gov.sg/job/banking-finance/cdd-analyst-%E2%80%93-wealth-management-emirates-nbd-bank-418b799238699ca3cd030e612aba20bf,mycareersfuture:singapore:418b799238699ca3cd030e612aba20bf
noise,corporate_function,singapore,"Business Finance Analyst, Central Intelligence and Analytics - Singapore",~google asia pacific pte. ltd.,plausible,adjacent,https://www.mycareersfuture.gov.sg/job/information-technology/business-finance-analyst-central-intelligence-analytics-singapore-google-asia-pacific-49aa0dfcfd5e2a389b2ef96adb932906,mycareersfuture:singapore:49aa0dfcfd5e2a389b2ef96adb932906
noise,corporate_function,singapore,Business Analyst - Asset Management System (Public Sector),~websparks pte. ltd.,stretch,adjacent,https://www.mycareersfuture.gov.sg/job/information-technology/business-analyst-asset-management-system-websparks-718f379a78471f949fc79194af2c4f46,mycareersfuture:singapore:718f379a78471f949fc79194af2c4f46
noise,corporate_function,hong kong,"Associate, HR Technology and Analytics (Contract)",hkexgroup.com,,,https://hkex.wd3.myworkdayjobs.com/en-US/HKEXCareerPage/job/HK-TWO-ES-9F/Associate--HR-Technology-and-Analytics--Contract-_R004290,workday:hkex|wd3|HKEXCareerPage:/job/HK-TWO-ES-9F/Associate--HR-Technology-and-Analytics--Contract-_R004290
noise,corporate_function,singapore,"Associate, Business Management",~trevose partners executive pte. limited,,,https://www.mycareersfuture.gov.sg/job/banking-finance/associate-business-management-trevose-partners-executive-5d7b2a2ce2494a61a08c6a7e7e68a7ae,mycareersfuture:singapore:5d7b2a2ce2494a61a08c6a7e7e68a7ae
noise,corporate_function,singapore,Junior Technology Finance Analyst - Bank Sector Client (12 months contract),~d l resources pte ltd,,,https://www.mycareersfuture.gov.sg/job/banking-finance/junior-technology-finance-analyst-bank-sector-client-d-l-resources-45bd6ac86fef4a10a2a571074ad0b578,mycareersfuture:singapore:45bd6ac86fef4a10a2a571074ad0b578
noise,corporate_function,singapore,Finance Analyst – Technology Finance _ Contract,~ntt singapore pte. ltd.,,,https://www.mycareersfuture.gov.sg/job/building-construction/finance-analyst-%E2%80%93-technology-finance-contract-ntt-singapore-2f33b95b23c357db160996e3828c7e19,mycareersfuture:singapore:2f33b95b23c357db160996e3828c7e19
noise,corporate_function,singapore,Finance Analyst (Contract),~tangspac consulting pte ltd,,,https://www.mycareersfuture.gov.sg/job/banking-finance/finance-analyst-tangspac-consulting-b7c8838c2d7bb72e9adf2cca1e4d07a6,mycareersfuture:singapore:b7c8838c2d7bb72e9adf2cca1e4d07a6
noise,corporate_function,singapore,Finance Analyst,~saksoft pte limited,,,https://www.mycareersfuture.gov.sg/job/information-technology/finance-analyst-saksoft-c107581e03e6482b8313e05212298913,mycareersfuture:singapore:c107581e03e6482b8313e05212298913
noise,corporate_function,singapore,CDD Analyst (6 months),~robert walters (singapore) pte ltd,,,https://www.mycareersfuture.gov.sg/job/banking-finance/cdd-analyst-robert-walters-f798bd5695f35a7025e02f2c53204173,mycareersfuture:singapore:f798bd5695f35a7025e02f2c53204173
noise,corporate_function,singapore,Business Assistant,~exfuland pte. ltd.,,,https://www.mycareersfuture.gov.sg/job/banking-finance/business-assistant-exfuland-f8f8b44c20e5668ab095a07bbd40eb07,mycareersfuture:singapore:f8f8b44c20e5668ab095a07bbd40eb07
noise,corporate_function,singapore,"26983754 Officer, Finance Reporting Intermediate Analyst",~citibank n.a.,,,https://www.mycareersfuture.gov.sg/job/banking-finance/26983754-officer-finance-reporting-intermediate-analyst-citibank-na-3a560fe54d823aaf03a7af9a9a320e82,mycareersfuture:singapore:3a560fe54d823aaf03a7af9a9a320e82
noise,corporate_function,singapore,Corporate Secretarial Specialist with a global Commodity Trading MNC,~the cap consulting group pte. ltd.,stretch,adjacent,https://www.mycareersfuture.gov.sg/job/accounting/corporate-secretarial-specialist-global-commodity-trading-mnc-cap-consulting-group-3df8eb7a9a6476ade9a7a757998090be,mycareersfuture:singapore:3df8eb7a9a6476ade9a7a757998090be
noise,corporate_function,singapore,Client Due Diligence Analyst,bankofsingapore.com,,,https://ocbc.wd102.myworkdayjobs.com/en-US/External/job/BOS-Singapore/Client-Due-Diligence-Analyst_JR00010387,workday:ocbc|wd102|External:/job/BOS-Singapore/Client-Due-Diligence-Analyst_JR00010387
noise,corporate_function,singapore,"Officer, Finance Reporting Intermediate Analyst",citibank.com.sg,,,https://citi.wd5.myworkdayjobs.com/en-US/2/job/Singapore--Singapore/Officer--Finance-Reporting-Intermediate-Analyst_26983754,workday:citi|wd5|2:/job/Singapore--Singapore/Officer--Finance-Reporting-Intermediate-Analyst_26983754
noise,corporate_function,singapore,Corporate Secretarial Specialist with a global Commodity Trading MNC,~the cap consulting group pte. ltd.,stretch,adjacent,https://www.mycareersfuture.gov.sg/job/accounting/corporate-secretarial-specialist-global-commodity-trading-mnc-cap-consulting-group-f0b2ff0beda1f8f41d8695278571252f,mycareersfuture:singapore:f0b2ff0beda1f8f41d8695278571252f
noise,corporate_function,singapore,Compensation Consultant / Senior Compensation Consultant,marshmma.com,,,https://mmc.wd1.myworkdayjobs.com/en-US/MMC/job/Singapore---Marina-View/Compensation-Consultant---Senior-Compensation-Consultant_R_359293,workday:mmc|wd1|MMC:/job/Singapore---Marina-View/Compensation-Consultant---Senior-Compensation-Consultant_R_359293
noise,corporate_function,singapore,Senior In-house Tax - Global Trading Group,~phaidon international (singapore) pte. ltd.,stretch,adjacent,https://www.mycareersfuture.gov.sg/job/accounting/senior-in-house-tax-global-trading-group-phaidon-international-75a67686694bd7daf0f67a0360a6a952,mycareersfuture:singapore:75a67686694bd7daf0f67a0360a6a952
noise,corporate_function,singapore,Senior FP&A & Investment Analyst,~good job creations (singapore) pte. ltd.,stretch,adjacent,https://www.mycareersfuture.gov.sg/job/accounting/senior-fpa-investment-analyst-good-job-creations-06ee46eaa7e43e841947e789cc273d79,mycareersfuture:singapore:06ee46eaa7e43e841947e789cc273d79
noise,corporate_function,hong kong,"Product Strategist, L/S Equities",~point72,plausible,adjacent,https://boards.greenhouse.io/point72/jobs/8530259002?gh_jid=8530259002,greenhouse:point72:8530259002
noise,corporate_function,hong kong,Cubist Business Analyst,~point72,plausible,less_relevant,https://boards.greenhouse.io/point72/jobs/8530310002?gh_jid=8530310002,greenhouse:point72:8530310002
noise,corporate_function,singapore,"Audit (Financial Services), Associate / Senior Associate",~baker tilly tfw llp,,,https://www.mycareersfuture.gov.sg/job/accounting/audit-associate-senior-associate-baker-tilly-tfw-51b5ad7c2e28dcf6a740b58a76c08647,mycareersfuture:singapore:51b5ad7c2e28dcf6a740b58a76c08647
noise,corporate_function,singapore,"Associate, Infrastructure, Investments - Asia (JR 17238)",~gic private limited,,,https://www.mycareersfuture.gov.sg/job/banking-finance/associate-infrastructure-investments-asia-gic-407c5774c2b3a10d68db37ae3c6790c2,mycareersfuture:singapore:407c5774c2b3a10d68db37ae3c6790c2
noise,corporate_function,hong kong,"Analyst Coach, Investment Professional Development",~point72,,,https://boards.greenhouse.io/point72/jobs/8222788002?gh_jid=8222788002,greenhouse:point72:8222788002
noise,corporate_function,singapore,*NEW* 6 Months contract Financial Analyst,~ambition group singapore pte. ltd.,,,https://www.mycareersfuture.gov.sg/job/accounting/new-6-months-contract-financial-analyst-ambition-group-singapore-ef9d61275cd55c3defa6b33e6c1b3c97,mycareersfuture:singapore:ef9d61275cd55c3defa6b33e6c1b3c97
noise,corporate_function,singapore,Senior Data Engineer,~the great eastern life assurance company limited,,,https://www.mycareersfuture.gov.sg/job/engineering/senior-data-engineer-great-eastern-life-assurance-company-20a1dc13f15f9158ddee03fa225dec84,mycareersfuture:singapore:20a1dc13f15f9158ddee03fa225dec84
noise,corporate_function,singapore,"Investment Analyst (Start up, deep AI/software exp welcome to apply $10k) (ID: 708067)",~persol singapore pte. ltd.,stretch,adjacent,https://www.mycareersfuture.gov.sg/job/banking-finance/investment-analyst-persol-singapore-c398fac13e6d9ae5b430ba27898baa43,mycareersfuture:singapore:c398fac13e6d9ae5b430ba27898baa43
noise,corporate_function,singapore,Deal Strategist (SEA/GCN),~stripe payments singapore pte. ltd.,,,https://www.mycareersfuture.gov.sg/job/information-technology/deal-strategist-stripe-payments-singapore-34620f1497724090f2c22fd793b12353,mycareersfuture:singapore:34620f1497724090f2c22fd793b12353
noise,corporate_function,singapore,Deal Strategist,~stripe payments singapore pte. ltd.,,,https://www.mycareersfuture.gov.sg/job/information-technology/deal-strategist-stripe-payments-singapore-c0fa345e94d84d2893121fb94e15ea01,mycareersfuture:singapore:c0fa345e94d84d2893121fb94e15ea01
noise,corporate_function,singapore,Corporate Treasury Specialist (1 year contract) – Financial Services,~beathchapman (pte. ltd.),stretch,adjacent,https://www.mycareersfuture.gov.sg/job/banking-finance/corporate-treasury-specialist-%E2%80%93-financial-services-beathchapman-b1015694c05cf58313e16c7c3d28024b,mycareersfuture:singapore:b1015694c05cf58313e16c7c3d28024b
noise,corporate_function,singapore,"Associate, Finance (Account Receivable)",~specialist risk group singapore pte. ltd.,,,https://www.mycareersfuture.gov.sg/job/accounting/associate-finance-specialist-risk-group-singapore-83c3775c1d28e0ed245cdce73fbd62f2,mycareersfuture:singapore:83c3775c1d28e0ed245cdce73fbd62f2
noise,corporate_function,singapore,"TRM Consultant (6-Month Contract, Renewable)",~gyk talensync pte. ltd.,,,https://www.mycareersfuture.gov.sg/job/banking-finance/trm-consultant-gyk-talensync-3cc16bfbd0454768ab09392c6da0b744,mycareersfuture:singapore:3cc16bfbd0454768ab09392c6da0b744
noise,corporate_function,singapore,"Risk Specialist, Private Bank",~randstad pte. limited,plausible,adjacent,https://www.mycareersfuture.gov.sg/job/accounting/risk-specialist-bank-randstad-25aba31f721d66c904a5b0d4dbf28459,mycareersfuture:singapore:25aba31f721d66c904a5b0d4dbf28459
noise,corporate_function,singapore,Product Implementation Business Analyst | Insurance (1-year contract),~gravitas recruitment group (sg) pte. ltd.,,,https://www.mycareersfuture.gov.sg/job/insurance/product-implementation-business-analyst-insurance-gravitas-recruitment-group-af98fdad2aea406b0506d36f1e9a8c90,mycareersfuture:singapore:af98fdad2aea406b0506d36f1e9a8c90
noise,corporate_function,stockholm,HR Adviser EMEIA - Fixed Term Contract,~assa abloy ab,,,https://jobbsafari.se/jobb/hr-adviser-emeia-fixed-term-contract-sasss-20500143,jobbsafari:sweden:20500143
noise,corporate_function,singapore,Credit Risk Analyst (Banking|Portfolio & Risk Reporting),~greenlane private ltd.,plausible,less_relevant,https://www.mycareersfuture.gov.sg/job/banking-finance/credit-risk-analyst-greenlane-bfaf5b8a31d80e0b2324f7a7c97f49bc,mycareersfuture:singapore:bfaf5b8a31d80e0b2324f7a7c97f49bc
noise,corporate_function,singapore,Credit Analyst - Corporate Banking,~greenlane private ltd.,stretch,adjacent,https://www.mycareersfuture.gov.sg/job/banking-finance/credit-analyst-corporate-banking-greenlane-6ee4451813be1501558dfe4549902538,mycareersfuture:singapore:6ee4451813be1501558dfe4549902538
noise,corporate_function,stockholm,Investor Relations Analyst,coeli.com,plausible,adjacent,https://coeli.careers.haileyhr.app/sv-SE/job/e632dcb6-8606-4468-a51c-fb374ee6acf5/f6866487-97ba-4f92-8a0b-1e51831c9be2/81c4a764-4495-4b7b-8aa7-cc1bb5bd403f,hailey:coeli:f6866487-97ba-4f92-8a0b-1e51831c9be2
noise,corporate_function,hong kong,"Associate, Information Technology Audit",hkexgroup.com,,,https://hkex.wd3.myworkdayjobs.com/en-US/HKEXCareerPage/job/HK-TWO-ES-9F/Associate--Information-Technology-Audit_R004311,workday:hkex|wd3|HKEXCareerPage:/job/HK-TWO-ES-9F/Associate--Information-Technology-Audit_R004311
noise,corporate_function,stockholm,"Junior Associate, Antitrust & Competition - Stockholm",~baker mckenzie,,,https://jobbsafari.se/jobb/junior-associate-antitrust-competition-stockholm-scsom-20501361,jobbsafari:sweden:20501361
noise,corporate_function,singapore,Investment Analyst,~actelligent private limited,plausible,adjacent,https://www.mycareersfuture.gov.sg/job/banking-finance/investment-analyst-actelligent-6720710460c4e61abe1a06f099060287,mycareersfuture:singapore:6720710460c4e61abe1a06f099060287
noise,corporate_function,singapore,Corporate Development and Business Planning - MGR,bankofsingapore.com,plausible,adjacent,https://ocbc.wd102.myworkdayjobs.com/en-US/External/job/OCBC-Singapore/Corporate-Development-and-Business-Planning---MGR_JR00008941,workday:ocbc|wd102|External:/job/OCBC-Singapore/Corporate-Development-and-Business-Planning---MGR_JR00008941
noise,corporate_function,singapore,"Senior Associate, Investments Legal",brookfield.com,,,https://brookfield.wd5.myworkdayjobs.com/en-US/brookfield/job/Singapore---138-Market-Street-CapitaGreen-32-01/Senior-Associate--Investments-Legal_R2051343,workday:brookfield|wd5|brookfield:/job/Singapore---138-Market-Street-CapitaGreen-32-01/Senior-Associate--Investments-Legal_R2051343
noise,corporate_function,stockholm,Internal Auditor – Financial risks and models,swedbank.com,stretch,adjacent,https://jobs.swedbank.com/jobs/27399-internal-auditor-financial-risks-and-models,teamtailor:jobs.swedbank.com:312bfc0d-6aec-42d6-a636-30b4b112458f
noise,corporate_function,singapore,"Associate, Product Strategy & Development",brookfield.com,,,https://brookfield.wd5.myworkdayjobs.com/en-US/brookfield/job/Singapore/Associate--Product-Strategy---Development_R2052076,workday:brookfield|wd5|brookfield:/job/Singapore/Associate--Product-Strategy---Development_R2052076
noise,corporate_function,singapore,"Associate, Diligence Management, Infrastructure (Contract)",brookfield.com,,,https://brookfield.wd5.myworkdayjobs.com/en-US/brookfield/job/Singapore/Associate--Diligence-Management--Infrastructure--Contract-_R2051341-1,workday:brookfield|wd5|brookfield:/job/Singapore/Associate--Diligence-Management--Infrastructure--Contract-_R2051341-1
noise,corporate_function,stockholm,APO to Group Treasury,swedbank.com,plausible,adjacent,https://jobs.swedbank.com/jobs/27442-apo-to-group-treasury,teamtailor:jobs.swedbank.com:06147435-bba4-42f1-a7ef-d8eb52ad2ed7
noise,corporate_function,stockholm,Treasury Controller,revelop.se,plausible,adjacent,https://career.revelop.se/jobs/7785869-treasury-controller,teamtailor:career.revelop.se:876af771-8d62-4d8d-bb1b-15d96c9dc00c
noise,corporate_function,singapore,Job Posting Title Independent Sales Audit (ISA) Analyst,bankofsingapore.com,,,https://ocbc.wd102.myworkdayjobs.com/en-US/External/job/OCBC-Singapore/Job-Posting-Title-Independent-Sales-Audit--ISA--Analyst_JR00010184,workday:ocbc|wd102|External:/job/OCBC-Singapore/Job-Posting-Title-Independent-Sales-Audit--ISA--Analyst_JR00010184
noise,corporate_function,singapore,Financial Controller – Oil Distribution & Trading | Singapore,~asiapac trading pte. ltd.,stretch,adjacent,https://www.mycareersfuture.gov.sg/job/accounting/financial-controller-%E2%80%93-oil-distribution-trading-singapore-asiapac-trading-41704b9a4ca56295565b65db9779c37e,mycareersfuture:singapore:41704b9a4ca56295565b65db9779c37e
noise,corporate_function,singapore,Finance Analyst,~flintex consulting pte. ltd.,,,https://www.mycareersfuture.gov.sg/job/manufacturing/finance-analyst-flintex-consulting-55d2dd2b63c8a0434b0103113deb5f45,mycareersfuture:singapore:55d2dd2b63c8a0434b0103113deb5f45
noise,corporate_function,singapore,Treasury Specialist,~ids medical systems (singapore) pte. ltd.,plausible,adjacent,https://www.mycareersfuture.gov.sg/job/banking-finance/treasury-specialist-ids-medical-systems-9c50f8c5f1ec0696a1a0fc1ea0db0e47,mycareersfuture:singapore:9c50f8c5f1ec0696a1a0fc1ea0db0e47
noise,corporate_function,stockholm,Senior FinCrime Analyst,alchemymarkets.com,,,https://alchemygroup.bamboohr.com/careers/138,bamboohr:alchemygroup:138
noise,corporate_function,singapore,Senior Business Process Analyst,~koch business solutions - asia pacific pte. ltd.,,,https://www.mycareersfuture.gov.sg/job/accounting/senior-business-process-analyst-koch-business-solutions-asia-pacific-78f86382d624ad98344a2b1f8c7b9eb1,mycareersfuture:singapore:78f86382d624ad98344a2b1f8c7b9eb1
noise,corporate_function,singapore,Associate – Fund Governance,waystone.com,,,https://waystone.bamboohr.com/careers/1582,bamboohr:waystone:1582
noise,corporate_function,singapore,Associate - Treasury Funding Associate - Finance,~nomura singapore limited,stretch,adjacent,https://www.mycareersfuture.gov.sg/job/banking-finance/associate-treasury-funding-associate-finance-nomura-singapore-790f70616103bf07930ee3503dd6d184,mycareersfuture:singapore:790f70616103bf07930ee3503dd6d184
noise,corporate_function,singapore,Cyber Defence - Senior Analyst,~allen overy shearman sterling llp,,,https://www.mycareersfuture.gov.sg/job/information-technology/cyber-defence-senior-analyst-allen-overy-shearman-sterling-434c49d17729d6f7a11038c54e039dcd,mycareersfuture:singapore:434c49d17729d6f7a11038c54e039dcd
noise,corporate_function,stockholm,Business Controller Trading,~varopreem,plausible,adjacent,https://jobbsafari.se/jobb/business-controller-trading-spsre-20479645,jobbsafari:sweden:20479645
noise,corporate_function,hong kong,Admin Support,computershare.com,,,https://fa-evdq-saasfaprod1.fa.ocs.oraclecloud.com/hcmUI/CandidateExperience/en/sites/computersharecareers/job/12283,oracle_hcm:fa-evdq-saasfaprod1.fa.ocs.oraclecloud.com|computersharecareers:12283
noise,corporate_function,singapore,"Tax, Asset Management",~morgan mckinley pte. ltd.,stretch,adjacent,https://www.mycareersfuture.gov.sg/job/accounting/tax-asset-management-morgan-mckinley-2a4366de0166e976579c153be65e2928,mycareersfuture:singapore:2a4366de0166e976579c153be65e2928
noise,corporate_function,singapore,Tax Associate (Corporate/Private Client/GST),~cla global ts holdings pte. ltd.,,,https://www.mycareersfuture.gov.sg/job/accounting/tax-associate-cla-global-ts-holdings-811eb9c59d19d9be1668ae40bf145f7b,mycareersfuture:singapore:811eb9c59d19d9be1668ae40bf145f7b
noise,corporate_function,singapore,Tax Associate (Corporate Tax) - GRIT,~bdo tax advisory pte. ltd.,,,https://www.mycareersfuture.gov.sg/job/accounting/tax-associate-grit-bdo-tax-advisory-c39b438f4fd658f23a5af94f3a2fa032,mycareersfuture:singapore:c39b438f4fd658f23a5af94f3a2fa032
noise,corporate_function,singapore,Insurance Specialist (Trade & Commodities),~nextbeat singapore pte. ltd.,stretch,adjacent,https://www.mycareersfuture.gov.sg/job/banking-finance/insurance-specialist-nextbeat-singapore-00a6c694b00402232340b11569618c12,mycareersfuture:singapore:00a6c694b00402232340b11569618c12
noise,corporate_function,singapore,INVESTMENT ASSOCIATE / ANALYST,~astria employment services pte. ltd.,stretch,adjacent,https://www.mycareersfuture.gov.sg/job/risk-management/investment-associate-analyst-astria-employment-services-6d9a634ba29b9b857fd7c1a4de210309,mycareersfuture:singapore:6d9a634ba29b9b857fd7c1a4de210309
noise,corporate_function,hong kong,Business Controls Officer,cards.barclaycardus.com,stretch,adjacent,https://barclays.wd3.myworkdayjobs.com/en-US/External_Career_Site_Barclays/job/Hong-Kong-Cheung-Kong-Center/Business-Controls-Officer_JR-0000122641-1,workday:barclays|wd3|External_Career_Site_Barclays:/job/Hong-Kong-Cheung-Kong-Center/Business-Controls-Officer_JR-0000122641-1
noise,corporate_function,singapore,Senior Finance Analyst,td.com,,,https://td.wd3.myworkdayjobs.com/en-US/TD_Bank_Careers/job/Singapore-Singapore/Senior-Finance-Analyst_R_1503709,workday:td|wd3|TD_Bank_Careers:/job/Singapore-Singapore/Senior-Finance-Analyst_R_1503709
noise,corporate_function,hong kong singapore deprioritized,Leadership and Professional Development Specialist | Talent Development,jumptrading.com,,,https://www.jumptrading.com/hr/job?gh_jid=7946175,greenhouse:jumptrading:7946175
noise,corporate_function,singapore,Early Career Talent Development Programs Specialist  | Talent Development,jumptrading.com,,,https://www.jumptrading.com/hr/job?gh_jid=7974587,greenhouse:jumptrading:7974587
noise,corporate_function,singapore,"Business Analyst (Bank, Market & Securities)",~adecco personnel pte ltd,stretch,adjacent,https://www.mycareersfuture.gov.sg/job/banking-finance/business-analyst-adecco-personnel-ad592c3dcb4fc91149531dcec597ba6a,mycareersfuture:singapore:ad592c3dcb4fc91149531dcec597ba6a
noise,corporate_function,singapore,Senior Tax Associate (Experienced) — Part Time,~assembly works (pte. ltd.),,,https://www.mycareersfuture.gov.sg/job/accounting/senior-tax-associate-%E2%80%94-part-time-assembly-works-eb9b76349e1797d75e9b7b33110c3da8,mycareersfuture:singapore:eb9b76349e1797d75e9b7b33110c3da8
noise,corporate_function,singapore,KC13470082 - Finance Analyst (1 Year Contract),~robert half international pte. ltd.,,,https://www.mycareersfuture.gov.sg/job/accounting/kc13470082-finance-analyst-robert-half-international-37698720677647f751b8a37acdfb59fa,mycareersfuture:singapore:37698720677647f751b8a37acdfb59fa
noise,corporate_function,singapore,"Senior Account Associate – Client Portfolio Management (Audit Company) | Up to S$4,500 + bonus",~recruit now singapore pte. ltd.,stretch,adjacent,https://www.mycareersfuture.gov.sg/job/accounting/senior-account-associate-%E2%80%93-client-portfolio-management-s4500-bonus-recruit-now-singapore-22c8b859383bc9bd6ab375a98153aaa5,mycareersfuture:singapore:22c8b859383bc9bd6ab375a98153aaa5
noise,corporate_function,singapore,Corporate Secretarial Specialist with a global Commodity Trading MNC,~the cap consulting group pte. ltd.,stretch,adjacent,https://www.mycareersfuture.gov.sg/job/accounting/corporate-secretarial-specialist-global-commodity-trading-mnc-cap-consulting-group-540cdb7c99f314e8b9a7c4ee6e4b8b59,mycareersfuture:singapore:540cdb7c99f314e8b9a7c4ee6e4b8b59
noise,corporate_function,singapore,NEED CSP and QUALIFIED INDIVIDUALS (QI),~express corporate services pte. ltd.,,,https://www.mycareersfuture.gov.sg/job/accounting/need-csp-qualified-individuals-express-corporate-services-0af3eac61b366405305c231f07b8ddcf,mycareersfuture:singapore:0af3eac61b366405305c231f07b8ddcf
noise,corporate_function,singapore,Financial Accounts Specialist / Associate Financial Accounts Specialist,~daiichi sankyo singapore pte. ltd.,,,https://www.mycareersfuture.gov.sg/job/accounting/financial-accounts-specialist-associate-financial-accounts-specialist-daiichi-sankyo-singapore-d2f4c1b5865d56414be481ec93df6d7d,mycareersfuture:singapore:d2f4c1b5865d56414be481ec93df6d7d
noise,corporate_function,singapore,"Management Associate (Graduate Program) at Labrador Tower, Up to $4,000 + Comm + PB (Flexible working hours, WFH available)",~success resource centre pte. ltd.,,,https://www.mycareersfuture.gov.sg/job/banking-finance/management-associate-labrador-tower-4000-comm-pb-success-resource-centre-18cb9c22780550b4d49fbe017a826813,mycareersfuture:singapore:18cb9c22780550b4d49fbe017a826813
noise,corporate_function,hong kong,Tax Structuring and Advisory Specialist,janestreet.com,stretch,adjacent,https://www.janestreet.com/join-jane-street/apply/8559416002?gh_jid=8559416002,greenhouse:janestreet:8559416002
noise,corporate_function,singapore,Tax Structuring & Advisory Specialist,janestreet.com,stretch,adjacent,https://www.janestreet.com/join-jane-street/apply/8580160002?gh_jid=8580160002,greenhouse:janestreet:8580160002
noise,corporate_function,hong kong,Officer - Listing Regulation and Enforcement,hkexgroup.com,,,https://hkex.wd3.myworkdayjobs.com/en-US/HKEXCareerPage/job/HK-ONE-ES-43F/Officer---Listing-Regulation-and-Enforcement_R004097,workday:hkex|wd3|HKEXCareerPage:/job/HK-ONE-ES-43F/Officer---Listing-Regulation-and-Enforcement_R004097
noise,corporate_function,hong kong,Korea Trading Controls Specialist,janestreet.com,stretch,less_relevant,https://www.janestreet.com/join-jane-street/apply/8549353002?gh_jid=8549353002,greenhouse:janestreet:8549353002
noise,corporate_function,singapore,Interim Legal Analyst,troweprice.com,,,https://troweprice.wd5.myworkdayjobs.com/en-US/TRowePriceInternational/job/Singapore/Interim-Legal-Analyst_81926-1,workday:troweprice|wd5|TRowePriceInternational:/job/Singapore/Interim-Legal-Analyst_81926-1
noise,corporate_function,singapore,Independent Sales Audit (ISA) Analyst - MGR,bankofsingapore.com,,,https://ocbc.wd102.myworkdayjobs.com/en-US/External/job/OCBC-Singapore/Independent-Sales-Audit--ISA--Analyst---MGR_JR00009210,workday:ocbc|wd102|External:/job/OCBC-Singapore/Independent-Sales-Audit--ISA--Analyst---MGR_JR00009210
noise,corporate_function,singapore,"Finance Analyst, 1 year contract",bankofsingapore.com,,,https://ocbc.wd102.myworkdayjobs.com/en-US/External/job/BOS-Singapore/Finance-Analyst--1-year-contract_JR00008588,workday:ocbc|wd102|External:/job/BOS-Singapore/Finance-Analyst--1-year-contract_JR00008588
noise,corporate_function,hong kong,"Business Management Associate, Research",clsa.com,,,https://citicclsa.wd3.myworkdayjobs.com/en-US/External/job/Hong-Kong/Business-Management-Associate--Research_JR003054,workday:citicclsa|wd3|External:/job/Hong-Kong/Business-Management-Associate--Research_JR003054
noise,corporate_function,singapore,Business Associate,wellington.com,,,https://wellington.wd5.myworkdayjobs.com/en-US/External/job/Central-Singapore-Singapore/Business-Associate_R94479-1,workday:wellington|wd5|External:/job/Central-Singapore-Singapore/Business-Associate_R94479-1
noise,corporate_function,singapore,"Associate/Sr. Associate, APAC Projects and Change",pimco.com,,,https://pimco.wd1.myworkdayjobs.com/en-US/pimco-careers/job/Singapore/Associate-Sr-Associate--APAC-Projects-and-Change_R106473,workday:pimco|wd1|pimco-careers:/job/Singapore/Associate-Sr-Associate--APAC-Projects-and-Change_R106473
noise,corporate_function,hong kong,"Associate, Secretariat",dbs.com,,,https://dbs.wd3.myworkdayjobs.com/en-US/DBS_Careers/job/One-Island-East/Associate--Secretariat_WD84574,workday:dbs|wd3|DBS_Careers:/job/One-Island-East/Associate--Secretariat_WD84574
noise,corporate_function,hong kong,"Associate, Product Development, Asset Management",clsa.com,plausible,adjacent,https://citicclsa.wd3.myworkdayjobs.com/en-US/External/job/Hong-Kong/Associate--Product-Development--Asset-Management_JR002106,workday:citicclsa|wd3|External:/job/Hong-Kong/Associate--Product-Development--Asset-Management_JR002106
noise,corporate_function,hong kong,"Associate, Business Controls and Projects, Wealth Management",clsa.com,plausible,adjacent,https://citicclsa.wd3.myworkdayjobs.com/en-US/External/job/Hong-Kong/Associate--Business-Controls-and-Projects--Wealth-Management_JR002248,workday:citicclsa|wd3|External:/job/Hong-Kong/Associate--Business-Controls-and-Projects--Wealth-Management_JR002248
noise,corporate_function,singapore,Asia Controller,marshmma.com,,,https://mmc.wd1.myworkdayjobs.com/en-US/MMC/job/Singapore---Marina-View/Asia-Controller_R_346124,workday:mmc|wd1|MMC:/job/Singapore---Marina-View/Asia-Controller_R_346124
noise,corporate_function,singapore,"Analyst/Associate, Business Analyst (Balance Sheet Management), Corporate Treasury, Group Finance",dbs.com,plausible,adjacent,https://dbs.wd3.myworkdayjobs.com/en-US/DBS_Careers/job/Singapore---Central/Analyst-Associate--Business-Analyst--Balance-Sheet-Management---Corporate-Treasury--Group-Finance_WD86405-1,workday:dbs|wd3|DBS_Careers:/job/Singapore---Central/Analyst-Associate--Business-Analyst--Balance-Sheet-Management---Corporate-Treasury--Group-Finance_WD86405-1
noise,corporate_function,hong kong,"Administrative Analyst, Private Equity",investpsp.com,plausible,adjacent,https://investpsp.wd3.myworkdayjobs.com/en-US/psp_careers/job/Hong-Kong/Administrative-Analyst--Private-Equity_R4826,workday:investpsp|wd3|psp_careers:/job/Hong-Kong/Administrative-Analyst--Private-Equity_R4826
noise,corporate_function,singapore,"Senior Account Associate – Client Portfolio Management | Up to $4,500 + bonus",~recruit now singapore pte. ltd.,stretch,adjacent,https://www.mycareersfuture.gov.sg/job/accounting/senior-account-associate-%E2%80%93-client-portfolio-management-4500-bonus-recruit-now-singapore-47dffde44027e8d357b1c5caeec8c958,mycareersfuture:singapore:47dffde44027e8d357b1c5caeec8c958
noise,corporate_function,singapore,Product Analyst (Debit cards l Campaigns) l Contract l Up to $7K,~manpower staffing services (singapore) pte ltd,,,https://www.mycareersfuture.gov.sg/job/banking-finance/product-analyst-l-contract-l-7k-manpower-staffing-services-9e25faebc5b277a7ca2442b98f68cc6f,mycareersfuture:singapore:9e25faebc5b277a7ca2442b98f68cc6f
noise,corporate_function,singapore,Corporate Development Associate (Tech),~dadaconsultants pte. ltd.,stretch,adjacent,https://www.mycareersfuture.gov.sg/job/banking-finance/corporate-development-associate-dadaconsultants-d3e81631d4934e362bb5508d30ac3b34,mycareersfuture:singapore:d3e81631d4934e362bb5508d30ac3b34
noise,corporate_function,singapore,Business Process Analyst,~koch business solutions - asia pacific pte. ltd.,,,https://www.mycareersfuture.gov.sg/job/accounting/business-process-analyst-koch-business-solutions-asia-pacific-118a24f68365cdfc82e7fee73bebe9f2,mycareersfuture:singapore:118a24f68365cdfc82e7fee73bebe9f2
noise,corporate_function,singapore,Fund Management Officer,~hilleman laboratories singapore pte. ltd.,plausible,adjacent,https://www.mycareersfuture.gov.sg/job/accounting/fund-management-officer-hilleman-laboratories-singapore-91d299615913b72d86c26e54cba06947,mycareersfuture:singapore:91d299615913b72d86c26e54cba06947
noise,corporate_function,singapore,"Senior Account Associate – Client Portfolio Management | Up to $4,500 + bonus",~recruit now singapore pte. ltd.,stretch,adjacent,https://www.mycareersfuture.gov.sg/job/accounting/senior-account-associate-%E2%80%93-client-portfolio-management-4500-bonus-recruit-now-singapore-8b451da5344b57bde806761ce79e97d6,mycareersfuture:singapore:8b451da5344b57bde806761ce79e97d6
noise,corporate_function,singapore,"Senior Account Associate (CSP) | Up to S$4,500 + bonus",~recruit now singapore pte. ltd.,,,https://www.mycareersfuture.gov.sg/job/accounting/senior-account-associate-s4500-bonus-recruit-now-singapore-7dc755d2a3059c861af8e04ac5b2b11c,mycareersfuture:singapore:7dc755d2a3059c861af8e04ac5b2b11c
noise,corporate_function,hong kong,"Assistant Officer, Shareholder Information",computershare.com,,,https://fa-evdq-saasfaprod1.fa.ocs.oraclecloud.com/hcmUI/CandidateExperience/en/sites/computersharecareers/job/12054,oracle_hcm:fa-evdq-saasfaprod1.fa.ocs.oraclecloud.com|computersharecareers:12054
noise,corporate_function,singapore,Accounts Consultant (Intermediate/ Senior),~lnm corporate solutions pte. ltd.,,,https://www.mycareersfuture.gov.sg/job/accounting/accounts-consultant-lnm-corporate-solutions-ff4c29b510fbf6c94650e0b8ff1e9f93,mycareersfuture:singapore:ff4c29b510fbf6c94650e0b8ff1e9f93
noise,corporate_function,singapore,account,~mediatechnic solutions pte. ltd.,,,https://www.mycareersfuture.gov.sg/job/accounting/account-mediatechnic-solutions-df3433aa2011110b5361d9c7eafe443f,mycareersfuture:singapore:df3433aa2011110b5361d9c7eafe443f
noise,corporate_function,singapore,Business Consultant,~w.l.p pte. ltd.,,,https://www.mycareersfuture.gov.sg/job/accounting/business-consultant-wlp-a97ac438841d8c3a5846388435097a44,mycareersfuture:singapore:a97ac438841d8c3a5846388435097a44
noise,corporate_function,singapore,Treasury Analyst,~cs renewable ventures pte. ltd.,plausible,adjacent,https://www.mycareersfuture.gov.sg/job/banking-finance/treasury-analyst-cs-renewable-ventures-0d6a1717aa2455da0fbe391f7bb6eb2c,mycareersfuture:singapore:0d6a1717aa2455da0fbe391f7bb6eb2c
noise,corporate_function,singapore,"TRM Consultant (6-Month Contract, Renewable)",~gyk talensync pte. ltd.,,,https://www.mycareersfuture.gov.sg/job/banking-finance/trm-consultant-gyk-talensync-ef7469ffe210ee913134fd4be44116f0,mycareersfuture:singapore:ef7469ffe210ee913134fd4be44116f0
noise,corporate_function,singapore,"Finance & Accounts Officer, Shipping & Commodities",~kepler search pte. ltd.,stretch,adjacent,https://www.mycareersfuture.gov.sg/job/accounting/finance-accounts-officer-shipping-commodities-kepler-search-6cd03ad6b4a71d0ad86680d160b242fa,mycareersfuture:singapore:6cd03ad6b4a71d0ad86680d160b242fa
noise,corporate_function,singapore,Capital Markets,~runsun service pte. ltd.,plausible,adjacent,https://www.mycareersfuture.gov.sg/job/banking-finance/capital-markets-runsun-service-61b275038fcf4b77e0961f856e47af9a,mycareersfuture:singapore:61b275038fcf4b77e0961f856e47af9a
noise,corporate_function,singapore,Business Performance & Investment Analyst,~magnus property pte. ltd.,stretch,adjacent,https://www.mycareersfuture.gov.sg/job/professional-services/business-performance-investment-analyst-magnus-property-2f492c3367e29e4d09c5c86b0261f6cf,mycareersfuture:singapore:2f492c3367e29e4d09c5c86b0261f6cf
noise,corporate_function,singapore,Business Performance & Investment Analyst,~grandrich corporation pte. ltd.,stretch,adjacent,https://www.mycareersfuture.gov.sg/job/professional-services/business-performance-investment-analyst-grandrich-corporation-ba61956bc2467c07586aa10f3e1a2b68,mycareersfuture:singapore:ba61956bc2467c07586aa10f3e1a2b68
noise,corporate_function,singapore,ADVOCACY & PARTNERSHIP| NOT-FOR-PROFIT CAPITAL MARKETS RELATED| CFA PROFILES WELCOMED,~pan & company pte. ltd.,stretch,adjacent,https://www.mycareersfuture.gov.sg/job/education-training/advocacy-partnership-not-for-profit-capital-markets-related-cfa-profiles-welcomed-pan-company-1aa6f4cc30d646fc106a1b6f23e28c79,mycareersfuture:singapore:1aa6f4cc30d646fc106a1b6f23e28c79
noise,corporate_function,singapore,6723 -  Accounts Executive | Trading Industry | Full Set Accounts & GST | Up to $3.5K | CBD,~the supreme hr advisory pte. ltd.,stretch,adjacent,https://www.mycareersfuture.gov.sg/job/accounting/6723-accounts-executive-trading-industry-full-set-accounts-gst-35k-cbd-supreme-hr-advisory-d8da65c51d9e375b5ea548ea02d9ec4a,mycareersfuture:singapore:d8da65c51d9e375b5ea548ea02d9ec4a
noise,corporate_function,singapore,Investment Associate,~tumalon katak salahkar pte. ltd.,plausible,adjacent,https://www.mycareersfuture.gov.sg/job/banking-finance/investment-associate-tumalon-katak-salahkar-8ff6d680bcd4570f8b387685de403652,mycareersfuture:singapore:8ff6d680bcd4570f8b387685de403652
noise,corporate_function,singapore,"Consultant/Senior Consultant, Investor Relations",~sino-lion communications pte. ltd.,stretch,adjacent,https://www.mycareersfuture.gov.sg/job/advertising/consultantsenior-consultant-investor-relations-sino-lion-communications-dced5801437a9a6b9042245768aedefe,mycareersfuture:singapore:dced5801437a9a6b9042245768aedefe
noise,corporate_function,singapore,"Associate/Senior Associate, Investor Relations",~sino-lion communications pte. ltd.,stretch,adjacent,https://www.mycareersfuture.gov.sg/job/advertising/associatesenior-associate-investor-relations-sino-lion-communications-d99ece1219a42ffac3acd2943d51ff6e,mycareersfuture:singapore:d99ece1219a42ffac3acd2943d51ff6e
noise,corporate_function,stockholm,Treasury Specialist med systemintresse,~capega ab,plausible,adjacent,https://jobbsafari.se/jobb/treasury-specialist-med-systemintresse-scsom-20436503,jobbsafari:sweden:20436503
noise,corporate_function,stockholm,Treasury Specialist med systemintresse,~capega ab,plausible,adjacent,https://jobbsafari.se/jobb/treasury-specialist-med-systemintresse-sasrb-20435341,jobbsafari:sweden:20435341
noise,corporate_function,singapore,"Associate, Investment",pantheon.com,,,https://job-boards.greenhouse.io/pantheonpublic/jobs/8622757002,greenhouse:pantheonpublic:8622757002
noise,corporate_function,stockholm,Senior Analyst,~klarna bank ab,,,https://jobbsafari.se/jobb/senior-analyst-sasrb-20420132,jobbsafari:sweden:20420132
noise,corporate_function,stockholm,Senior Financial Analyst Treasury & Regulatorisk Rapportering,~lendo ab,stretch,adjacent,https://jobbsafari.se/jobb/senior-financial-analyst-treasury-regulatorisk-rapportering-sasrb-20389261,jobbsafari:sweden:20389261
noise,corporate_function,hong kong,Senior Company Secretarial Officer,computershare.com,,,https://fa-evdq-saasfaprod1.fa.ocs.oraclecloud.com/hcmUI/CandidateExperience/en/sites/computersharecareers/job/11715,oracle_hcm:fa-evdq-saasfaprod1.fa.ocs.oraclecloud.com|computersharecareers:11715
noise,corporate_function,stockholm,Innovation Program Associate - Lighthouse Program,"~mastercard, inc.",,,https://jobbsafari.se/jobb/innovation-program-associate-scsom-17994462,jobbsafari:sweden:17994462
noise,enterprise_it,hong kong,"Sr. Analyst, PMO, IT",clsa.com,,,https://citicclsa.wd3.myworkdayjobs.com/en-US/External/job/Hong-Kong/PMO-Director--IT_JR002588-6,workday:citicclsa|wd3|External:/job/Hong-Kong/PMO-Director--IT_JR002588-6
noise,enterprise_it,hong kong,Senior Associate (Application System Development) (CMU OmniClear vacancy),hkma.gov.hk,,,https://www.hkma.gov.hk/eng/about-us/join-us/current-vacancies/recruit-20260828-2/,site:hkma:20260828-2
noise,enterprise_it,hong kong,Senior Associate (Application Framework Development & Support) (CMU OmniClear vacancy),hkma.gov.hk,,,https://www.hkma.gov.hk/eng/about-us/join-us/current-vacancies/recruit-20260807-3/,site:hkma:20260807-3
noise,enterprise_it,singapore,Cyber Threat Intelligence Analyst,bankofsingapore.com,,,https://ocbc.wd102.myworkdayjobs.com/en-US/External/job/OCBC-Singapore/Cyber-Threat-Intelligence-Analyst_JR00006577-1,workday:ocbc|wd102|External:/job/OCBC-Singapore/Cyber-Threat-Intelligence-Analyst_JR00006577-1
noise,enterprise_it,singapore,Senior FO Business Analyst,~luxoft information technology (singapore) pte. ltd.,,,https://www.mycareersfuture.gov.sg/job/banking-finance/senior-fo-business-analyst-luxoft-information-technology-6eebc779a966eb06ab453a66eb637a54,mycareersfuture:singapore:6eebc779a966eb06ab453a66eb637a54
noise,enterprise_it,singapore,"MGR, Data Loss Monitoring (AI, Automation & Digital Risk Analytics)",bankofsingapore.com,plausible,adjacent,https://ocbc.wd102.myworkdayjobs.com/en-US/External/job/OCBC-Singapore/MGR--Data-Loss-Monitoring--AI--Automation---Digital-Risk-Analytics-_JR00010411,workday:ocbc|wd102|External:/job/OCBC-Singapore/MGR--Data-Loss-Monitoring--AI--Automation---Digital-Risk-Analytics-_JR00010411
noise,enterprise_it,singapore,TIBCO Senior Developer,~octomate staffing pte. ltd.,,,https://www.mycareersfuture.gov.sg/job/information-technology/tibco-senior-developer-octomate-staffing-4ab731f418396fc06f10cbad4d57827c,mycareersfuture:singapore:4ab731f418396fc06f10cbad4d57827c
noise,enterprise_it,singapore,Software Developer,~mindthoughts solutions pte. ltd.,,,https://www.mycareersfuture.gov.sg/job/information-technology/software-developer-mindthoughts-solutions-367463b5b16771c3f04329a05005615f,mycareersfuture:singapore:367463b5b16771c3f04329a05005615f
noise,enterprise_it,singapore,Service Delivery Associate,~far east management (private) limited,,,https://www.mycareersfuture.gov.sg/job/engineering/service-delivery-associate-far-east-management-cd98834fd59f6a02a2aa197ebac9db42,mycareersfuture:singapore:cd98834fd59f6a02a2aa197ebac9db42
noise,enterprise_it,singapore,Senior Software Developer,~mindthoughts solutions pte. ltd.,,,https://www.mycareersfuture.gov.sg/job/information-technology/senior-software-developer-mindthoughts-solutions-40cd008ed2f6b478b0b67dfed21d29fc,mycareersfuture:singapore:40cd008ed2f6b478b0b67dfed21d29fc
noise,enterprise_it,singapore,IT Business Analyst - 1555,~jobster private ltd.,,,https://www.mycareersfuture.gov.sg/job/information-technology/business-analyst-1555-jobster-f03d3b9e06e4ba44fc1d7e24ded888b4,mycareersfuture:singapore:f03d3b9e06e4ba44fc1d7e24ded888b4
noise,enterprise_it,singapore,Business Analyst RMD,~user experience researchers pte. ltd.,,,https://www.mycareersfuture.gov.sg/job/information-technology/business-analyst-rmd-user-experience-researchers-38a8bd31a95f743ff3ac0116eeb2875b,mycareersfuture:singapore:38a8bd31a95f743ff3ac0116eeb2875b
noise,enterprise_it,singapore,Business Analyst RMD,~user experience researchers pte. ltd.,,,https://www.mycareersfuture.gov.sg/job/information-technology/business-analyst-rmd-user-experience-researchers-a83671be97f15f2e6e14cd8656bfee00,mycareersfuture:singapore:a83671be97f15f2e6e14cd8656bfee00
noise,enterprise_it,singapore,Business Analyst (2 years) - Portfolio Management,~neutron pte. ltd.,stretch,adjacent,https://www.mycareersfuture.gov.sg/job/information-technology/business-analyst-portfolio-management-neutron-b878aa15441f1218ead96f3f95475d92,mycareersfuture:singapore:b878aa15441f1218ead96f3f95475d92
noise,enterprise_it,singapore,Business Analyst,~lyneer corp (singapore) pte. ltd.,,,https://www.mycareersfuture.gov.sg/job/information-technology/business-analyst-lyneer-corp-2e0c1003fb0c12c633b36bfe6765611f,mycareersfuture:singapore:2e0c1003fb0c12c633b36bfe6765611f
noise,enterprise_it,singapore,Business Analyst,~lyneer corp (singapore) pte. ltd.,,,https://www.mycareersfuture.gov.sg/job/information-technology/business-analyst-lyneer-corp-15396c11d4ec4cd65268d0719fe7d930,mycareersfuture:singapore:15396c11d4ec4cd65268d0719fe7d930
noise,enterprise_it,singapore,Business Analyst,~iotalents pte. ltd.,,,https://www.mycareersfuture.gov.sg/job/banking-finance/business-analyst-iotalents-da97eba4efdc1fb4ccd0c4972574b68c,mycareersfuture:singapore:da97eba4efdc1fb4ccd0c4972574b68c
noise,enterprise_it,singapore,AI Engineer,~searchasia consulting pte. ltd.,,,https://www.mycareersfuture.gov.sg/job/information-technology/ai-engineer-searchasia-consulting-6d9908bbc2767a41353a042d3b515ff8,mycareersfuture:singapore:6d9908bbc2767a41353a042d3b515ff8
noise,enterprise_it,singapore,Xceptor Developer - Data Automation,~abeam consulting (singapore) pte. ltd.,,,https://www.mycareersfuture.gov.sg/job/information-technology/xceptor-developer-data-automation-abeam-consulting-2c47a001c8d8e81b3aa11e94cf07aab6,mycareersfuture:singapore:2c47a001c8d8e81b3aa11e94cf07aab6
noise,enterprise_it,singapore,System Support Analyst,~ambition group singapore pte. ltd.,,,https://www.mycareersfuture.gov.sg/job/banking-finance/system-support-analyst-ambition-group-singapore-a9f224a016b0ee6c51111bba9507a957,mycareersfuture:singapore:a9f224a016b0ee6c51111bba9507a957
noise,enterprise_it,singapore,Senior Xceptor Developer - Data Automation,~abeam consulting (singapore) pte. ltd.,,,https://www.mycareersfuture.gov.sg/job/information-technology/senior-xceptor-developer-data-automation-abeam-consulting-f1115941683a88453c424170abfacccf,mycareersfuture:singapore:f1115941683a88453c424170abfacccf
noise,enterprise_it,singapore,Senior Infrastructure Analyst,~jac recruitment pte. ltd.,,,https://www.mycareersfuture.gov.sg/job/information-technology/senior-infrastructure-analyst-jac-recruitment-61264fd26c30ccbc55d6a900d200a84a,mycareersfuture:singapore:61264fd26c30ccbc55d6a900d200a84a
noise,enterprise_it,stockholm,Senior Backend Engineer Node.js TypeScript OpenSearch,jobs.avaron.se,,,https://arbetsformedlingen.se/platsbanken/annonser/31392654,jobtech:jobstream:31392654
noise,enterprise_it,singapore,SAP Hybris Tester,~solidus it consulting pte. ltd.,,,https://www.mycareersfuture.gov.sg/job/information-technology/sap-hybris-tester-solidus-consulting-69022a0c5c4441b914ff00dea9703a8a,mycareersfuture:singapore:69022a0c5c4441b914ff00dea9703a8a
noise,enterprise_it,singapore,Platform engineer,~apar technologies pte. ltd.,,,https://www.mycareersfuture.gov.sg/job/information-technology/platform-engineer-apar-technologies-528cc1ad4aa8a51084f2225bdc33b8bb,mycareersfuture:singapore:528cc1ad4aa8a51084f2225bdc33b8bb
noise,enterprise_it,singapore,Network Engineer,tower-research.com,stretch,adjacent,https://www.tower-research.com/open-positions/?gh_jid=8156147,greenhouse:towerresearchcapital:8156147
noise,enterprise_it,singapore,Infrastructure Platform Engineer (Linux & Automation),~charterhouse pte. ltd.,,,https://www.mycareersfuture.gov.sg/job/banking-finance/infrastructure-platform-engineer-charterhouse-f74cc2e01ef17dd5162da18a30e8dfdb,mycareersfuture:singapore:f74cc2e01ef17dd5162da18a30e8dfdb
noise,enterprise_it,hong kong,Client Platforms Engineer,dvtrading.co,,,https://job-boards.greenhouse.io/dvtrading/jobs/4727563005,greenhouse:dvtrading:4727563005
noise,enterprise_it,singapore,BA Wealth front office (Triple A),~newtone consulting pte. ltd.,stretch,adjacent,https://www.mycareersfuture.gov.sg/job/information-technology/ba-wealth-front-office-newtone-consulting-79c392edb546bae59e4c9befbcf4c90a,mycareersfuture:singapore:79c392edb546bae59e4c9befbcf4c90a
noise,enterprise_it,singapore,Application Developer,~uarrow pte. ltd.,,,https://www.mycareersfuture.gov.sg/job/information-technology/application-developer-uarrow-9364356a3765c511e51b589d19cddbd2,mycareersfuture:singapore:9364356a3765c511e51b589d19cddbd2
noise,enterprise_it,singapore,Application Developer,~jeet analytics pte. ltd.,,,https://www.mycareersfuture.gov.sg/job/information-technology/application-developer-jeet-analytics-d50ee78b4e7fa0861a2627a28c635841,mycareersfuture:singapore:d50ee78b4e7fa0861a2627a28c635841
noise,enterprise_it,hong kong,(Senior) Systems Analysts - Associate - Listing Systems - IT - 12 months Contract,hkexgroup.com,,,https://hkex.wd3.myworkdayjobs.com/en-US/HKEXCareerPage/job/HK-TKO-5F/XMLNAME--Senior--Systems-Analysts---Associate---Listing-Systems---IT---12-months-Contract_R003502,workday:hkex|wd3|HKEXCareerPage:/job/HK-TKO-5F/XMLNAME--Senior--Systems-Analysts---Associate---Listing-Systems---IT---12-months-Contract_R003502
noise,enterprise_it,singapore,Senior Java Developer,~ariston services pte. ltd.,,,https://www.mycareersfuture.gov.sg/job/information-technology/senior-java-developer-ariston-services-3d86a34322e82504a518a7e05717ed07,mycareersfuture:singapore:3d86a34322e82504a518a7e05717ed07
noise,enterprise_it,singapore,Senior AI Engineer,~luxoft information technology (singapore) pte. ltd.,,,https://www.mycareersfuture.gov.sg/job/banking-finance/senior-ai-engineer-luxoft-information-technology-c733a9275a3add8f01591c898e96f1e0,mycareersfuture:singapore:c733a9275a3add8f01591c898e96f1e0
noise,enterprise_it,singapore,Platform Engineer,~dymon asia capital (singapore) pte. ltd.,,,https://www.mycareersfuture.gov.sg/job/banking-finance/platform-engineer-dymon-asia-capital-8ce15ed10a5dcbe68b7973e954a0a2df,mycareersfuture:singapore:8ce15ed10a5dcbe68b7973e954a0a2df
noise,enterprise_it,hong kong,Low Latency C++ Developer,eclipsetrading.com,plausible,adjacent,https://job-boards.greenhouse.io/eclipsetrading/jobs/7339999002,greenhouse:eclipsetrading:7339999002
noise,enterprise_it,hong kong,Graduate Low Latency C++ Software Developer,eclipsetrading.com,out_of_scope,adjacent,https://job-boards.greenhouse.io/eclipsetrading/jobs/8735474002,greenhouse:eclipsetrading:8735474002
noise,enterprise_it,singapore,Data Analyst,~ariston services pte. ltd.,,,https://www.mycareersfuture.gov.sg/job/information-technology/data-analyst-ariston-services-c70580b5d3ccbc4e6fb1f6506fa99255,mycareersfuture:singapore:c70580b5d3ccbc4e6fb1f6506fa99255
noise,enterprise_it,singapore,Avaloq Technical Developer,~vine infotech private limited,,,https://www.mycareersfuture.gov.sg/job/banking-finance/avaloq-technical-developer-vine-infotech-1ea9f0f137a641302fe744c4661af503,mycareersfuture:singapore:1ea9f0f137a641302fe744c4661af503
noise,enterprise_it,singapore,Applications Developer,~saksoft pte limited,,,https://www.mycareersfuture.gov.sg/job/information-technology/applications-developer-saksoft-f8d625d0a134c9d4dba0bb80bcdf7ab4,mycareersfuture:singapore:f8d625d0a134c9d4dba0bb80bcdf7ab4
noise,enterprise_it,singapore,Application Developer,~riskdata consulting pte. ltd.,,,https://www.mycareersfuture.gov.sg/job/information-technology/application-developer-riskdata-consulting-f4f6f5f176e0bdc89015382b3c0f2ffa,mycareersfuture:singapore:f4f6f5f176e0bdc89015382b3c0f2ffa
noise,enterprise_it,singapore,Application Developer,~regtech insight pte. ltd.,,,https://www.mycareersfuture.gov.sg/job/information-technology/application-developer-regtech-insight-f602ed705b07837d44aa1498eb13090c,mycareersfuture:singapore:f602ed705b07837d44aa1498eb13090c
noise,enterprise_it,singapore,Senior Network Security Engineer,~percept solutions pte. ltd.,,,https://www.mycareersfuture.gov.sg/job/information-technology/senior-network-security-engineer-percept-solutions-54422d503b3aa25bc31f6365a2a2274a,mycareersfuture:singapore:54422d503b3aa25bc31f6365a2a2274a
noise,enterprise_it,singapore,Business Analyst (Trade Finance),~adecco personnel pte ltd,,,https://www.mycareersfuture.gov.sg/job/information-technology/business-analyst-adecco-personnel-03994a79d65a4a3b83096eaf0282f666,mycareersfuture:singapore:03994a79d65a4a3b83096eaf0282f666
noise,enterprise_it,singapore,Test Analyst – Credit Risk / Lending Systems,~adecco personnel pte ltd,plausible,less_relevant,https://www.mycareersfuture.gov.sg/job/information-technology/test-analyst-%E2%80%93-credit-risk-lending-systems-adecco-personnel-df3c30a4fa5374228218b9724075bd3e,mycareersfuture:singapore:df3c30a4fa5374228218b9724075bd3e
noise,enterprise_it,singapore,"Software Engineer III, Post Trade Technology","~jpmorgan chase bank, n.a.",stretch,adjacent,https://www.mycareersfuture.gov.sg/job/banking-finance/software-engineer-iii-post-trade-technology-jpmorgan-chase-bank-na-11690520eb884d85b48ce25141299df2,mycareersfuture:singapore:11690520eb884d85b48ce25141299df2
noise,enterprise_it,singapore,Software Engineer (Data),~quess selection & services pte. ltd.,,,https://www.mycareersfuture.gov.sg/job/information-technology/software-engineer-quess-selection-services-cc4e3e6d7f1188bf6c56f56bae353326,mycareersfuture:singapore:cc4e3e6d7f1188bf6c56f56bae353326
noise,enterprise_it,singapore,Software Engineer (Calypso),~adecco personnel pte ltd,,,https://www.mycareersfuture.gov.sg/job/information-technology/software-engineer-adecco-personnel-3295244e6e5aaca23afce4f384f6d418,mycareersfuture:singapore:3295244e6e5aaca23afce4f384f6d418
noise,enterprise_it,singapore,Software Developer (Banking),~smart information management systems private limited,,,https://www.mycareersfuture.gov.sg/job/banking-finance/software-developer-smart-information-management-systems-9ada7deeec902217d3acbcbe087f7875,mycareersfuture:singapore:9ada7deeec902217d3acbcbe087f7875
noise,enterprise_it,singapore,Software Developer,~squarepoint services singapore pte. ltd.,,,https://www.mycareersfuture.gov.sg/job/banking-finance/software-developer-squarepoint-services-singapore-3490c9c076fd6249e8b9558858690a03,mycareersfuture:singapore:3490c9c076fd6249e8b9558858690a03
noise,enterprise_it,singapore,Software Developer,~squarepoint services singapore pte. ltd.,,,https://www.mycareersfuture.gov.sg/job/banking-finance/software-developer-squarepoint-services-singapore-2629c662793404b91a1efc147f30d299,mycareersfuture:singapore:2629c662793404b91a1efc147f30d299
noise,enterprise_it,singapore,Senior Trading Systems Support Engineer,~ambition group singapore pte. ltd.,stretch,adjacent,https://www.mycareersfuture.gov.sg/job/information-technology/senior-trading-systems-support-engineer-ambition-group-singapore-32ce26b654c84f23ff5860ed1af7a017,mycareersfuture:singapore:32ce26b654c84f23ff5860ed1af7a017
noise,enterprise_it,singapore,Senior Software Developer,~we-plus pte. ltd.,,,https://www.mycareersfuture.gov.sg/job/banking-finance/senior-software-developer-we-plus-f90d98c6961fce63ade1044b05314f1d,mycareersfuture:singapore:f90d98c6961fce63ade1044b05314f1d
noise,enterprise_it,hong kong,Research Technology Support,~point72,strong,less_relevant,https://boards.greenhouse.io/point72/jobs/8475957002?gh_jid=8475957002,greenhouse:point72:8475957002
noise,enterprise_it,singapore,Front Office Project Management (Financial Industry) - Temp Assignment till End Dec26 - Up to S$5.5k,~talent edge recruitment llp,plausible,adjacent,https://www.mycareersfuture.gov.sg/job/banking-finance/front-office-project-management-temp-assignment-till-end-dec26-s55k-talent-edge-recruitment-47cedf8f699fb734ef853adbb133b172,mycareersfuture:singapore:47cedf8f699fb734ef853adbb133b172
noise,enterprise_it,singapore,Data Reliability Engineer,~point72,stretch,adjacent,https://boards.greenhouse.io/point72/jobs/8691264002?gh_jid=8691264002,greenhouse:point72:8691264002
noise,enterprise_it,singapore,Cubist Senior Data Scientist,~point72,stretch,relevant,https://boards.greenhouse.io/point72/jobs/7045995002?gh_jid=7045995002,greenhouse:point72:7045995002
noise,enterprise_it,singapore,Cubist Data Scientist,~point72,strong,relevant,https://boards.greenhouse.io/point72/jobs/7001158002?gh_jid=7001158002,greenhouse:point72:7001158002
noise,enterprise_it,singapore,C++ Software Developer,~ambition group singapore pte. ltd.,,,https://www.mycareersfuture.gov.sg/job/information-technology/c-software-developer-ambition-group-singapore-a640545a1560d1963f8f58b912de072e,mycareersfuture:singapore:a640545a1560d1963f8f58b912de072e
noise,enterprise_it,singapore,Senior System Analyst - Digital Channels,~persol singapore pte. ltd.,,,https://www.mycareersfuture.gov.sg/job/information-technology/senior-system-analyst-digital-channels-persol-singapore-d9d1f296a8fcca4723c61726dd34a641,mycareersfuture:singapore:d9d1f296a8fcca4723c61726dd34a641
noise,enterprise_it,singapore,Senior Murex Datamart Developer,~luxoft singapore pte. ltd.,,,https://www.mycareersfuture.gov.sg/job/information-technology/senior-murex-datamart-developer-luxoft-singapore-e450720c127c78fbf263a99528444700,mycareersfuture:singapore:e450720c127c78fbf263a99528444700
noise,enterprise_it,singapore,Senior Murex Credit Risk Consultant,~luxoft information technology (singapore) pte. ltd.,stretch,less_relevant,https://www.mycareersfuture.gov.sg/job/information-technology/senior-murex-credit-risk-consultant-luxoft-information-technology-0417e2b59dd804a8f7c7d898a7815b11,mycareersfuture:singapore:0417e2b59dd804a8f7c7d898a7815b11
noise,enterprise_it,singapore,Senior Murex Credit Risk Consultant,~luxoft singapore pte. ltd.,stretch,less_relevant,https://www.mycareersfuture.gov.sg/job/information-technology/senior-murex-credit-risk-consultant-luxoft-singapore-8aee421ab74e8ac63c04a299877623f7,mycareersfuture:singapore:8aee421ab74e8ac63c04a299877623f7
noise,enterprise_it,singapore,"Senior Business Analyst (Finacle,Flex cube, swift)",~quess engineering pte. ltd.,,,https://www.mycareersfuture.gov.sg/job/information-technology/senior-business-analyst-quess-engineering-2c6df9708648bf46c0e8697b2c045b4a,mycareersfuture:singapore:2c6df9708648bf46c0e8697b2c045b4a
noise,enterprise_it,singapore,NeoXam Consultant,~luxoft singapore pte. ltd.,,,https://www.mycareersfuture.gov.sg/job/information-technology/neoxam-consultant-luxoft-singapore-9b6d30ba71255de65eb3d98775f39da8,mycareersfuture:singapore:9b6d30ba71255de65eb3d98775f39da8
noise,enterprise_it,singapore,Murex Datamart Consultant,~luxoft information technology (singapore) pte. ltd.,,,https://www.mycareersfuture.gov.sg/job/information-technology/murex-datamart-consultant-luxoft-information-technology-2257c9cb6909c4a8c3db9df00b458655,mycareersfuture:singapore:2257c9cb6909c4a8c3db9df00b458655
noise,enterprise_it,singapore,Developer - IS-93294,~intellimaticz pte. ltd.,,,https://www.mycareersfuture.gov.sg/job/banking-finance/developer-is-93294-intellimaticz-d22fd08e8e49f9b928646cb54c51a771,mycareersfuture:singapore:d22fd08e8e49f9b928646cb54c51a771
noise,enterprise_it,singapore,Senior SAP Consultant,~infodrive solutions pte. ltd.,,,https://www.mycareersfuture.gov.sg/job/information-technology/senior-sap-consultant-infodrive-solutions-79ae0cc502d3d87a483a5f3dbfd57848,mycareersfuture:singapore:79ae0cc502d3d87a483a5f3dbfd57848
noise,enterprise_it,singapore,SAP Plant Maintenance Consultant,~u3 infotech pte. ltd.,,,https://www.mycareersfuture.gov.sg/job/consulting/sap-plant-maintenance-consultant-u3-infotech-8ae51bd4be5dc569ad3ab3499b21797e,mycareersfuture:singapore:8ae51bd4be5dc569ad3ab3499b21797e
noise,enterprise_it,singapore,Peoplesoft Developer,~avensys consulting pte. ltd.,,,https://www.mycareersfuture.gov.sg/job/information-technology/peoplesoft-developer-avensys-consulting-93eaa797b5b518dabfed1409a825018f,mycareersfuture:singapore:93eaa797b5b518dabfed1409a825018f
noise,enterprise_it,singapore,Peoplesoft Developer,~avensys consulting pte. ltd.,,,https://www.mycareersfuture.gov.sg/job/information-technology/peoplesoft-developer-avensys-consulting-a6812c2b87bb59576103d489b10c28a4,mycareersfuture:singapore:a6812c2b87bb59576103d489b10c28a4
noise,enterprise_it,singapore,Murex Finance Consultant #IJW,~recruit express pte ltd,,,https://www.mycareersfuture.gov.sg/job/information-technology/murex-finance-consultant-ijw-recruit-express-a137b8835e97cd5b3341e7def3066011,mycareersfuture:singapore:a137b8835e97cd5b3341e7def3066011
noise,enterprise_it,singapore,"Foundation Engineering, SDLC Java CI/CD Software Engineer, Associate, Singapore",~goldman sachs services (singapore) pte. ltd.,,,https://www.mycareersfuture.gov.sg/job/banking-finance/foundation-engineering-sdlc-java-cicd-software-engineer-associate-singapore-goldman-sachs-services-02bbdbbfb58703d70ff73a0aad4e9b6b,mycareersfuture:singapore:02bbdbbfb58703d70ff73a0aad4e9b6b
noise,enterprise_it,singapore,Cloud Platform Engineer,~scientec consulting pte. ltd.,,,https://www.mycareersfuture.gov.sg/job/information-technology/cloud-platform-engineer-scientec-consulting-d1972e26738935b557ad1a7c6afbf9fe,mycareersfuture:singapore:d1972e26738935b557ad1a7c6afbf9fe
noise,enterprise_it,stockholm,Systemförvaltare SimCorp Dimension till AP4,ap4.se,plausible,adjacent,https://ap4.se/karriar/lediga-tjanster/systemforvaltare-simcorp-dimension-till-ap4/,site:ap4:systemforvaltare-simcorp-dimension-till-ap4
noise,enterprise_it,singapore,System Analyst,~saksoft pte limited,,,https://www.mycareersfuture.gov.sg/job/information-technology/system-analyst-saksoft-861bbb5a256195b54c000cf55c396ec7,mycareersfuture:singapore:861bbb5a256195b54c000cf55c396ec7
noise,enterprise_it,singapore,Software Systems Analyst (Techno-Functional Role) (Murex: Front-to-back Trade Lifecycle),~d l resources pte ltd,,,https://www.mycareersfuture.gov.sg/job/banking-finance/software-systems-analyst-d-l-resources-216ce31aef163d04fca0bf2059fed240,mycareersfuture:singapore:216ce31aef163d04fca0bf2059fed240
noise,enterprise_it,stockholm,Senior Product Portfolio Analyst,~ifs,stretch,adjacent,https://jobbsafari.se/jobb/senior-product-portfolio-analyst-scsom-20508828,jobbsafari:sweden:20508828
noise,enterprise_it,singapore,Senior Offensive Security Consultant (AI Red Teaming),~stone cybersecurity pte. ltd.,,,https://www.mycareersfuture.gov.sg/job/information-technology/senior-offensive-security-consultant-stone-cybersecurity-abba247d4c91971c36d8a075f84ec366,mycareersfuture:singapore:abba247d4c91971c36d8a075f84ec366
noise,enterprise_it,singapore,Senior Murex MxML Developer  #IJW,~recruit express pte ltd,,,https://www.mycareersfuture.gov.sg/job/information-technology/senior-murex-mxml-developer-ijw-recruit-express-0a58e82dab329cfc68fd504f35b590e6,mycareersfuture:singapore:0a58e82dab329cfc68fd504f35b590e6
noise,enterprise_it,singapore,Senior Financials Functional Consultant,~workday singapore pte. ltd.,,,https://www.mycareersfuture.gov.sg/job/consulting/senior-financials-functional-consultant-workday-singapore-730047d7a46cd09d08dd863d0d9d90c9,mycareersfuture:singapore:730047d7a46cd09d08dd863d0d9d90c9
noise,enterprise_it,singapore,SAP PM Consultant,~flintex consulting pte. ltd.,,,https://www.mycareersfuture.gov.sg/job/information-technology/sap-pm-consultant-flintex-consulting-356a9ffb5086c404d7705907662f519e,mycareersfuture:singapore:356a9ffb5086c404d7705907662f519e
noise,enterprise_it,singapore,SAP FICO Consultant,~axxis technologies (s) pte. ltd.,,,https://www.mycareersfuture.gov.sg/job/consulting/sap-fico-consultant-axxis-technologies-6e7e3296a4ad72dcca4a971e57ce5500,mycareersfuture:singapore:6e7e3296a4ad72dcca4a971e57ce5500
noise,enterprise_it,singapore,SAP FICO Consultant,~axxis consulting (s) pte. ltd.,,,https://www.mycareersfuture.gov.sg/job/consulting/sap-fico-consultant-axxis-consulting-2a498b92592e53c7cb2c53e2c913ce10,mycareersfuture:singapore:2a498b92592e53c7cb2c53e2c913ce10
noise,enterprise_it,singapore,Platform Engineer,~schonfeld strategic advisors (singapore) pte. ltd.,,,https://www.mycareersfuture.gov.sg/job/engineering/platform-engineer-schonfeld-strategic-advisors-5c507222551c7fa5128c932caac1abbb,mycareersfuture:singapore:5c507222551c7fa5128c932caac1abbb
noise,enterprise_it,singapore,Murex STP Interface Developer,~optimum solutions (singapore) pte ltd,,,https://www.mycareersfuture.gov.sg/job/information-technology/murex-stp-interface-developer-optimum-solutions-4f1d920050ab74da309208a332a18289,mycareersfuture:singapore:4f1d920050ab74da309208a332a18289
noise,enterprise_it,singapore,Murex Environment Management Consultant #IJW,~recruit express pte ltd,,,https://www.mycareersfuture.gov.sg/job/information-technology/murex-environment-management-consultant-ijw-recruit-express-e2bdaaefb8cc828f46730ea26c194a79,mycareersfuture:singapore:e2bdaaefb8cc828f46730ea26c194a79
noise,enterprise_it,singapore,Investment Data Analyst,~tech mahindra limited (singapore branch),,,https://www.mycareersfuture.gov.sg/job/information-technology/investment-data-analyst-tech-mahindra-2ce6ae587ae1cc0f4bed86dce3905d2f,mycareersfuture:singapore:2ce6ae587ae1cc0f4bed86dce3905d2f
noise,enterprise_it,singapore,FullStack Developer,~kg information systems pte. ltd.,,,https://www.mycareersfuture.gov.sg/job/information-technology/fullstack-developer-kg-information-systems-d56fd2fc97828bd97785beb27e5c31f3,mycareersfuture:singapore:d56fd2fc97828bd97785beb27e5c31f3
noise,enterprise_it,singapore,ESG Data Analyst – APAC,~tech mahindra limited (singapore branch),,,https://www.mycareersfuture.gov.sg/job/information-technology/esg-data-analyst-%E2%80%93-apac-tech-mahindra-a128110cf3e505270ec1dfc469050ef3,mycareersfuture:singapore:a128110cf3e505270ec1dfc469050ef3
noise,enterprise_it,singapore,Data Analyst,~tech mahindra limited (singapore branch),,,https://www.mycareersfuture.gov.sg/job/information-technology/data-analyst-tech-mahindra-3ba68d4dcedb4cc385b8966b098b9f6e,mycareersfuture:singapore:3ba68d4dcedb4cc385b8966b098b9f6e
noise,enterprise_it,singapore,"Capital Markets Domain Expert, AI Engineer",~encora technologies pte. ltd.,plausible,adjacent,https://www.mycareersfuture.gov.sg/job/information-technology/capital-markets-domain-expert-ai-engineer-encora-technologies-0ab33cebc32ccf9a8ffc874d47d79c36,mycareersfuture:singapore:0ab33cebc32ccf9a8ffc874d47d79c36
noise,enterprise_it,singapore,Campus Systems Engineer (Intern),jumptrading.com,,,https://www.jumptrading.com/hr/job?gh_jid=8027952,greenhouse:jumptrading:8027952
noise,enterprise_it,singapore,Campus Python Software Engineer (Intern),jumptrading.com,,,https://www.jumptrading.com/hr/job?gh_jid=8027955,greenhouse:jumptrading:8027955
noise,enterprise_it,singapore,Campus C++ Software Engineer (Intern),jumptrading.com,,,https://www.jumptrading.com/hr/job?gh_jid=8027946,greenhouse:jumptrading:8027946
noise,enterprise_it,singapore,"Analyst, Investor Applications",~brookfield singapore pte. ltd.,,,https://www.mycareersfuture.gov.sg/job/information-technology/analyst-investor-applications-brookfield-singapore-0977f77bfe16361136ad2d2e69e2c84b,mycareersfuture:singapore:0977f77bfe16361136ad2d2e69e2c84b
noise,enterprise_it,singapore,Systems Engineer | Production Engineering (Weekend Warrior),jumptrading.com,,,https://www.jumptrading.com/hr/job?gh_jid=6250379,greenhouse:jumptrading:6250379
noise,enterprise_it,singapore,Software Developer,~we-plus pte. ltd.,,,https://www.mycareersfuture.gov.sg/job/banking-finance/software-developer-we-plus-c5d39c877a888c0af08743c78c174d80,mycareersfuture:singapore:c5d39c877a888c0af08743c78c174d80
noise,enterprise_it,singapore,Peoplesoft Developer,~basil technologies pte. ltd.,,,https://www.mycareersfuture.gov.sg/job/information-technology/peoplesoft-developer-basil-technologies-765bf5a0e8e741724094f224e97af631,mycareersfuture:singapore:765bf5a0e8e741724094f224e97af631
noise,enterprise_it,singapore,Peoplesoft Developer,~kris infotech pte. ltd.,,,https://www.mycareersfuture.gov.sg/job/information-technology/peoplesoft-developer-kris-infotech-7138f9ca531c86d8494edc25267a1189,mycareersfuture:singapore:7138f9ca531c86d8494edc25267a1189
noise,enterprise_it,singapore,Outsystems Developer,~activants pte ltd,,,https://www.mycareersfuture.gov.sg/job/information-technology/outsystems-developer-activants-521e5d5b89e215cfa62ad7167895ac1f,mycareersfuture:singapore:521e5d5b89e215cfa62ad7167895ac1f
noise,enterprise_it,singapore,Murex System Analyst,~viseo asia pte. ltd.,,,https://www.mycareersfuture.gov.sg/job/information-technology/murex-system-analyst-viseo-asia-7cc312be5c4d7fd3fbf9238203082777,mycareersfuture:singapore:7cc312be5c4d7fd3fbf9238203082777
noise,enterprise_it,singapore,Murex Market Risk Developer,~viseo asia pte. ltd.,stretch,adjacent,https://www.mycareersfuture.gov.sg/job/information-technology/murex-market-risk-developer-viseo-asia-a322964a85c079142bd06f6590f0ecfe,mycareersfuture:singapore:a322964a85c079142bd06f6590f0ecfe
noise,enterprise_it,singapore,Murex Finance IT Consultant #IJW,~recruit express pte ltd,,,https://www.mycareersfuture.gov.sg/job/information-technology/murex-finance-consultant-ijw-recruit-express-b8a8048d84cbae391dc5a11e60d56c75,mycareersfuture:singapore:b8a8048d84cbae391dc5a11e60d56c75
noise,enterprise_it,singapore,Murex Finance Consultant #IJW,~recruit express pte ltd,,,https://www.mycareersfuture.gov.sg/job/information-technology/murex-finance-consultant-ijw-recruit-express-c861ea4d06153f7f94239b5488f12da7,mycareersfuture:singapore:c861ea4d06153f7f94239b5488f12da7
noise,enterprise_it,singapore,Murex Credit Risk System Analyst,~viseo asia pte. ltd.,plausible,less_relevant,https://www.mycareersfuture.gov.sg/job/information-technology/murex-credit-risk-system-analyst-viseo-asia-5b232e27d7c5c1f0abb3f6ca6f354b9e,mycareersfuture:singapore:5b232e27d7c5c1f0abb3f6ca6f354b9e
noise,enterprise_it,singapore,Business Analyst,~simplifynext pte. ltd.,,,https://www.mycareersfuture.gov.sg/job/consulting/business-analyst-simplifynext-decb442b6e7b33e3b06424d60ced122a,mycareersfuture:singapore:decb442b6e7b33e3b06424d60ced122a
noise,enterprise_it,singapore,Avaloq Business Analyst,~avensys consulting pte. ltd.,,,https://www.mycareersfuture.gov.sg/job/information-technology/avaloq-business-analyst-avensys-consulting-dc94d403045b9fd962f2c54bfed34fe4,mycareersfuture:singapore:dc94d403045b9fd962f2c54bfed34fe4
noise,enterprise_it,singapore,Aladdin Implementation Business Analyst,~invartis consulting pte. ltd.,,,https://www.mycareersfuture.gov.sg/job/banking-finance/aladdin-implementation-business-analyst-invartis-consulting-56375441c4e6ae5eecd6baee574e835b,mycareersfuture:singapore:56375441c4e6ae5eecd6baee574e835b
noise,enterprise_it,hong kong,"TA Senior Associate, Hong Kong",advent.com,,,https://wd1.myworkdaysite.com/en-US/SSCTechnologies/job/Hong-Kong-Hong-Kong/TA-Senior-Associate--Hong-Kong_R45592,workday:ssctech|wd1|SSCTechnologies|myworkdaysite.com:/job/Hong-Kong-Hong-Kong/TA-Senior-Associate--Hong-Kong_R45592
noise,enterprise_it,singapore,Enterprise Data Modeller- Banking,~ambition group singapore pte. ltd.,,,https://www.mycareersfuture.gov.sg/job/accounting/enterprise-data-modeller-banking-ambition-group-singapore-d24f293e9375c5a53de4f189b9a692ae,mycareersfuture:singapore:d24f293e9375c5a53de4f189b9a692ae
noise,enterprise_it,hong kong,"Associate, Information Technology Audit",hkexgroup.com,,,https://hkex.wd3.myworkdayjobs.com/en-US/HKEXCareerPage/job/HK-TWO-ES-9F/Associate--Information-Technology-Audit_R003032,workday:hkex|wd3|HKEXCareerPage:/job/HK-TWO-ES-9F/Associate--Information-Technology-Audit_R003032
noise,enterprise_it,singapore,"Analyst, Investor Applications",brookfield.com,,,https://brookfield.wd5.myworkdayjobs.com/en-US/brookfield/job/Singapore/Senior-Analyst--Application-Support_R2046810,workday:brookfield|wd5|brookfield:/job/Singapore/Senior-Analyst--Application-Support_R2046810
noise,enterprise_it,singapore,Senior Murex Technical Consultant,~da software pte. ltd.,,,https://www.mycareersfuture.gov.sg/job/information-technology/senior-murex-technical-consultant-da-software-78cd7a230dbe9d6fa7f895e5d61fb238,mycareersfuture:singapore:78cd7a230dbe9d6fa7f895e5d61fb238
noise,enterprise_it,singapore,Product Integration Developer (1 Year - Contract),~quant systems pte. ltd.,,,https://www.mycareersfuture.gov.sg/job/information-technology/product-integration-developer-quant-systems-e0f49e74736a6d99454bc1ed3904037b,mycareersfuture:singapore:e0f49e74736a6d99454bc1ed3904037b
noise,enterprise_it,singapore,Product Engineer (1 Year - Contract),~quant systems pte. ltd.,,,https://www.mycareersfuture.gov.sg/job/information-technology/product-engineer-quant-systems-f4532f01fffee802c725bdb7d2d24d6a,mycareersfuture:singapore:f4532f01fffee802c725bdb7d2d24d6a
noise,enterprise_it,singapore,OFSAA Functional Consultant (PFT/ FTP),~apba tg human resource pte. ltd.,,,https://www.mycareersfuture.gov.sg/job/information-technology/ofsaa-functional-consultant-apba-tg-human-resource-f32e646548f4b24cdd4a8b7597e6b602,mycareersfuture:singapore:f32e646548f4b24cdd4a8b7597e6b602
noise,enterprise_it,singapore,Data Platform & Reliability Engineer,~singapore exchange limited,,,https://www.mycareersfuture.gov.sg/job/engineering/data-platform-reliability-engineer-singapore-exchange-0ffcadd783fdae3904d138536e01e901,mycareersfuture:singapore:0ffcadd783fdae3904d138536e01e901
noise,enterprise_it,singapore,Business Technology Support - Global Markets IT,~icbc standard bank plc singapore branch,stretch,adjacent,https://www.mycareersfuture.gov.sg/job/others/business-technology-support-global-markets-icbc-standard-bank-plc-singapore-branch-88cca1ae97d705fbb4c388705fa03e38,mycareersfuture:singapore:88cca1ae97d705fbb4c388705fa03e38
noise,enterprise_it,singapore,Avaloq Business Analyst,~adecco personnel pte ltd,,,https://www.mycareersfuture.gov.sg/job/information-technology/avaloq-business-analyst-adecco-personnel-530e8512a38f45f536a61d4ae899449e,mycareersfuture:singapore:530e8512a38f45f536a61d4ae899449e
noise,enterprise_it,singapore,Associate Support Engineer,~dzh international pte. ltd.,,,https://www.mycareersfuture.gov.sg/job/information-technology/associate-support-engineer-dzh-international-4605678da2986fcd42410296a7498808,mycareersfuture:singapore:4605678da2986fcd42410296a7498808
noise,enterprise_it,singapore,Application Developer,~unison consulting pte. ltd.,,,https://www.mycareersfuture.gov.sg/job/information-technology/application-developer-unison-consulting-a2706b0c23e143a090a06898f777239c,mycareersfuture:singapore:a2706b0c23e143a090a06898f777239c
noise,enterprise_it,singapore,Application Developer,~jeet analytics pte. ltd.,,,https://www.mycareersfuture.gov.sg/job/information-technology/application-developer-jeet-analytics-edddcc1bc5dff72dfae6e832cc7de8fe,mycareersfuture:singapore:edddcc1bc5dff72dfae6e832cc7de8fe
noise,enterprise_it,singapore,Application Developer,~riskdata consulting pte. ltd.,,,https://www.mycareersfuture.gov.sg/job/information-technology/application-developer-riskdata-consulting-a2cbefa5f62c64d7b4f35410dbac98d1,mycareersfuture:singapore:a2cbefa5f62c64d7b4f35410dbac98d1
noise,enterprise_it,singapore,Application Developer,~regtech insight pte. ltd.,,,https://www.mycareersfuture.gov.sg/job/information-technology/application-developer-regtech-insight-83b83d7c6cadfbca94194b74bd80b167,mycareersfuture:singapore:83b83d7c6cadfbca94194b74bd80b167
noise,enterprise_it,singapore,Application Developer,~uarrow pte. ltd.,,,https://www.mycareersfuture.gov.sg/job/information-technology/application-developer-uarrow-ee31a381b72982cd86dea8ba3e3151db,mycareersfuture:singapore:ee31a381b72982cd86dea8ba3e3151db
noise,enterprise_it,singapore,UAT Software Quality Analyst - Wholesale Banking,~d l resources pte ltd,,,https://www.mycareersfuture.gov.sg/job/banking-finance/uat-software-quality-analyst-wholesale-banking-d-l-resources-1a66ae93d98f8206ef940ebc741d1d36,mycareersfuture:singapore:1a66ae93d98f8206ef940ebc741d1d36
noise,enterprise_it,singapore,T2 Functional Consultant,~mmt global technologies pte. ltd.,,,https://www.mycareersfuture.gov.sg/job/information-technology/t2-functional-consultant-mmt-global-technologies-871bda8ac2e157b621bd9e725c6e1d49,mycareersfuture:singapore:871bda8ac2e157b621bd9e725c6e1d49
noise,enterprise_it,singapore,Software Test Analyst (Banking / Fresh Graduate Welcome) - CBD or North-East,~d l resources pte ltd,,,https://www.mycareersfuture.gov.sg/job/banking-finance/software-test-analyst-cbd-north-east-d-l-resources-5190ef1d7788c7b1ea7fec965cead28f,mycareersfuture:singapore:5190ef1d7788c7b1ea7fec965cead28f
noise,enterprise_it,singapore,Senior Data Engineer,~purview asia pacific pte. ltd.,,,https://www.mycareersfuture.gov.sg/job/information-technology/senior-data-engineer-purview-asia-pacific-c05ddb65724954259ce44fdc50c822ca,mycareersfuture:singapore:c05ddb65724954259ce44fdc50c822ca
noise,enterprise_it,singapore,SEIBI Markets Front Office,~infogain technologies pte. ltd.,stretch,adjacent,https://www.mycareersfuture.gov.sg/job/banking-finance/seibi-markets-front-office-infogain-technologies-0844153fc11a60afabae4b8a12a9c6d4,mycareersfuture:singapore:0844153fc11a60afabae4b8a12a9c6d4
noise,enterprise_it,singapore,Murex Trading Consultant,~viseo asia pte. ltd.,plausible,adjacent,https://www.mycareersfuture.gov.sg/job/information-technology/murex-trading-consultant-viseo-asia-7aa1d77cfaaee7333bd9e2ef0d8165ec,mycareersfuture:singapore:7aa1d77cfaaee7333bd9e2ef0d8165ec
noise,enterprise_it,singapore,MXML Developer,~aurionpro market systems pte. ltd.,,,https://www.mycareersfuture.gov.sg/job/information-technology/mxml-developer-aurionpro-market-systems-6223c45a73493f2d26b62e0a99ffa38a,mycareersfuture:singapore:6223c45a73493f2d26b62e0a99ffa38a
noise,enterprise_it,singapore,Systems Engineer,~trayport pte. limited,,,https://www.mycareersfuture.gov.sg/job/information-technology/systems-engineer-trayport-4b7464c1005ad8c009362ffbe9bb7611,mycareersfuture:singapore:4b7464c1005ad8c009362ffbe9bb7611
noise,enterprise_it,singapore,Information Technology Consultant,~persol singapore pte. ltd.,,,https://www.mycareersfuture.gov.sg/job/information-technology/information-technology-consultant-persol-singapore-eae7c759cd92eedab5e8f68664800996,mycareersfuture:singapore:eae7c759cd92eedab5e8f68664800996
noise,enterprise_it,singapore,Client Delivery Consultant – Nasdaq AxiomSL,~nasdaq singapore pte. ltd.,,,https://www.mycareersfuture.gov.sg/job/banking-finance/client-delivery-consultant-%E2%80%93-nasdaq-axiomsl-nasdaq-singapore-4593ac789180364e68761d9a3c3b48ef,mycareersfuture:singapore:4593ac789180364e68761d9a3c3b48ef
noise,enterprise_it,singapore,Business Analyst (Pega) (JD#11264),~sciente international pte. ltd.,,,https://www.mycareersfuture.gov.sg/job/information-technology/business-analyst-sciente-international-a607a084a00d59a6ae488fe215f4fc38,mycareersfuture:singapore:a607a084a00d59a6ae488fe215f4fc38
noise,enterprise_it,singapore,Business Analyst (IT),~activants pte ltd,,,https://www.mycareersfuture.gov.sg/job/information-technology/business-analyst-activants-c40449751ac68f14ad9a36a39ab5142d,mycareersfuture:singapore:c40449751ac68f14ad9a36a39ab5142d
noise,enterprise_it,singapore,Technical Analyst - PEGA (Contract),~tangspac consulting pte ltd,,,https://www.mycareersfuture.gov.sg/job/information-technology/technical-analyst-pega-tangspac-consulting-bc04b008496553ceb76aafe51348a475,mycareersfuture:singapore:bc04b008496553ceb76aafe51348a475
noise,enterprise_it,singapore,"Software Engineer ( Temenos, Digital Channels, Java, Spring Boot, Microservices, Banking, TAP, TCMB, Azure)",~evyonic solutions pte. ltd.,,,https://www.mycareersfuture.gov.sg/job/information-technology/software-engineer-evyonic-solutions-2d230c4d39bc1716766aee6ac9c05272,mycareersfuture:singapore:2d230c4d39bc1716766aee6ac9c05272
noise,enterprise_it,singapore,SAP PM Consultant,~flintex consulting pte. ltd.,,,https://www.mycareersfuture.gov.sg/job/information-technology/sap-pm-consultant-flintex-consulting-77dcebca85a61805a0e4653873e4e5eb,mycareersfuture:singapore:77dcebca85a61805a0e4653873e4e5eb
noise,enterprise_it,singapore,Business System Analyst (Contract),~persol singapore pte. ltd.,,,https://www.mycareersfuture.gov.sg/job/information-technology/business-system-analyst-persol-singapore-b31aa690dc560e1002778100497d95a7,mycareersfuture:singapore:b31aa690dc560e1002778100497d95a7
noise,enterprise_it,stockholm,Application Specialist  Microsoft Dynamics 365 (Junior),~co-worker technology sweden ab,,,https://arbetsformedlingen.se/platsbanken/annonser/31331284,jobtech:jobstream:31331284
noise,enterprise_it,singapore,"Staff Software Engineer, Tech Platform",~airwallex (singapore) pte. ltd.,,,https://www.mycareersfuture.gov.sg/job/engineering/staff-software-engineer-tech-platform-airwallex-d5129430d57ae53632151c2d7f9b244e,mycareersfuture:singapore:d5129430d57ae53632151c2d7f9b244e
noise,enterprise_it,singapore,"Staff Software Engineer, Risk",~airwallex (singapore) pte. ltd.,,,https://www.mycareersfuture.gov.sg/job/engineering/staff-software-engineer-risk-airwallex-6e60d60d44d49749060d0fb64ee14124,mycareersfuture:singapore:6e60d60d44d49749060d0fb64ee14124
noise,enterprise_it,singapore,Software Engineer – Platform Reliability (C++/Java/Python),~epam systems pte. ltd.,,,https://www.mycareersfuture.gov.sg/job/information-technology/software-engineer-%E2%80%93-platform-reliability-epam-systems-063fc5557b8406395e7823d569cdb7e3,mycareersfuture:singapore:063fc5557b8406395e7823d569cdb7e3
noise,enterprise_it,singapore,Software Engineer,~combuilder pte ltd,,,https://www.mycareersfuture.gov.sg/job/information-technology/software-engineer-combuilder-831d6a051b0bc05e27a08de1dfc26093,mycareersfuture:singapore:831d6a051b0bc05e27a08de1dfc26093
noise,enterprise_it,singapore,Software Engineer,~unizen technologies pte. ltd.,,,https://www.mycareersfuture.gov.sg/job/information-technology/software-engineer-unizen-technologies-61e57f105d149091e31eb473931dbe21,mycareersfuture:singapore:61e57f105d149091e31eb473931dbe21
noise,enterprise_it,singapore,Process Analyst (Banking / Process Digitalisation),~iotalents pte. ltd.,,,https://www.mycareersfuture.gov.sg/job/banking-finance/process-analyst-iotalents-9cdeadf01b675e45470cdc9d1a59ff38,mycareersfuture:singapore:9cdeadf01b675e45470cdc9d1a59ff38
noise,enterprise_it,singapore,Functional Consultant – Robotic Process Automation (RPA) | Core Banking & Wealth Management,~persol singapore pte. ltd.,stretch,adjacent,https://www.mycareersfuture.gov.sg/job/information-technology/functional-consultant-%E2%80%93-robotic-process-automation-core-banking-wealth-management-persol-singapore-4caa180bbbbd2b4bcc2b165b56cf199a,mycareersfuture:singapore:4caa180bbbbd2b4bcc2b165b56cf199a
noise,enterprise_it,hong kong singapore new york deprioritized,Trading Infrastructure Specialist – Graduate Programme,squarepoint-capital.com,plausible,adjacent,https://www.squarepoint-capital.com/open-opportunities?id=7757021&gh_jid=7757021,greenhouse:squarepointcapital:7757021
noise,enterprise_it,singapore new york us other deprioritized,Trading Applications Specialist,squarepoint-capital.com,stretch,adjacent,https://www.squarepoint-capital.com/open-opportunities?id=6099883&gh_jid=6099883,greenhouse:squarepointcapital:6099883
noise,enterprise_it,singapore us other deprioritized,Trade Flow Support - Trading Infrastructure Support,squarepoint-capital.com,stretch,adjacent,https://www.squarepoint-capital.com/open-opportunities?id=6420505&gh_jid=6420505,greenhouse:squarepointcapital:6420505
noise,enterprise_it,singapore deprioritized,Software Developer - Risk Reliability,squarepoint-capital.com,,,https://www.squarepoint-capital.com/open-opportunities?id=5384579&gh_jid=5384579,greenhouse:squarepointcapital:5384579
noise,enterprise_it,hong kong,"Sr. Support Analyst, Sales & Research, IT",clsa.com,,,https://citicclsa.wd3.myworkdayjobs.com/en-US/External/job/Hong-Kong/Sr-Support-Analyst--Sales---Research--IT_JR003186,workday:citicclsa|wd3|External:/job/Hong-Kong/Sr-Support-Analyst--Sales---Research--IT_JR003186
noise,enterprise_it,hong kong,"Sr. Business Analyst, Trading Applications Back End, IT",clsa.com,plausible,adjacent,https://citicclsa.wd3.myworkdayjobs.com/en-US/External/job/Hong-Kong/Sr-Business-Analyst--Trading-Applications-Back-End--IT_JR003187,workday:citicclsa|wd3|External:/job/Hong-Kong/Sr-Business-Analyst--Trading-Applications-Back-End--IT_JR003187
noise,enterprise_it,singapore,Senior Windows Platform Engineer - Financial Services - J13060,~pinpoint asia infotech pte. ltd.,,,https://www.mycareersfuture.gov.sg/job/information-technology/senior-windows-platform-engineer-financial-services-j13060-pinpoint-asia-infotech-7c899887205af8384b0ce391f24caebb,mycareersfuture:singapore:7c899887205af8384b0ce391f24caebb
noise,enterprise_it,hong kong,Senior Incident Response Analyst,computershare.com,,,https://fa-evdq-saasfaprod1.fa.ocs.oraclecloud.com/hcmUI/CandidateExperience/en/sites/computersharecareers/job/12539,oracle_hcm:fa-evdq-saasfaprod1.fa.ocs.oraclecloud.com|computersharecareers:12539
noise,enterprise_it,singapore deprioritized,Junior Software Developer (C++),squarepoint-capital.com,,,https://www.squarepoint-capital.com/open-opportunities?id=6040731&gh_jid=6040731,greenhouse:squarepointcapital:6040731
noise,enterprise_it,hong kong new york us other deprioritized,Graduate Trading Applications Specialist,squarepoint-capital.com,plausible,adjacent,https://www.squarepoint-capital.com/open-opportunities?id=6100081&gh_jid=6100081,greenhouse:squarepointcapital:6100081
noise,enterprise_it,singapore,Developer,~encora technologies pte. ltd.,,,https://www.mycareersfuture.gov.sg/job/information-technology/developer-encora-technologies-648ea7e26aba6e77cdd3462c4422da53,mycareersfuture:singapore:648ea7e26aba6e77cdd3462c4422da53
noise,enterprise_it,singapore,Data SME,~kris infotech pte. ltd.,,,https://www.mycareersfuture.gov.sg/job/information-technology/data-sme-kris-infotech-26b41322ad45e3b11a9f5e1b919b785c,mycareersfuture:singapore:26b41322ad45e3b11a9f5e1b919b785c
noise,enterprise_it,singapore,Actimize Developer,~vui systems pte. ltd.,,,https://www.mycareersfuture.gov.sg/job/information-technology/actimize-developer-vui-systems-04f6489bebbbc00f2cce6bd4085b12d8,mycareersfuture:singapore:04f6489bebbbc00f2cce6bd4085b12d8
noise,enterprise_it,singapore,Techno functional Consultant -  Evooq Wealth Platform,~optimum solutions (singapore) pte ltd,,,https://www.mycareersfuture.gov.sg/job/information-technology/techno-functional-consultant-evooq-wealth-platform-optimum-solutions-cbd0a9fa35b4421017e4decaaac6cf64,mycareersfuture:singapore:cbd0a9fa35b4421017e4decaaac6cf64
noise,enterprise_it,hong kong singapore,Senior Network Engineer,dvtrading.co,,,https://job-boards.greenhouse.io/dvtrading/jobs/4708797005,greenhouse:dvtrading:4708797005
noise,enterprise_it,singapore,Senior Java Developer,~u3 infotech pte. ltd.,,,https://www.mycareersfuture.gov.sg/job/information-technology/senior-java-developer-u3-infotech-40ebce4b7825e15e291a1d22578b11d4,mycareersfuture:singapore:40ebce4b7825e15e291a1d22578b11d4
noise,enterprise_it,singapore,Senior Business System Analyst- Contract Role,~quess engineering pte. ltd.,,,https://www.mycareersfuture.gov.sg/job/information-technology/senior-business-system-analyst-contract-role-quess-engineering-4ac219add5bc6eab01a5ee11320c4a6d,mycareersfuture:singapore:4ac219add5bc6eab01a5ee11320c4a6d
noise,enterprise_it,singapore,Developer,~saksoft pte limited,,,https://www.mycareersfuture.gov.sg/job/information-technology/developer-saksoft-b18e5aa55238eb1d6ce58f2a14585c55,mycareersfuture:singapore:b18e5aa55238eb1d6ce58f2a14585c55
noise,enterprise_it,singapore,System Analyst,~jeet analytics pte. ltd.,,,https://www.mycareersfuture.gov.sg/job/information-technology/system-analyst-jeet-analytics-9df6c0ccfb2f687fa2d3933d0d119d50,mycareersfuture:singapore:9df6c0ccfb2f687fa2d3933d0d119d50
noise,enterprise_it,singapore,Software Developer,~apar technologies pte. ltd.,,,https://www.mycareersfuture.gov.sg/job/information-technology/software-developer-apar-technologies-fe100699f471f2c801e7111483341a83,mycareersfuture:singapore:fe100699f471f2c801e7111483341a83
noise,enterprise_it,singapore,Senior Software Engineer,~att digiverse pte. ltd.,,,https://www.mycareersfuture.gov.sg/job/engineering/senior-software-engineer-att-digiverse-d028c4afa0218d4d9c93b7a8eaddf5a8,mycareersfuture:singapore:d028c4afa0218d4d9c93b7a8eaddf5a8
noise,enterprise_it,singapore,Senior Big Data Developer,~apar technologies pte. ltd.,,,https://www.mycareersfuture.gov.sg/job/information-technology/senior-big-data-developer-apar-technologies-6199a4f4236b015ee24e35f94931dc2b,mycareersfuture:singapore:6199a4f4236b015ee24e35f94931dc2b
noise,enterprise_it,singapore,SAP Analyst (FICO),~aramco trading singapore pte. ltd.,,,https://www.mycareersfuture.gov.sg/job/information-technology/sap-analyst-aramco-trading-singapore-def22a243455c10aac1c0dd3a24fdbe9,mycareersfuture:singapore:def22a243455c10aac1c0dd3a24fdbe9
noise,enterprise_it,singapore,C++ Low-Latency Engineer,~allegis group singapore private limited,plausible,less_relevant,https://www.mycareersfuture.gov.sg/job/information-technology/c-low-latency-engineer-allegis-group-singapore-e2767e63d85d9edef5f1d4fc71f36040,mycareersfuture:singapore:e2767e63d85d9edef5f1d4fc71f36040
noise,enterprise_it,singapore,System Analyst,~v-elegant pte. ltd.,,,https://www.mycareersfuture.gov.sg/job/engineering/system-analyst-v-elegant-4262be14b34f4ac44f01a524ae4608ce,mycareersfuture:singapore:4262be14b34f4ac44f01a524ae4608ce
noise,enterprise_it,singapore,Senior Performance QA Engineer,~allegis group singapore private limited,,,https://www.mycareersfuture.gov.sg/job/information-technology/senior-performance-qa-engineer-allegis-group-singapore-e6defec4135cd825009a797d8ac4ab01,mycareersfuture:singapore:e6defec4135cd825009a797d8ac4ab01
noise,enterprise_it,singapore,"Junior Business Analyst (Microsoft Azure, SQL Databases) SW228",~pasona singapore pte. ltd.,,,https://www.mycareersfuture.gov.sg/job/consulting/junior-business-analyst-sw228-pasona-singapore-57185447cc7a317faef2544936facf08,mycareersfuture:singapore:57185447cc7a317faef2544936facf08
noise,enterprise_it,singapore,Business Analyst,~persol singapore pte. ltd.,,,https://www.mycareersfuture.gov.sg/job/information-technology/business-analyst-persol-singapore-c8b84096df92fa6f490f121a4cd62bb8,mycareersfuture:singapore:c8b84096df92fa6f490f121a4cd62bb8
noise,enterprise_it,singapore,.Net developer,~ambition group singapore pte. ltd.,,,https://www.mycareersfuture.gov.sg/job/consulting/net-developer-ambition-group-singapore-bb0c2ed1efa28ec8947ff4392658ee3d,mycareersfuture:singapore:bb0c2ed1efa28ec8947ff4392658ee3d
noise,enterprise_it,singapore,"Urgent!!! Application Support Analyst (Front-office, E-trading Platform, Linux)",~trust recruit pte. ltd.,plausible,adjacent,https://www.mycareersfuture.gov.sg/job/information-technology/urgent-application-support-analyst-trust-recruit-a040cce031a696c4fe2be07788fd34aa,mycareersfuture:singapore:a040cce031a696c4fe2be07788fd34aa
noise,enterprise_it,singapore,Senior Network Analyst,~agpg asia pte. ltd.,,,https://www.mycareersfuture.gov.sg/job/others/senior-network-analyst-agpg-asia-384aaf0c72062bac9ac5cb83ddee9731,mycareersfuture:singapore:384aaf0c72062bac9ac5cb83ddee9731
noise,enterprise_it,singapore,java developer - fsi - 12k,~randstad pte. limited,,,https://www.mycareersfuture.gov.sg/job/information-technology/java-developer-fsi-12k-randstad-def312f1d1e7e363a391fca03768e55a,mycareersfuture:singapore:def312f1d1e7e363a391fca03768e55a
noise,enterprise_it,singapore,Production Support Analyst (L2/L3),~allegis group singapore private limited,,,https://www.mycareersfuture.gov.sg/job/banking-finance/production-support-analyst-allegis-group-singapore-6cb957ce0f8a0b7493529d78be5eb7a7,mycareersfuture:singapore:6cb957ce0f8a0b7493529d78be5eb7a7
noise,enterprise_it,singapore,System Analyst,~saksoft pte limited,,,https://www.mycareersfuture.gov.sg/job/information-technology/system-analyst-saksoft-b238bbf4c864f76c78a43db48df87cc3,mycareersfuture:singapore:b238bbf4c864f76c78a43db48df87cc3
noise,enterprise_it,singapore,Murex Collateral Analyst,~aurionpro market systems pte. ltd.,plausible,adjacent,https://www.mycareersfuture.gov.sg/job/information-technology/murex-collateral-analyst-aurionpro-market-systems-b0f72172c26462194d27d7c1a9561c5b,mycareersfuture:singapore:b0f72172c26462194d27d7c1a9561c5b
noise,enterprise_it,singapore,Junior IT Business / Capacity Analyst (Business Presentation / Powerpoint Slides / Banking),~smart information management systems private limited,,,https://www.mycareersfuture.gov.sg/job/banking-finance/junior-business-capacity-analyst-smart-information-management-systems-662cedd19bc2b50d217104148d84a978,mycareersfuture:singapore:662cedd19bc2b50d217104148d84a978
noise,enterprise_it,singapore,IT Asset and Knowledge Management Consultant (On prem/Cloud),~persol singapore pte. ltd.,,,https://www.mycareersfuture.gov.sg/job/information-technology/asset-knowledge-management-consultant-persol-singapore-ecb77866de9f5163a6e44edc76e7cd87,mycareersfuture:singapore:ecb77866de9f5163a6e44edc76e7cd87
noise,enterprise_it,singapore,Developer (Banking Project)_Contract Renewable,~ntt singapore pte. ltd.,,,https://www.mycareersfuture.gov.sg/job/information-technology/developer-contract-renewable-ntt-singapore-87330ce43943c77a99d69cedd844e8ad,mycareersfuture:singapore:87330ce43943c77a99d69cedd844e8ad
noise,enterprise_it,singapore,Business Analyst – FX,~consulguru pte. ltd.,,,https://www.mycareersfuture.gov.sg/job/information-technology/business-analyst-%E2%80%93-fx-consulguru-bde509170dc8def9883d9c7d04467a5e,mycareersfuture:singapore:bde509170dc8def9883d9c7d04467a5e
noise,enterprise_it,hong kong,Systems Analyst - Associate - Post-trade Systems - IT - 12 months contract,hkexgroup.com,plausible,adjacent,https://hkex.wd3.myworkdayjobs.com/en-US/HKEXCareerPage/job/HK-TKO-5F/Systems-Analyst---Associate---Post-trade-Systems---IT---12-months-contract_R003918,workday:hkex|wd3|HKEXCareerPage:/job/HK-TKO-5F/Systems-Analyst---Associate---Post-trade-Systems---IT---12-months-contract_R003918
noise,enterprise_it,hong kong,Systems Analyst - Associate - Post-trade Systems,hkexgroup.com,plausible,adjacent,https://hkex.wd3.myworkdayjobs.com/en-US/HKEXCareerPage/job/HK-TKO-5F/Systems-Analyst---Associate---Post-trade-Systems_R003919,workday:hkex|wd3|HKEXCareerPage:/job/HK-TKO-5F/Systems-Analyst---Associate---Post-trade-Systems_R003919
noise,enterprise_it,singapore,System Analyst,~almr business consulting group pte. ltd.,,,https://www.mycareersfuture.gov.sg/job/information-technology/system-analyst-almr-business-consulting-group-162cc60d1c9669b5c3f686d9e4f81944,mycareersfuture:singapore:162cc60d1c9669b5c3f686d9e4f81944
noise,enterprise_it,hong kong,"Support Analyst, End User Services, IT",clsa.com,,,https://citicclsa.wd3.myworkdayjobs.com/en-US/External/job/Hong-Kong/Support-Analyst--End-User-Services--IT_JR002898,workday:citicclsa|wd3|External:/job/Hong-Kong/Support-Analyst--End-User-Services--IT_JR002898
noise,enterprise_it,hong kong,"Sr. Support Analyst, FIX Connectivity, IT",clsa.com,,,https://citicclsa.wd3.myworkdayjobs.com/en-US/External/job/Hong-Kong/Sr-Manager--Data-Centre-Facilities--IT_JR001845-7,workday:citicclsa|wd3|External:/job/Hong-Kong/Sr-Manager--Data-Centre-Facilities--IT_JR001845-7
noise,enterprise_it,hong kong,"Sr. Support Analyst, FICC & EQD Applications, IT",clsa.com,stretch,adjacent,https://citicclsa.wd3.myworkdayjobs.com/en-US/External/job/Hong-Kong/Sr-Support-Analyst--FICC---EQD-Applications--IT_JR001610-7,workday:citicclsa|wd3|External:/job/Hong-Kong/Sr-Support-Analyst--FICC---EQD-Applications--IT_JR001610-7
noise,enterprise_it,hong kong,"Sr. Support Analyst, End User Services, IT",clsa.com,,,https://citicclsa.wd3.myworkdayjobs.com/en-US/External/job/Hong-Kong/Sr-Support-Analyst--End-User-Services--IT_JR003109,workday:citicclsa|wd3|External:/job/Hong-Kong/Sr-Support-Analyst--End-User-Services--IT_JR003109
noise,enterprise_it,hong kong,"Sr. Support Analyst, Asset Management IT, IT",clsa.com,plausible,adjacent,https://citicclsa.wd3.myworkdayjobs.com/en-US/External/job/Hong-Kong/Sr-Support-Analyst--Asset-Management-IT--IT_JR002812-1,workday:citicclsa|wd3|External:/job/Hong-Kong/Sr-Support-Analyst--Asset-Management-IT--IT_JR002812-1
noise,enterprise_it,hong kong,"Sr. Business Analyst, Asset Management IT, IT",clsa.com,plausible,adjacent,https://citicclsa.wd3.myworkdayjobs.com/en-US/External/job/Hong-Kong/Sr-Business-Analyst--Asset-Management-IT--IT_JR002972-1,workday:citicclsa|wd3|External:/job/Hong-Kong/Sr-Business-Analyst--Asset-Management-IT--IT_JR002972-1
noise,enterprise_it,singapore,"Senior Attack Monitoring Analyst, GSOC",lseg.com,,,https://lseg.wd3.myworkdayjobs.com/en-US/Careers/job/Singapore/Senior-Attack-Monitoring-Analyst--GSOC_R0118595,workday:lseg|wd3|Careers:/job/Singapore/Senior-Attack-Monitoring-Analyst--GSOC_R0118595
noise,enterprise_it,singapore deprioritized,"Senior Attack Monitoring Analyst, GSOC",lseg.com,,,https://lseg.wd3.myworkdayjobs.com/en-US/Careers/job/London-United-Kingdom/Senior-Attack-Monitoring-Analyst--GSOC_R0117449,workday:lseg|wd3|Careers:/job/London-United-Kingdom/Senior-Attack-Monitoring-Analyst--GSOC_R0117449
noise,enterprise_it,singapore,Observability Engineer,bankofsingapore.com,,,https://ocbc.wd102.myworkdayjobs.com/en-US/External/job/OCBC-Singapore/Observability-Engineer_JR00005075,workday:ocbc|wd102|External:/job/OCBC-Singapore/Observability-Engineer_JR00005075
noise,enterprise_it,singapore,Murex Engineer - Front Office & Risk application,bankofsingapore.com,stretch,adjacent,https://ocbc.wd102.myworkdayjobs.com/en-US/External/job/OCBC-Singapore/Murex-Engineer---Front-Office---Risk-application_JR00001409,workday:ocbc|wd102|External:/job/OCBC-Singapore/Murex-Engineer---Front-Office---Risk-application_JR00001409
noise,enterprise_it,hong kong,Identity and Access Management Analyst - Information Technology (TSO),hkexgroup.com,,,https://hkex.wd3.myworkdayjobs.com/en-US/HKEXCareerPage/job/HK-DTH-9F/Identity-and-Access-Management-Analyst---Information-Technology--TSO-_R004046,workday:hkex|wd3|HKEXCareerPage:/job/HK-DTH-9F/Identity-and-Access-Management-Analyst---Information-Technology--TSO-_R004046
noise,enterprise_it,hong kong,IT Specialist - Officer - Post-trade Application - 12 months contract,hkexgroup.com,plausible,adjacent,https://hkex.wd3.myworkdayjobs.com/en-US/HKEXCareerPage/job/HK-TKO-5F/IT-Specialist---Officer---Post-trade-Application---12-months-contract_R003157,workday:hkex|wd3|HKEXCareerPage:/job/HK-TKO-5F/IT-Specialist---Officer---Post-trade-Application---12-months-contract_R003157
noise,enterprise_it,hong kong,IT Service Management Analyst - Information Technology (TSO),hkexgroup.com,,,https://hkex.wd3.myworkdayjobs.com/en-US/HKEXCareerPage/job/HK-PCCWT-24F/Associate--Technology-Service-Operations---IT_R003108,workday:hkex|wd3|HKEXCareerPage:/job/HK-PCCWT-24F/Associate--Technology-Service-Operations---IT_R003108
noise,enterprise_it,hong kong,"IT Analyst, Wealth Management, IT",clsa.com,plausible,adjacent,https://citicclsa.wd3.myworkdayjobs.com/en-US/External/job/Hong-Kong/IT-Analyst--Wealth-Management--IT_JR002921,workday:citicclsa|wd3|External:/job/Hong-Kong/IT-Analyst--Wealth-Management--IT_JR002921
noise,enterprise_it,singapore,Digital Platforms Support Specialist (Global Markets),bankofsingapore.com,stretch,adjacent,https://ocbc.wd102.myworkdayjobs.com/en-US/External/job/OCBC-Singapore/IT-Support-Specialist--Ecommerce-_JR00005774,workday:ocbc|wd102|External:/job/OCBC-Singapore/IT-Support-Specialist--Ecommerce-_JR00005774
noise,enterprise_it,singapore,Business Analyst (CTRM),~onyx sg pte. ltd.,,,https://www.mycareersfuture.gov.sg/job/information-technology/business-analyst-onyx-sg-ca467ae70c944e016701733111401e50,mycareersfuture:singapore:ca467ae70c944e016701733111401e50
noise,enterprise_it,hong kong,"Associate, Cloud Services Engineer",hkexgroup.com,,,https://hkex.wd3.myworkdayjobs.com/en-US/HKEXCareerPage/job/HK-TKO-5F/Associate--Cloud-Services-Engineer_R002119,workday:hkex|wd3|HKEXCareerPage:/job/HK-TKO-5F/Associate--Cloud-Services-Engineer_R002119
noise,enterprise_it,hong kong,Associate - IT Service Management Analyst - Technology Service Management - IT,hkexgroup.com,,,https://hkex.wd3.myworkdayjobs.com/en-US/HKEXCareerPage/job/HK-DTH-9F/Associate---IT-Service-Management-Analyst---Technology-Service-Management---IT_R003852,workday:hkex|wd3|HKEXCareerPage:/job/HK-DTH-9F/Associate---IT-Service-Management-Analyst---Technology-Service-Management---IT_R003852
noise,enterprise_it,singapore,Triple'A Interface Developer,~marves consulting pte. ltd.,,,https://www.mycareersfuture.gov.sg/job/banking-finance/triplea-interface-developer-marves-consulting-ffc93a9b54e26dc19a4818a99dd00232,mycareersfuture:singapore:ffc93a9b54e26dc19a4818a99dd00232
noise,enterprise_it,singapore,Triple'A Core Developer,~marves consulting pte. ltd.,,,https://www.mycareersfuture.gov.sg/job/banking-finance/triplea-core-developer-marves-consulting-2053442844646beb72bd451919a0fe86,mycareersfuture:singapore:2053442844646beb72bd451919a0fe86
noise,enterprise_it,singapore,Triple A Plus Senior Developer,~trinity consulting services pte. ltd.,,,https://www.mycareersfuture.gov.sg/job/information-technology/triple-plus-senior-developer-trinity-consulting-services-65c73fc7a7ec05f955471be925fd041b,mycareersfuture:singapore:65c73fc7a7ec05f955471be925fd041b
noise,enterprise_it,singapore,Thunderhead Developer,~espire infolabs (singapore) pte. ltd.,,,https://www.mycareersfuture.gov.sg/job/engineering/thunderhead-developer-espire-infolabs-f4dc2e4c00eba95f46a40949e4f82eb2,mycareersfuture:singapore:f4dc2e4c00eba95f46a40949e4f82eb2
noise,enterprise_it,singapore,Software engineer,~links hr singapore pte. ltd.,,,https://www.mycareersfuture.gov.sg/job/information-technology/software-engineer-links-hr-singapore-caae37edd090d5c36c5a0d7258a94cfe,mycareersfuture:singapore:caae37edd090d5c36c5a0d7258a94cfe
noise,enterprise_it,stockholm,Senior IT Analyst,nordea.com,,,https://www.nordea.com/en/positions/senior-it-analyst,site:nordea:84701
noise,enterprise_it,singapore,Python Data Engineer - Cloudera,~d l resources pte ltd,,,https://www.mycareersfuture.gov.sg/job/information-technology/python-data-engineer-cloudera-d-l-resources-1440f7924c690f385ec8547f38437bb9,mycareersfuture:singapore:1440f7924c690f385ec8547f38437bb9
noise,enterprise_it,singapore,Technical Business Analyst,~steenbok pte ltd,,,https://www.mycareersfuture.gov.sg/job/banking-finance/technical-business-analyst-steenbok-d58eb55655f47c8a7a4185fcde9a2378,mycareersfuture:singapore:d58eb55655f47c8a7a4185fcde9a2378
noise,enterprise_it,singapore,Software Tester – Capital Markets,~percept solutions pte. ltd.,plausible,adjacent,https://www.mycareersfuture.gov.sg/job/banking-finance/software-tester-%E2%80%93-capital-markets-percept-solutions-eb89e97a821e228ba337519a8850f708,mycareersfuture:singapore:eb89e97a821e228ba337519a8850f708
noise,enterprise_it,singapore,Senior System Analyst - SAP Finance Consultant (FICO),~seatrium (sg) pte. ltd.,,,https://www.mycareersfuture.gov.sg/job/information-technology/senior-system-analyst-sap-finance-consultant-seatrium-060aa14b3f2edd5aa78d4035b19808c2,mycareersfuture:singapore:060aa14b3f2edd5aa78d4035b19808c2
noise,enterprise_it,singapore,"Senior Specialist, Platform Implementation",schroders.com,,,https://ekbq.fa.em2.oraclecloud.com/hcmUI/CandidateExperience/en/sites/CX_2/job/1694,oracle_hcm:ekbq.fa.em2.oraclecloud.com|CX_2:1694
noise,enterprise_it,singapore,Platform Support Engineer,schonfeld.com,,,https://job-boards.greenhouse.io/schonfeld/jobs/7846894,greenhouse:schonfeld:7846894
noise,enterprise_it,singapore,Functional Product Analyst (T24- Treasury),~thakral one pte. ltd.,plausible,adjacent,https://www.mycareersfuture.gov.sg/job/information-technology/functional-product-analyst-thakral-one-c418f926b51c5bf5e3b0178f263c376b,mycareersfuture:singapore:c418f926b51c5bf5e3b0178f263c376b
noise,enterprise_it,singapore,Functional Business Analyst IS-91967,~infogain solutions pte. limited,,,https://www.mycareersfuture.gov.sg/job/banking-finance/functional-business-analyst-is-91967-infogain-solutions-0c01ef09be84b22f67bb572061c7b53d,mycareersfuture:singapore:0c01ef09be84b22f67bb572061c7b53d
noise,enterprise_it,singapore,Front Office Trading Application Support Specialist (Banking),~smart information management systems private limited,stretch,adjacent,https://www.mycareersfuture.gov.sg/job/banking-finance/front-office-trading-application-support-specialist-smart-information-management-systems-883051514ee39c6f69d5d09f40bfca56,mycareersfuture:singapore:883051514ee39c6f69d5d09f40bfca56
noise,enterprise_it,singapore,Business Analyst,~percept solutions pte. ltd.,,,https://www.mycareersfuture.gov.sg/job/information-technology/business-analyst-percept-solutions-14a43b41de9d23562da6ae11447f9bc5,mycareersfuture:singapore:14a43b41de9d23562da6ae11447f9bc5
noise,enterprise_it,singapore,Application Support Analyst (Central/ Linux/ Derivatives trading platform),~trust recruit pte. ltd.,plausible,adjacent,https://www.mycareersfuture.gov.sg/job/information-technology/application-support-analyst-trust-recruit-8605a605bcc5080500486181d1fb8a28,mycareersfuture:singapore:8605a605bcc5080500486181d1fb8a28
noise,enterprise_it,singapore,Temenos Developer,~maltem asia pte. ltd.,,,https://www.mycareersfuture.gov.sg/job/information-technology/temenos-developer-maltem-asia-b92c8dd618031cd018fd2e184b67ada3,mycareersfuture:singapore:b92c8dd618031cd018fd2e184b67ada3
noise,enterprise_it,singapore,Systems Analyst - SWIFT (Fintech) #2209,~educare human capital private limited,,,https://www.mycareersfuture.gov.sg/job/information-technology/systems-analyst-swift-2209-educare-human-capital-6ad777f9e3dd9d4102a15611c48a49f1,mycareersfuture:singapore:6ad777f9e3dd9d4102a15611c48a49f1
noise,enterprise_it,singapore,Functional Business Analyst,~saksoft pte limited,,,https://www.mycareersfuture.gov.sg/job/information-technology/functional-business-analyst-saksoft-6b58db2cc6a84ae46b860b7aa45aeaac,mycareersfuture:singapore:6b58db2cc6a84ae46b860b7aa45aeaac
noise,enterprise_it,singapore,Business Analyst (JIRA_AAA core scripting),~maltem asia pte. ltd.,,,https://www.mycareersfuture.gov.sg/job/information-technology/business-analyst-maltem-asia-f21aea9258d5cb14db5245b1bc04d748,mycareersfuture:singapore:f21aea9258d5cb14db5245b1bc04d748
noise,enterprise_it,singapore,Avaloq Developer,~infrasoft technologies pte ltd,,,https://www.mycareersfuture.gov.sg/job/information-technology/avaloq-developer-infrasoft-technologies-21e186f0a8b78d80ce973bc4e69ad585,mycareersfuture:singapore:21e186f0a8b78d80ce973bc4e69ad585
noise,enterprise_it,singapore,.Net Developer,~azqore sa singapore branch,,,https://www.mycareersfuture.gov.sg/job/information-technology/net-developer-azqore-sa-singapore-branch-8397f83510419935b2951fa5b647e316,mycareersfuture:singapore:8397f83510419935b2951fa5b647e316
noise,enterprise_it,singapore,Senior Consultant (Datamart Developer),~aurionpro market systems pte. ltd.,,,https://www.mycareersfuture.gov.sg/job/information-technology/senior-consultant-aurionpro-market-systems-d86946f22d4090c660ffb8488bf7061d,mycareersfuture:singapore:d86946f22d4090c660ffb8488bf7061d
noise,enterprise_it,singapore,Network Systems Engineer (Penjuru),~sanmina-sci systems singapore pte. ltd.,,,https://www.mycareersfuture.gov.sg/job/information-technology/network-systems-engineer-sanmina-sci-systems-singapore-d7ca1d88a1e4c5781d4576dde757a12d,mycareersfuture:singapore:d7ca1d88a1e4c5781d4576dde757a12d
noise,enterprise_it,singapore,Business Analyst,~astek singapore innovation technology pte. ltd.,,,https://www.mycareersfuture.gov.sg/job/information-technology/business-analyst-astek-singapore-innovation-technology-fb303ee2c52746e455bec1412bb6daea,mycareersfuture:singapore:fb303ee2c52746e455bec1412bb6daea
noise,enterprise_it,singapore,Junior UAT Manual Tester – Digital Banking & Equity Trading,~carecone pte. ltd.,stretch,adjacent,https://www.mycareersfuture.gov.sg/job/information-technology/junior-uat-manual-tester-%E2%80%93-digital-banking-equity-trading-carecone-b58c758a6198332311876ccddb5bbbbf,mycareersfuture:singapore:b58c758a6198332311876ccddb5bbbbf
noise,enterprise_it,singapore,Associate Systems Engineer,~neutradc singapore pte. ltd.,,,https://www.mycareersfuture.gov.sg/job/information-technology/associate-systems-engineer-neutradc-singapore-a7bb57bc11b6acdfeb94091c291aec8f,mycareersfuture:singapore:a7bb57bc11b6acdfeb94091c291aec8f
noise,enterprise_it,singapore,System Analyst #2209,~educare human capital private limited,,,https://www.mycareersfuture.gov.sg/job/information-technology/system-analyst-2209-educare-human-capital-570301de76bff2ec6a75885390a2f883,mycareersfuture:singapore:570301de76bff2ec6a75885390a2f883
noise,enterprise_it,singapore,Senior Java Developer,~nicoll curtin technology pte. ltd.,,,https://www.mycareersfuture.gov.sg/job/information-technology/senior-java-developer-nicoll-curtin-technology-0d28065b30228a13808b666f7efb2dab,mycareersfuture:singapore:0d28065b30228a13808b666f7efb2dab
noise,enterprise_it,singapore,Business Test Analyst,~geco asia pte. ltd.,,,https://www.mycareersfuture.gov.sg/job/information-technology/business-test-analyst-geco-asia-78d082694a59caa4ddbd9afc05fa13a7,mycareersfuture:singapore:78d082694a59caa4ddbd9afc05fa13a7
noise,enterprise_it,singapore,Murex Front Office Consultant,"~mizuho bank, ltd.",stretch,adjacent,https://www.mycareersfuture.gov.sg/job/information-technology/murex-front-office-consultant-mizuho-bank-16503e497113d09fedbf498a93eb77ea,mycareersfuture:singapore:16503e497113d09fedbf498a93eb77ea
noise,enterprise_it,singapore,ERM Consultant #sb,~hays specialist recruitment pte. ltd.,,,https://www.mycareersfuture.gov.sg/job/information-technology/erm-consultant-sb-hays-specialist-recruitment-54057c79a555ce667e587ead2e2e4d88,mycareersfuture:singapore:54057c79a555ce667e587ead2e2e4d88
noise,enterprise_it,singapore,Triple A software developer,~infrasoft technologies pte ltd,,,https://www.mycareersfuture.gov.sg/job/information-technology/triple-software-developer-infrasoft-technologies-027b4757f6e592191cec8d1651448346,mycareersfuture:singapore:027b4757f6e592191cec8d1651448346
noise,enterprise_it,singapore,Senior Network Engineer,~ambition group singapore pte. ltd.,,,https://www.mycareersfuture.gov.sg/job/consulting/senior-network-engineer-ambition-group-singapore-9f86fa97cf0091b4067d5aedaabf8e2a,mycareersfuture:singapore:9f86fa97cf0091b4067d5aedaabf8e2a
noise,enterprise_it,stockholm,"Verksamhetsstrateg, Software Asset Management",~atea,plausible,adjacent,https://jobbsafari.se/jobb/verksamhetsstrateg-software-asset-management-scsom-20422748,jobbsafari:sweden:20422748
noise,enterprise_it,stockholm sweden other,"Verksamhetsstrateg, Software Asset Management",~atea,plausible,adjacent,https://jobbsafari.se/jobb/verksamhetsstrateg-software-asset-management-saste-20418193,jobbsafari:sweden:20418193
noise,enterprise_it,stockholm,IT Infrastructure Specialist - Nordea Life & Pension,nordea.com,,,https://www.nordea.com/en/positions/it-infrastructure-specialist-nordea-life-pension,site:nordea:84046
noise,enterprise_it,stockholm,Systemförvaltare SimCorp Dimension till AP4,~amendo,plausible,adjacent,https://jobbsafari.se/jobb/systemforvaltare-simcorp-dimension-till-ap4-scsom-20418969,jobbsafari:sweden:20418969
noise,enterprise_it,stockholm,.Net/C# developer to the Portfolio Solutions and Derivatives Clearing Tech team,~seb,plausible,adjacent,https://jobbsafari.se/jobb/netc-developer-to-the-portfolio-solutions-and-derivatives-clearing-tech-team-ssseb-20348880,jobbsafari:sweden:20348880
noise,generic_software,singapore,"Software Engineer II, Infrastructure (Data/AI-related)",airwallex.com,,,https://jobs.ashbyhq.com/airwallex/ea158520-e1f6-4a6a-b112-f46933922bc8,ashby:airwallex:ea158520-e1f6-4a6a-b112-f46933922bc8
noise,generic_software,singapore,GenAI Engineer,vitol.com,,,,smartrecruiters:Vitol:744000145671275
noise,generic_software,singapore,Data Scientist,~we-plus pte. ltd.,stretch,adjacent,https://www.mycareersfuture.gov.sg/job/banking-finance/data-scientist-we-plus-256aacb30999d28875e688c3ce3d83a3,mycareersfuture:singapore:256aacb30999d28875e688c3ce3d83a3
noise,generic_software,singapore,Associate - Full Stack Data Engineer - Group Technology,~nomura singapore limited,,,https://www.mycareersfuture.gov.sg/job/banking-finance/associate-full-stack-data-engineer-group-technology-nomura-singapore-b7c8149d5c89044188865b6cc19fea0b,mycareersfuture:singapore:b7c8149d5c89044188865b6cc19fea0b
noise,generic_software,singapore,Java Developer,~avensys consulting pte. ltd.,,,https://www.mycareersfuture.gov.sg/job/information-technology/java-developer-avensys-consulting-6fe24b89e5f153d12339dfc84ee86008,mycareersfuture:singapore:6fe24b89e5f153d12339dfc84ee86008
noise,generic_software,singapore,Data Engineering & Analytics Engineer (Public Sector),~websparks pte. ltd.,plausible,adjacent,https://www.mycareersfuture.gov.sg/job/information-technology/data-engineering-analytics-engineer-websparks-4b242050d2b64ee7d1dfd96391dae325,mycareersfuture:singapore:4b242050d2b64ee7d1dfd96391dae325
noise,generic_software,singapore,"Full-Stack Developer – Fintech, Data & AI",~smart towkay ventures pte. ltd.,,,https://www.mycareersfuture.gov.sg/job/information-technology/full-stack-developer-%E2%80%93-fintech-data-ai-smart-towkay-ventures-d052e78a88e26dd9d600a57a3cd8e2ac,mycareersfuture:singapore:d052e78a88e26dd9d600a57a3cd8e2ac
noise,generic_software,singapore,C++ Developer,~finsurge pte. ltd.,,,https://www.mycareersfuture.gov.sg/job/banking-finance/c-developer-finsurge-76365b7bd0c88cc3feee2c0671b611e2,mycareersfuture:singapore:76365b7bd0c88cc3feee2c0671b611e2
noise,generic_software,singapore,Quantitative Researcher (UX and Website Analytics),~percept solutions pte. ltd.,plausible,relevant,https://www.mycareersfuture.gov.sg/job/information-technology/quantitative-researcher-percept-solutions-4650f0b83423abbca48a1bbfa0958046,mycareersfuture:singapore:4650f0b83423abbca48a1bbfa0958046
noise,generic_software,singapore,"Senior Software Engineer, Notification Platform",airwallex.com,,,https://jobs.ashbyhq.com/airwallex/edd8f06b-f5a8-4fd8-b834-382ab64be682,ashby:airwallex:edd8f06b-f5a8-4fd8-b834-382ab64be682
noise,generic_software,singapore,"(Senior) Software Engineer, AI Infrastructure",airwallex.com,,,https://jobs.ashbyhq.com/airwallex/4a995552-e961-48c0-92b0-08bfa7e4c5e9,ashby:airwallex:4a995552-e961-48c0-92b0-08bfa7e4c5e9
noise,generic_software,singapore,Senior Software Engineer,~att digiverse pte. ltd.,,,https://www.mycareersfuture.gov.sg/job/engineering/senior-software-engineer-att-digiverse-18b3e368a70743170eba52103d9bfad5,mycareersfuture:singapore:18b3e368a70743170eba52103d9bfad5
noise,generic_software,singapore,Python Developer,~bounteousxaccolite singapore pte. ltd.,,,https://www.mycareersfuture.gov.sg/job/banking-finance/python-developer-bounteousxaccolite-singapore-b9cbb93b47c134cabc9273d5d1e11ad4,mycareersfuture:singapore:b9cbb93b47c134cabc9273d5d1e11ad4
noise,generic_software,singapore,"Java/J2EE Developer (Java, JSF, Application Security)",~mindteck singapore pte ltd,,,https://www.mycareersfuture.gov.sg/job/information-technology/javaj2ee-developer-mindteck-singapore-ecde3a6bb7a75723b89de755d3756a69,mycareersfuture:singapore:ecde3a6bb7a75723b89de755d3756a69
noise,generic_software,singapore,Java Microservices Developer,~bounteousxaccolite singapore pte. ltd.,,,https://www.mycareersfuture.gov.sg/job/banking-finance/java-microservices-developer-bounteousxaccolite-singapore-29c256f87f21b04e6af1a926ab9de17c,mycareersfuture:singapore:29c256f87f21b04e6af1a926ab9de17c
noise,generic_software,singapore,APPLICATIONS DEVELOPER,~digital business people pte. ltd.,,,https://www.mycareersfuture.gov.sg/job/information-technology/applications-developer-digital-business-people-5fcc7ac3cc15be1564122e609424590e,mycareersfuture:singapore:5fcc7ac3cc15be1564122e609424590e
noise,generic_software,singapore,Software Analyst,~aurumjin consulting pte. ltd.,,,https://www.mycareersfuture.gov.sg/job/information-technology/software-analyst-aurumjin-consulting-4391e0028258f0327a38aec446252d0c,mycareersfuture:singapore:4391e0028258f0327a38aec446252d0c
noise,generic_software,singapore,Report Developer,~avensys consulting pte. ltd.,,,https://www.mycareersfuture.gov.sg/job/information-technology/report-developer-avensys-consulting-f4a3262ab9271bc4d6f14249693948cc,mycareersfuture:singapore:f4a3262ab9271bc4d6f14249693948cc
noise,generic_software,singapore,"Foundation Engineering, AI Platform, GenAI Search and Document Management Developer, Associate, Singapore",~goldman sachs services (singapore) pte. ltd.,,,https://www.mycareersfuture.gov.sg/job/banking-finance/foundation-engineering-ai-platform-genai-search-document-management-developer-associate-singapore-goldman-sachs-services-cc1e3591ca55734ea1a3a034e6c65b2c,mycareersfuture:singapore:cc1e3591ca55734ea1a3a034e6c65b2c
noise,generic_software,singapore,Business Analyst,~innowave tech pte. ltd.,,,https://www.mycareersfuture.gov.sg/job/accounting/business-analyst-innowave-tech-eb46f773e8cfe7faa75dad49f3520483,mycareersfuture:singapore:eb46f773e8cfe7faa75dad49f3520483
noise,generic_software,singapore,Software Engineer (System),~ac p. computer training & consultancy pte ltd,,,https://www.mycareersfuture.gov.sg/job/engineering/software-engineer-ac-p-computer-training-consultancy-fa22c65296af38335a42f2cd6b4149ac,mycareersfuture:singapore:fa22c65296af38335a42f2cd6b4149ac
noise,generic_software,stockholm,Software Engineer,~flowity ab,,,https://arbetsformedlingen.se/platsbanken/annonser/31360554,jobtech:jobstream:31360554
noise,generic_software,singapore,"Senior Software Engineer, IAM & Account Infrastructure",airwallex.com,,,https://jobs.ashbyhq.com/airwallex/4cb09a94-d65f-4b89-bc41-ddcf50aa9598,ashby:airwallex:4cb09a94-d65f-4b89-bc41-ddcf50aa9598
noise,generic_software,stockholm,Var med och bygg framtiden inom finans! Vi söker erfarna utvecklare.,garantum.se,,,https://karriar.garantum.se/jobs/1470427-var-med-och-bygg-framtiden-inom-finans-vi-soker-erfarna-utvecklare,teamtailor:karriar.garantum.se:4e446767-8e79-4ae8-98f2-f3f4f44f213b
noise,generic_software,singapore,Software Engineer Intern (Jan to Jun 2027),airwallex.com,,,https://jobs.ashbyhq.com/airwallex/39651124-122a-4033-91a2-af2687b83441,ashby:airwallex:39651124-122a-4033-91a2-af2687b83441
noise,generic_software,singapore,Asset Management Data Engineer / Data Platform Engineer (Azure / SQL / ELT / UAT / BlackRock / MSCI),~maltem asia pte. ltd.,stretch,adjacent,https://www.mycareersfuture.gov.sg/job/information-technology/asset-management-data-engineer-data-platform-engineer-maltem-asia-5dc8382ad466d2ac67ad52d841390e3e,mycareersfuture:singapore:5dc8382ad466d2ac67ad52d841390e3e
noise,generic_software,singapore,Application Developer (.Net),~activants pte ltd,,,https://www.mycareersfuture.gov.sg/job/information-technology/application-developer-activants-e5a146425db0c693f66096cbed27877f,mycareersfuture:singapore:e5a146425db0c693f66096cbed27877f
noise,generic_software,singapore,Full Stack AI Engineer (NextJs/Typescript/ReactJs)),~kaishi partners pte. ltd.,,,https://www.mycareersfuture.gov.sg/job/information-technology/full-stack-ai-engineer-kaishi-partners-07ee0373c5bbc5bb3eaf9dbe403a7f70,mycareersfuture:singapore:07ee0373c5bbc5bb3eaf9dbe403a7f70
noise,generic_software,singapore,"Senior Software Engineer, Tech Platform",~airwallex (singapore) pte. ltd.,,,https://www.mycareersfuture.gov.sg/job/engineering/senior-software-engineer-tech-platform-airwallex-c6b8d9f45569ac2fe938e40d9ca8dddc,mycareersfuture:singapore:c6b8d9f45569ac2fe938e40d9ca8dddc
noise,generic_software,singapore,"Senior Software Engineer, Risk",~airwallex (singapore) pte. ltd.,,,https://www.mycareersfuture.gov.sg/job/engineering/senior-software-engineer-risk-airwallex-f6c6b4fa15a2733aa0643fc2b15d7197,mycareersfuture:singapore:f6c6b4fa15a2733aa0643fc2b15d7197
noise,generic_software,singapore,"Senior Software Engineer, Onboarding",~airwallex (singapore) pte. ltd.,,,https://www.mycareersfuture.gov.sg/job/engineering/senior-software-engineer-onboarding-airwallex-a58c60edf196a06d02e631e9d8e437b4,mycareersfuture:singapore:a58c60edf196a06d02e631e9d8e437b4
noise,generic_software,singapore,Full Stack Developer,~capgemini singapore  pte. ltd.,,,https://www.mycareersfuture.gov.sg/job/information-technology/full-stack-developer-capgemini-singapore-0048142dcbc3234fe6cd18d9afd9b3b0,mycareersfuture:singapore:0048142dcbc3234fe6cd18d9afd9b3b0
noise,generic_software,singapore,Business Data Analyst,~vq pro pte. ltd.,,,https://www.mycareersfuture.gov.sg/job/admin/business-data-analyst-vq-pro-959c7255bc029d1c0392e6721b281150,mycareersfuture:singapore:959c7255bc029d1c0392e6721b281150
noise,generic_software,singapore,Business Analyst,~webull securities (singapore) pte. ltd.,,,https://www.mycareersfuture.gov.sg/job/banking-finance/business-analyst-webull-securities-f253597431a1bfd2a3338efd8d31392c,mycareersfuture:singapore:f253597431a1bfd2a3338efd8d31392c
noise,generic_software,singapore,Senior Software Developer - Scala / Java,~apar technologies pte. ltd.,,,https://www.mycareersfuture.gov.sg/job/information-technology/senior-software-developer-scala-java-apar-technologies-2662fb9cb5ef6e026c053904cd424ee2,mycareersfuture:singapore:2662fb9cb5ef6e026c053904cd424ee2
noise,generic_software,singapore,Senior Java/Big Data Developer,~adecco personnel pte ltd,,,https://www.mycareersfuture.gov.sg/job/information-technology/senior-javabig-data-developer-adecco-personnel-92952871583af3f1ea3a81ee4a97b1fc,mycareersfuture:singapore:92952871583af3f1ea3a81ee4a97b1fc
noise,generic_software,singapore,Developer (Cloud Based Risk Management Software),~coretrm pte. ltd.,,,https://www.mycareersfuture.gov.sg/job/information-technology/developer-coretrm-937910415ef737c4372bc4ae26d20e99,mycareersfuture:singapore:937910415ef737c4372bc4ae26d20e99
noise,generic_software,singapore,Java Developer (Contract),~alan partners sg pte. ltd.,,,https://www.mycareersfuture.gov.sg/job/information-technology/java-developer-alan-partners-sg-36171aa0dacca66fcdcc5d879574cfe5,mycareersfuture:singapore:36171aa0dacca66fcdcc5d879574cfe5
noise,generic_software,singapore,"Staff Software Engineer, Infrastructure",~airwallex (singapore) pte. ltd.,,,https://www.mycareersfuture.gov.sg/job/engineering/staff-software-engineer-infrastructure-airwallex-322e725650732059898029061b55211e,mycareersfuture:singapore:322e725650732059898029061b55211e
noise,generic_software,singapore,"Staff Software Engineer, Billing",~airwallex (singapore) pte. ltd.,,,https://www.mycareersfuture.gov.sg/job/engineering/staff-software-engineer-billing-airwallex-0394730f024aa8136c91956a3fad24c3,mycareersfuture:singapore:0394730f024aa8136c91956a3fad24c3
noise,generic_software,singapore,"Senior Software Engineer, Infrastructure",~airwallex (singapore) pte. ltd.,,,https://www.mycareersfuture.gov.sg/job/engineering/senior-software-engineer-infrastructure-airwallex-765d1f007c8afc4b410a6dbed69e7832,mycareersfuture:singapore:765d1f007c8afc4b410a6dbed69e7832
noise,generic_software,hong kong,"Senior Software Engineer, C++",flowtraders.com,,,https://job-boards.greenhouse.io/flowtraders/jobs/6993714,greenhouse:flowtraders:6993714
noise,generic_software,singapore,"Senior Software Engineer, Billing",~airwallex (singapore) pte. ltd.,,,https://www.mycareersfuture.gov.sg/job/engineering/senior-software-engineer-billing-airwallex-54e306dea9029b40f0d2d4d970da32ba,mycareersfuture:singapore:54e306dea9029b40f0d2d4d970da32ba
noise,generic_software,singapore,Analyst,~ion group private limited,,,https://www.mycareersfuture.gov.sg/job/consulting/analyst-ion-group-8ae795b97dd9f3f6dae9bc21f7c6fea4,mycareersfuture:singapore:8ae795b97dd9f3f6dae9bc21f7c6fea4
noise,generic_software,singapore,"Software Engineer II, GTPN Platform",~airwallex (singapore) pte. ltd.,,,https://www.mycareersfuture.gov.sg/job/information-technology/software-engineer-ii-gtpn-platform-airwallex-1a9308c7222591ff3ea2c8ad3ff629cb,mycareersfuture:singapore:1a9308c7222591ff3ea2c8ad3ff629cb
noise,generic_software,singapore,"Senior Software Engineer, Ecosystem",airwallex.com,,,https://jobs.ashbyhq.com/airwallex/c1f48fc8-83f8-43b0-91a5-ffd6e85280f7,ashby:airwallex:c1f48fc8-83f8-43b0-91a5-ffd6e85280f7
noise,generic_software,singapore,"Senior Software Engineer, Backend - GTPN Platform",~airwallex (singapore) pte. ltd.,,,https://www.mycareersfuture.gov.sg/job/information-technology/senior-software-engineer-backend-gtpn-platform-airwallex-9757d12362b0abd20ec116100b4dad28,mycareersfuture:singapore:9757d12362b0abd20ec116100b4dad28
noise,generic_software,singapore,"Senior Data Scientist, Analytics (Lending)",airwallex.com,stretch,adjacent,https://jobs.ashbyhq.com/airwallex/341d23f4-f254-4a2b-a75c-eb267eedfffc,ashby:airwallex:341d23f4-f254-4a2b-a75c-eb267eedfffc
noise,generic_software,singapore,Software Developer,~allegis group singapore private limited,,,https://www.mycareersfuture.gov.sg/job/information-technology/software-developer-allegis-group-singapore-db784f80813a863f92915162b35d058d,mycareersfuture:singapore:db784f80813a863f92915162b35d058d
noise,generic_software,singapore,"Java Developer, Capital Markets (Contract) #dl",~hays specialist recruitment pte. ltd.,plausible,adjacent,https://www.mycareersfuture.gov.sg/job/information-technology/java-developer-capital-markets-dl-hays-specialist-recruitment-f433db447535849aab375a31eb6cbdeb,mycareersfuture:singapore:f433db447535849aab375a31eb6cbdeb
noise,generic_software,singapore,#NEW#Java Developer (Global Markets)| 12-Month Contract,~ambition group singapore pte. ltd.,plausible,adjacent,https://www.mycareersfuture.gov.sg/job/information-technology/newjava-developer-12-month-contract-ambition-group-singapore-cc2c878563aec24774f9c3adf404bf11,mycareersfuture:singapore:cc2c878563aec24774f9c3adf404bf11
noise,generic_software,singapore,Data Scientist - AI Fintech,~cygnify pte. ltd.,plausible,adjacent,https://www.mycareersfuture.gov.sg/job/information-technology/data-scientist-ai-fintech-cygnify-f6c0720f0e036502ffc7808eacaf32a4,mycareersfuture:singapore:f6c0720f0e036502ffc7808eacaf32a4
noise,generic_software,singapore,Backend Software Engineer Graduate (Global Live Data Platform) - 2027 Start,~tiktok pte. ltd.,,,https://www.mycareersfuture.gov.sg/job/information-technology/backend-software-engineer-graduate-2027-start-tiktok-7ace2f93fb0550edf2120dc8378356d2,mycareersfuture:singapore:7ace2f93fb0550edf2120dc8378356d2
noise,generic_software,singapore,Java Developer (AWS) - Leading Investment Bank - J12483,~pinpoint asia infotech pte. ltd.,,,https://www.mycareersfuture.gov.sg/job/information-technology/java-developer-leading-investment-bank-j12483-pinpoint-asia-infotech-4a916e6fc894fe906dc9f3b7cab5a4f1,mycareersfuture:singapore:4a916e6fc894fe906dc9f3b7cab5a4f1
noise,generic_software,singapore,AI Data Engineer,~uob kay hian private limited,,,https://www.mycareersfuture.gov.sg/job/information-technology/ai-data-engineer-uob-kay-hian-dc7540fe7c7ae6adc3b500c832382e80,mycareersfuture:singapore:dc7540fe7c7ae6adc3b500c832382e80
noise,generic_software,singapore,Software Engineer (Java/Python),~nicoll curtin technology pte. ltd.,,,https://www.mycareersfuture.gov.sg/job/information-technology/software-engineer-nicoll-curtin-technology-0af7e37b374014e10b343a4b790963fa,mycareersfuture:singapore:0af7e37b374014e10b343a4b790963fa
noise,generic_software,singapore,Software Developer (1-year contract),~axs payments pte. ltd.,,,https://www.mycareersfuture.gov.sg/job/information-technology/software-developer-axs-payments-ff2637dd4097c3520d20ba47ed19400d,mycareersfuture:singapore:ff2637dd4097c3520d20ba47ed19400d
noise,generic_software,singapore,Software Developer (1-year contract),~axs pte. ltd.,,,https://www.mycareersfuture.gov.sg/job/information-technology/software-developer-axs-68ba1a2eb09686ba670fdee8a0dfe277,mycareersfuture:singapore:68ba1a2eb09686ba670fdee8a0dfe277
noise,generic_software,singapore,"Senior Data Scientist, Algorithm (Lending & Onboarding)",airwallex.com,stretch,adjacent,https://jobs.ashbyhq.com/airwallex/9a620994-db83-4dca-b9bd-0e5c792cf2f3,ashby:airwallex:9a620994-db83-4dca-b9bd-0e5c792cf2f3
noise,generic_software,singapore,"Staff Data Scientist, Analytics",~airwallex (singapore) pte. ltd.,stretch,adjacent,https://www.mycareersfuture.gov.sg/job/engineering/staff-data-scientist-analytics-airwallex-99f2a07fd58fc97e1667c0490386a33f,mycareersfuture:singapore:99f2a07fd58fc97e1667c0490386a33f
noise,generic_software,singapore,"Software Engineer Backend, Billing",airwallex.com,,,https://jobs.ashbyhq.com/airwallex/f4d64c0e-2425-409c-a296-4c4c6b9fe824,ashby:airwallex:f4d64c0e-2425-409c-a296-4c4c6b9fe824
noise,generic_software,singapore,"System Analyst (Automation, Agentic AI)",~gmp technologies (s) pte ltd,,,https://www.mycareersfuture.gov.sg/job/information-technology/system-analyst-gmp-technologies-ba2cfab316db51648dcc155fc70aa65b,mycareersfuture:singapore:ba2cfab316db51648dcc155fc70aa65b
noise,generic_software,singapore,Quantitative Researcher (UX and Website Analytics),~percept solutions pte. ltd.,plausible,relevant,https://www.mycareersfuture.gov.sg/job/information-technology/quantitative-researcher-percept-solutions-76bb2ddec81201a6c8ea83b991336409,mycareersfuture:singapore:76bb2ddec81201a6c8ea83b991336409
noise,generic_software,singapore,Full Stack Software Engineer,~providend holding private limited,,,https://www.mycareersfuture.gov.sg/job/engineering/full-stack-software-engineer-providend-holding-4757a111a5e7468b65fa2399b3904646,mycareersfuture:singapore:4757a111a5e7468b65fa2399b3904646
noise,generic_software,singapore,Data Scientist / AI Engineer,~metacomp pte. ltd.,plausible,adjacent,https://www.mycareersfuture.gov.sg/job/banking-finance/data-scientist-ai-engineer-metacomp-747e45f5e07464bf3b5ebc6702ee4ac5,mycareersfuture:singapore:747e45f5e07464bf3b5ebc6702ee4ac5
noise,generic_software,hong kong,Contractor,ovalpark.com,,,https://hctz.fa.us2.oraclecloud.com/hcmUI/CandidateExperience/en/sites/CX_1001/job/2506029,oracle_hcm:hctz.fa.us2.oraclecloud.com|CX_1001:2506029
noise,generic_software,singapore,DX Business Analyst,~trust recruit pte. ltd.,,,https://www.mycareersfuture.gov.sg/job/accounting/dx-business-analyst-trust-recruit-58480ccde500918178b9b3879714df17,mycareersfuture:singapore:58480ccde500918178b9b3879714df17
noise,generic_software,singapore,"Senior Backend Engineer, Liquidity Platform",airwallex.com,,,https://jobs.ashbyhq.com/airwallex/62989730-2731-4af4-9ff1-97c016207758,ashby:airwallex:62989730-2731-4af4-9ff1-97c016207758
noise,generic_software,singapore,"Senior Software Engineer, Infrastructure (Infra Platform)",airwallex.com,,,https://jobs.ashbyhq.com/airwallex/0d05eec4-1115-4bae-933e-5eae7939ba99,ashby:airwallex:0d05eec4-1115-4bae-933e-5eae7939ba99
noise,generic_software,singapore,"Senior AI Engineer, Data Analytics",airwallex.com,stretch,adjacent,https://jobs.ashbyhq.com/airwallex/908fde44-9678-4f84-9d40-2266cebcbdf5,ashby:airwallex:908fde44-9678-4f84-9d40-2266cebcbdf5
noise,generic_software,singapore,"Staff Software Engineer, Lending",airwallex.com,,,https://jobs.ashbyhq.com/airwallex/078de7a5-2f5b-4420-ba5c-8d82a2110548,ashby:airwallex:078de7a5-2f5b-4420-ba5c-8d82a2110548
noise,generic_software,singapore,"Senior Software Engineer, Lending",airwallex.com,,,https://jobs.ashbyhq.com/airwallex/6c29e112-c94c-4346-9721-283aa4f4bcdc,ashby:airwallex:6c29e112-c94c-4346-9721-283aa4f4bcdc
noise,generic_software,singapore,"Senior Software Engineer, Infrastructure (Citizen Dev)",airwallex.com,,,https://jobs.ashbyhq.com/airwallex/a10accf6-67ae-4ea4-b555-4f59f20e5882,ashby:airwallex:a10accf6-67ae-4ea4-b555-4f59f20e5882
noise,generic_software,singapore,"Staff Software Engineer, Infrastructure (Data & AI)",airwallex.com,,,https://jobs.ashbyhq.com/airwallex/a6f638b1-6e98-4bb2-8a3f-fa3bfe16f8a1,ashby:airwallex:a6f638b1-6e98-4bb2-8a3f-fa3bfe16f8a1
noise,generic_software,singapore,"Staff Software Engineer Backend, Billing",airwallex.com,,,https://jobs.ashbyhq.com/airwallex/fb17f95e-e929-40a4-a66b-08e4907df993,ashby:airwallex:fb17f95e-e929-40a4-a66b-08e4907df993
noise,generic_software,singapore,"Software Engineer II (iOS), Financial Platform",airwallex.com,,,https://jobs.ashbyhq.com/airwallex/423d791d-f47f-4800-969a-a8ef2a3fc700,ashby:airwallex:423d791d-f47f-4800-969a-a8ef2a3fc700
noise,generic_software,singapore,"Software Engineer II, Liquidity Platform",airwallex.com,,,https://jobs.ashbyhq.com/airwallex/46f4ddee-b6a4-4a36-83e1-5d3749c7e6e7,ashby:airwallex:46f4ddee-b6a4-4a36-83e1-5d3749c7e6e7
noise,generic_software,singapore,"Staff Software Engineer, Ecosystem",airwallex.com,,,https://jobs.ashbyhq.com/airwallex/739860fb-5b68-41e3-986c-57aeb8afe7e8,ashby:airwallex:739860fb-5b68-41e3-986c-57aeb8afe7e8
noise,generic_software,singapore,"Staff Data Platform Engineer, Knowledge Platform",airwallex.com,,,https://jobs.ashbyhq.com/airwallex/5fa97d90-9c8c-452a-9ec0-d0949ec10ae0,ashby:airwallex:5fa97d90-9c8c-452a-9ec0-d0949ec10ae0
noise,generic_software,stockholm,Analytics Engineer,~hemnet ab,plausible,adjacent,https://jobbsafari.se/jobb/analytics-engineer-scsom-20326199,jobbsafari:sweden:20326199
noise,generic_software,singapore,"Senior Software Engineer, Risk",airwallex.com,,,https://jobs.ashbyhq.com/airwallex/a532b09a-bfdc-4537-8bb7-d1c35f5dc0bc,ashby:airwallex:a532b09a-bfdc-4537-8bb7-d1c35f5dc0bc
noise,generic_software,singapore,"Staff Software Engineer, Onboarding Team",airwallex.com,,,https://jobs.ashbyhq.com/airwallex/4dd43d25-d938-4ad2-b95c-f784decb8343,ashby:airwallex:4dd43d25-d938-4ad2-b95c-f784decb8343
noise,generic_software,singapore,"Senior Software Engineer (iOS), Financial Platform",airwallex.com,,,https://jobs.ashbyhq.com/airwallex/fa8769f2-0808-4bb1-b254-9af4dbafc84a,ashby:airwallex:fa8769f2-0808-4bb1-b254-9af4dbafc84a
noise,generic_software,singapore,"Senior Software Engineer, Infrastructure (Cloud Governance)",airwallex.com,,,https://jobs.ashbyhq.com/airwallex/8858b315-3daf-4d13-b88b-e6a3ce4ec6bb,ashby:airwallex:8858b315-3daf-4d13-b88b-e6a3ce4ec6bb
noise,generic_software,singapore,"Senior Software Engineer, Growth",airwallex.com,,,https://jobs.ashbyhq.com/airwallex/97b1fb70-efd9-4331-87aa-1f9046dba31b,ashby:airwallex:97b1fb70-efd9-4331-87aa-1f9046dba31b
noise,generic_software,singapore,"Staff Software Engineer, Growth",airwallex.com,,,https://jobs.ashbyhq.com/airwallex/b0fd93c9-b792-4a96-8828-bae299761a92,ashby:airwallex:b0fd93c9-b792-4a96-8828-bae299761a92
noise,generic_software,singapore,"Staff Software Engineer, Data Platform",airwallex.com,,,https://jobs.ashbyhq.com/airwallex/5847f0f9-49c5-498b-a5f1-ff450c1ee844,ashby:airwallex:5847f0f9-49c5-498b-a5f1-ff450c1ee844
noise,generic_software,singapore,"Staff Software Engineer, Infrastructure (Citizen Dev)",airwallex.com,,,https://jobs.ashbyhq.com/airwallex/ae03bd35-b559-4d77-ab77-75d3fe376770,ashby:airwallex:ae03bd35-b559-4d77-ab77-75d3fe376770
noise,generic_software,singapore,"Senior Software Engineer, Data Platform & AI Enablement",airwallex.com,,,https://jobs.ashbyhq.com/airwallex/d02347a4-9193-45f6-b267-fc52fbc3b6b3,ashby:airwallex:d02347a4-9193-45f6-b267-fc52fbc3b6b3
noise,generic_software,singapore,Staff Data Engineer,airwallex.com,,,https://jobs.ashbyhq.com/airwallex/93dd70e9-9aa7-4fd6-b8c0-623e0d80b41f,ashby:airwallex:93dd70e9-9aa7-4fd6-b8c0-623e0d80b41f
noise,generic_software,stockholm,Senior Systemutvecklare - Kapitalförvaltning,~adavo ab,stretch,adjacent,https://jobbsafari.se/jobb/senior-systemutvecklare-kapitalforvaltning-scsom-20115863,jobbsafari:sweden:20115863
noise,generic_software,singapore,Senior Data Engineer,airwallex.com,,,https://jobs.ashbyhq.com/airwallex/d6c7e9bf-ea01-477f-a191-dcf1858fbdbb,ashby:airwallex:d6c7e9bf-ea01-477f-a191-dcf1858fbdbb
noise,generic_software,singapore,"Staff Software Engineer, Search Platform",airwallex.com,,,https://jobs.ashbyhq.com/airwallex/f4471265-42b3-44cd-bc53-29436ceae3f1,ashby:airwallex:f4471265-42b3-44cd-bc53-29436ceae3f1
noise,generic_software,singapore,"Staff Software Engineer,  Risk",airwallex.com,,,https://jobs.ashbyhq.com/airwallex/9ff4c0f1-d279-40c4-8dfd-beba4ba69815,ashby:airwallex:9ff4c0f1-d279-40c4-8dfd-beba4ba69815
noise,generic_software,singapore,"Senior Software Engineer, Search Platform",airwallex.com,,,https://jobs.ashbyhq.com/airwallex/7374cd5e-fc70-496a-9de5-e7a7719df155,ashby:airwallex:7374cd5e-fc70-496a-9de5-e7a7719df155
noise,generic_software,singapore,"Senior Software Engineer Backend, Billing",airwallex.com,,,https://jobs.ashbyhq.com/airwallex/9e064013-6286-4984-9541-7bd702286d64,ashby:airwallex:9e064013-6286-4984-9541-7bd702286d64
noise,generic_software,singapore,"Staff/Senior Data Scientist (Risk & Fraud), Algorithm",airwallex.com,stretch,adjacent,https://jobs.ashbyhq.com/airwallex/a38e7dc0-1003-4346-9724-acb594b62b35,ashby:airwallex:a38e7dc0-1003-4346-9724-acb594b62b35
noise,generic_software,singapore,"Staff Data Scientist, Product Analytics",airwallex.com,stretch,adjacent,https://jobs.ashbyhq.com/airwallex/66d926f9-e5e4-4271-963e-d1e05d75aa4d,ashby:airwallex:66d926f9-e5e4-4271-963e-d1e05d75aa4d
noise,generic_software,singapore,"Senior Data Scientist, Product Analytics",airwallex.com,stretch,adjacent,https://jobs.ashbyhq.com/airwallex/82fe92ea-852a-4cbf-8a01-46257286828b,ashby:airwallex:82fe92ea-852a-4cbf-8a01-46257286828b
noise,generic_software,singapore,"Senior Backend Engineer, Spend Team (Cards)",airwallex.com,,,https://jobs.ashbyhq.com/airwallex/8c7f2601-c8c6-44e8-855e-699ad8ba3bda,ashby:airwallex:8c7f2601-c8c6-44e8-855e-699ad8ba3bda
noise,generic_software,singapore,"Senior Software Engineer, Issuing Platform",airwallex.com,,,https://jobs.ashbyhq.com/airwallex/23ce1b23-b65c-44a7-9366-f3deb2300b5d,ashby:airwallex:23ce1b23-b65c-44a7-9366-f3deb2300b5d
noise,generic_software,singapore,"Staff Backend Engineer, Issuing Platform",airwallex.com,,,https://jobs.ashbyhq.com/airwallex/3487aa40-e425-4398-ae8e-62136c249bec,ashby:airwallex:3487aa40-e425-4398-ae8e-62136c249bec
noise,generic_software,singapore,"Senior Software Engineer, Global Treasury Payment Network",airwallex.com,stretch,adjacent,https://jobs.ashbyhq.com/airwallex/5c8e057a-9089-45f4-a8b2-4bf2fc05cbce,ashby:airwallex:5c8e057a-9089-45f4-a8b2-4bf2fc05cbce
noise,generic_software,singapore,"Staff Software Engineer, Backend - Scale",airwallex.com,,,https://jobs.ashbyhq.com/airwallex/b5e329cd-e842-4404-bda0-3bc0f990f170,ashby:airwallex:b5e329cd-e842-4404-bda0-3bc0f990f170
noise,generic_software,singapore,"Staff Software Engineer, Cards",airwallex.com,,,https://jobs.ashbyhq.com/airwallex/1711508a-927f-48c2-b3ef-0a79ccd0299d,ashby:airwallex:1711508a-927f-48c2-b3ef-0a79ccd0299d
noise,generic_software,singapore,"Senior Software Engineer, Edge Team",airwallex.com,,,https://jobs.ashbyhq.com/airwallex/5ac353b4-e2bb-4db4-b66b-edb0c2188abb,ashby:airwallex:5ac353b4-e2bb-4db4-b66b-edb0c2188abb
noise,generic_software,singapore,"Staff Software Engineer, Tech Platform",airwallex.com,,,https://jobs.ashbyhq.com/airwallex/e0dc766a-3bb4-438f-b618-1e4d06de50df,ashby:airwallex:e0dc766a-3bb4-438f-b618-1e4d06de50df
noise,generic_software,singapore,"Senior Software Engineer, Onboarding Team",airwallex.com,,,https://jobs.ashbyhq.com/airwallex/b08cde0c-6e59-4625-9a1a-0b2e1465a579,ashby:airwallex:b08cde0c-6e59-4625-9a1a-0b2e1465a579
noise,generic_software,singapore,"Senior Software Engineer, Financial Platform",airwallex.com,,,https://jobs.ashbyhq.com/airwallex/8208fe0d-6aab-4783-98ff-3bf3c393d67e,ashby:airwallex:8208fe0d-6aab-4783-98ff-3bf3c393d67e
noise,generic_software,singapore,Staff AI Engineer,airwallex.com,,,https://jobs.ashbyhq.com/airwallex/260fdad2-74f5-4b94-b7af-caa7eec0393e,ashby:airwallex:260fdad2-74f5-4b94-b7af-caa7eec0393e
noise,generic_software,singapore,Senior AI Engineer,airwallex.com,,,https://jobs.ashbyhq.com/airwallex/f5c945c9-dc25-4b35-a6bd-ae2fef539727,ashby:airwallex:f5c945c9-dc25-4b35-a6bd-ae2fef539727
noise,generic_software,singapore,"Senior Software Engineer, Developer Experience",airwallex.com,,,https://jobs.ashbyhq.com/airwallex/50b6af4d-2184-4572-b8bb-b05c3a83343c,ashby:airwallex:50b6af4d-2184-4572-b8bb-b05c3a83343c
noise,generic_software,singapore,"Senior Software Engineer, GTPN Platform",airwallex.com,,,https://jobs.ashbyhq.com/airwallex/5cbee469-a6aa-47cd-9db3-36c93c5a4256,ashby:airwallex:5cbee469-a6aa-47cd-9db3-36c93c5a4256
noise,generic_software,singapore,"Software Engineer, GTPN Platform",airwallex.com,,,https://jobs.ashbyhq.com/airwallex/f3fc61db-f010-4a90-8620-8b211241e0ff,ashby:airwallex:f3fc61db-f010-4a90-8620-8b211241e0ff
noise,ops_support,singapore,Treasures ARM (Offshore) (Licensed),dbs.com,,,https://dbs.wd3.myworkdayjobs.com/en-US/DBS_Careers/job/Singapore---Central/Treasures-ARM--Offshore---Licensed-_WD88026,workday:dbs|wd3|DBS_Careers:/job/Singapore---Central/Treasures-ARM--Offshore---Licensed-_WD88026
noise,ops_support,hong kong,Co-ordinator (Settlement),hkma.gov.hk,,,https://www.hkma.gov.hk/eng/about-us/join-us/current-vacancies/recruit-20260821-2/,site:hkma:20260821-2
noise,ops_support,singapore,"Technology Support III, Spread Credit Trading Floor","~jpmorgan chase bank, n.a.",plausible,adjacent,https://www.mycareersfuture.gov.sg/job/banking-finance/technology-support-iii-spread-credit-trading-floor-jpmorgan-chase-bank-na-11782ac590e9bfbdea124f41adb752b9,mycareersfuture:singapore:11782ac590e9bfbdea124f41adb752b9
noise,ops_support,singapore,"Senior Account Associate – Client Portfolio Management | Up to $4,500 + bonus",~recruit now singapore pte. ltd.,stretch,adjacent,https://www.mycareersfuture.gov.sg/job/accounting/senior-account-associate-%E2%80%93-client-portfolio-management-4500-bonus-recruit-now-singapore-b9ae7047cbc653c3148249f324e88ab6,mycareersfuture:singapore:b9ae7047cbc653c3148249f324e88ab6
noise,ops_support,singapore,"Client Implementation & Service, Senior Associate",statestreet.com,,,https://statestreet.wd1.myworkdayjobs.com/en-US/Global/job/Singapore-Singapore/Client-Implementation---Service--Senior-Associate_R-796542,workday:statestreet|wd1|Global:/job/Singapore-Singapore/Client-Implementation---Service--Senior-Associate_R-796542
noise,ops_support,singapore,"Trading Finance Executive (Steel / Iron Commodities) (– MAX S$6,000)",~jda wms pte. ltd.,stretch,adjacent,https://www.mycareersfuture.gov.sg/job/accounting/trading-finance-executive-jda-wms-5ca86c4a0cc781f1872b933251be1fd9,mycareersfuture:singapore:5ca86c4a0cc781f1872b933251be1fd9
noise,ops_support,singapore,Settlement Analyst,~achieve career consultant pte ltd,,,https://www.mycareersfuture.gov.sg/job/accounting/settlement-analyst-achieve-career-consultant-8824699dc30beec87ec5014c044538d6,mycareersfuture:singapore:8824699dc30beec87ec5014c044538d6
noise,ops_support,singapore,"Senior Associate, Desk Dealer (Private Wealth/OTC, $5.1k) (ID: 710414)",~persol singapore pte. ltd.,stretch,adjacent,https://www.mycareersfuture.gov.sg/job/banking-finance/senior-associate-desk-dealer-persol-singapore-5fa04d853a6b15aed257753e586a2d0a,mycareersfuture:singapore:5fa04d853a6b15aed257753e586a2d0a
noise,ops_support,singapore,Intern - Global Markets (Structured Solutions),hlbank.com.sg,plausible,adjacent,https://hlb.wd3.myworkdayjobs.com/en-US/HLBCareers/job/Singapore/Intern---Global-Markets--Structured-Solutions-_JR0000025854,workday:hlb|wd3|HLBCareers:/job/Singapore/Intern---Global-Markets--Structured-Solutions-_JR0000025854
noise,ops_support,hong kong deprioritized,Fund Monitoring - Analyst / Associate,icapital.com,,,https://job-boards.greenhouse.io/icapitalnetwork/jobs/8535117002,greenhouse:icapitalnetwork:8535117002
noise,ops_support,singapore,Data Analyst (Finance Automation),~michael page international pte ltd,,,https://www.mycareersfuture.gov.sg/job/information-technology/data-analyst-michael-page-international-7ccc5976bbe9ec14ffa8a22b1dd1e392,mycareersfuture:singapore:7ccc5976bbe9ec14ffa8a22b1dd1e392
noise,ops_support,singapore,Credit Product Delivery - Credit Documentation Associate,~randstad pte. limited,,,https://www.mycareersfuture.gov.sg/job/banking-finance/credit-product-delivery-credit-documentation-associate-randstad-122b33d9953a4b207676254a9379599f,mycareersfuture:singapore:122b33d9953a4b207676254a9379599f
noise,ops_support,singapore,"Client Implementation & Service, Senior Associate",~state street fund services (singapore) pte. limited,,,https://www.mycareersfuture.gov.sg/job/banking-finance/client-implementation-service-senior-associate-state-street-fund-services-8a0649f84e793c5dd1e88330d0203a4b,mycareersfuture:singapore:8a0649f84e793c5dd1e88330d0203a4b
noise,ops_support,stockholm sweden other,"Cash Management Adviser, Cash Management Sweden",nordea.com,,,https://www.nordea.com/en/positions/cash-management-adviser-cash-management-sweden,site:nordea:85996
noise,ops_support,hong kong,"Associate, Structured Products & Fixed Income",hkexgroup.com,plausible,adjacent,https://hkex.wd3.myworkdayjobs.com/en-US/HKEXCareerPage/job/HK-TWO-ES-11F/Associate--Structured-Products---Fixed-Income_R004353,workday:hkex|wd3|HKEXCareerPage:/job/HK-TWO-ES-11F/Associate--Structured-Products---Fixed-Income_R004353
noise,ops_support,singapore,Treasury Officer,~hr-pro recruitment services pte. ltd.,stretch,adjacent,https://www.mycareersfuture.gov.sg/job/banking-finance/treasury-officer-hr-pro-recruitment-services-e77a3c4f47607cb0e532becd35680d33,mycareersfuture:singapore:e77a3c4f47607cb0e532becd35680d33
noise,ops_support,singapore,Treasury Executive (Commodities Trading),~vanding innova sg pte. ltd.,plausible,adjacent,https://www.mycareersfuture.gov.sg/job/banking-finance/treasury-executive-vanding-innova-sg-fc6b68b8657a3300690feb1abf94cb92,mycareersfuture:singapore:fc6b68b8657a3300690feb1abf94cb92
noise,ops_support,singapore,Senior Deal Execution Analyst,~braze pte. ltd.,,,https://www.mycareersfuture.gov.sg/job/others/senior-deal-execution-analyst-braze-88400f293d00cf32b11c390696ce6cff,mycareersfuture:singapore:88400f293d00cf32b11c390696ce6cff
noise,ops_support,singapore,"Risk and Control Analyst (Bank, Contract till end Dec 2026) UID:2269",~persol singapore pte. ltd.,,,https://www.mycareersfuture.gov.sg/job/banking-finance/risk-control-analyst-uid2269-persol-singapore-41d2534daa696ec5f3ffa8bb6c006c44,mycareersfuture:singapore:41d2534daa696ec5f3ffa8bb6c006c44
noise,ops_support,singapore,Investment Associate,~la royale investments pte. ltd.,stretch,adjacent,https://www.mycareersfuture.gov.sg/job/banking-finance/investment-associate-la-royale-investments-9fa698c0f9c67e62ef441789811a11b8,mycareersfuture:singapore:9fa698c0f9c67e62ef441789811a11b8
noise,ops_support,singapore,"Investment Analyst ,Discretionary Strategies","~exoduspoint capital management singapore, pte. ltd.",plausible,adjacent,https://www.mycareersfuture.gov.sg/job/banking-finance/investment-analyst-discretionary-strategies-exoduspoint-capital-management-singapore-7497c8b451caa7c9c30d62fe39badd65,mycareersfuture:singapore:7497c8b451caa7c9c30d62fe39badd65
noise,ops_support,singapore,Investment Analyst,~unique point management pte. ltd.,stretch,adjacent,https://www.mycareersfuture.gov.sg/job/banking-finance/investment-analyst-unique-point-management-169d2bab71503f59ba0e343a018e4f56,mycareersfuture:singapore:169d2bab71503f59ba0e343a018e4f56
noise,ops_support,singapore,"Front Office - FICC Credit Support Specialist (Unix / Linux, SQL, Banking)",~smart information management systems private limited,stretch,adjacent,https://www.mycareersfuture.gov.sg/job/banking-finance/front-office-ficc-credit-support-specialist-smart-information-management-systems-93740285daae2f88a18ccb00c63e0e5c,mycareersfuture:singapore:93740285daae2f88a18ccb00c63e0e5c
noise,ops_support,singapore,"Finance Analyst, Product Control (Banking, 12 Month Contract) UID:2269",~persol singapore pte. ltd.,,,https://www.mycareersfuture.gov.sg/job/banking-finance/finance-analyst-product-control-uid2269-persol-singapore-ea8b631e4f72f2e93be5bbc255efa6bf,mycareersfuture:singapore:ea8b631e4f72f2e93be5bbc255efa6bf
noise,ops_support,hong kong,Dealing Officer,computershare.com,,,https://fa-evdq-saasfaprod1.fa.ocs.oraclecloud.com/hcmUI/CandidateExperience/en/sites/computersharecareers/job/12686,oracle_hcm:fa-evdq-saasfaprod1.fa.ocs.oraclecloud.com|computersharecareers:12686
noise,ops_support,singapore,Channel and Customer Research Analyst (Mandarin Speaker),tribecavp.com,stretch,adjacent,https://job-boards.greenhouse.io/alphasense/jobs/8566490002,greenhouse:alphasense:8566490002
noise,ops_support,singapore,Channel and Customer Research Analyst (Japanese Speaker),tribecavp.com,stretch,adjacent,https://job-boards.greenhouse.io/alphasense/jobs/8574484002,greenhouse:alphasense:8574484002
noise,ops_support,singapore,Business Support Associate - Wealth Management,~emirates nbd bank (p.j.s.c),stretch,adjacent,https://www.mycareersfuture.gov.sg/job/banking-finance/business-support-associate-wealth-management-emirates-nbd-bank-db9c4a13d15d69473eb9524d39d5017a,mycareersfuture:singapore:db9c4a13d15d69473eb9524d39d5017a
noise,ops_support,singapore,"Business Analyst up to $4.5K, East (BANK)",~adecco personnel pte ltd,,,https://www.mycareersfuture.gov.sg/job/banking-finance/business-analyst-45k-east-adecco-personnel-0a2b8a81c684afde6c7ddceacb60a29d,mycareersfuture:singapore:0a2b8a81c684afde6c7ddceacb60a29d
noise,ops_support,singapore,BUSINESS ANALYST,~quess selection & services pte. ltd.,,,https://www.mycareersfuture.gov.sg/job/information-technology/business-analyst-quess-selection-services-a16378f6f0828170af29fdc243381a91,mycareersfuture:singapore:a16378f6f0828170af29fdc243381a91
noise,ops_support,singapore,"Analyst/Associate, Capital Markets, Real Estate (JR 17295)",~gic private limited,stretch,adjacent,https://www.mycareersfuture.gov.sg/job/banking-finance/analystassociate-capital-markets-real-estate-gic-9afaeafe9f8648984b0ee54828b10302,mycareersfuture:singapore:9afaeafe9f8648984b0ee54828b10302
noise,ops_support,singapore,"Analyst, Infrastructure",~kkr singapore pte. ltd.,,,https://www.mycareersfuture.gov.sg/job/banking-finance/analyst-infrastructure-kkr-singapore-19889bb58f600ced132aead1178dca00,mycareersfuture:singapore:19889bb58f600ced132aead1178dca00
noise,ops_support,singapore,"Analyst, Expert Insights - ECS",tribecavp.com,,,https://job-boards.greenhouse.io/alphasense/jobs/8645885002,greenhouse:alphasense:8645885002
noise,ops_support,singapore,"Analyst I, Directed Content (Mandarin)",tribecavp.com,,,https://job-boards.greenhouse.io/alphasense/jobs/8609959002,greenhouse:alphasense:8609959002
noise,ops_support,singapore,Trading Assistant,~jin li industrial international pte. ltd.,plausible,adjacent,https://www.mycareersfuture.gov.sg/job/wholesale-trade/trading-assistant-jin-li-industrial-international-2206718b890be8401f623754e0fc2262,mycareersfuture:singapore:2206718b890be8401f623754e0fc2262
noise,ops_support,singapore,Structured Finance (Corporate Banking),~revup consulting pte. ltd.,stretch,adjacent,https://www.mycareersfuture.gov.sg/job/banking-finance/structured-finance-revup-consulting-2aa56b65931dc9e38c8464dc5574c4a7,mycareersfuture:singapore:2aa56b65931dc9e38c8464dc5574c4a7
noise,ops_support,singapore,Research Analyst - Semiconductor Sector,~harvest advisors financial holdings pte. ltd.,plausible,adjacent,https://www.mycareersfuture.gov.sg/job/banking-finance/research-analyst-semiconductor-sector-harvest-advisors-financial-holdings-1b975514d9c04fc9d6151141e4246fe6,mycareersfuture:singapore:1b975514d9c04fc9d6151141e4246fe6
noise,ops_support,singapore,Investment Analyst | Portfolio Management | Bonds,~smtp consult pte. ltd.,plausible,adjacent,https://www.mycareersfuture.gov.sg/job/banking-finance/investment-analyst-portfolio-management-bonds-smtp-consult-a099786c89d8036ceac25f507547bcce,mycareersfuture:singapore:a099786c89d8036ceac25f507547bcce
noise,ops_support,singapore,Financial Business Analyst,~talent-merge pte. ltd.,,,https://www.mycareersfuture.gov.sg/job/accounting/financial-business-analyst-talent-merge-0414929684214ca735ea5715e193c5b0,mycareersfuture:singapore:0414929684214ca735ea5715e193c5b0
noise,ops_support,singapore,Demurrage Analyst,~petron singapore trading pte. ltd.,,,https://www.mycareersfuture.gov.sg/job/logistics/demurrage-analyst-petron-singapore-trading-95afd3b24dbd2f516926708eb8eb73e5,mycareersfuture:singapore:95afd3b24dbd2f516926708eb8eb73e5
noise,ops_support,singapore,"Business Analyst, Portfolio Management & Analytics Division",~cmc-apac private limited,stretch,adjacent,https://www.mycareersfuture.gov.sg/job/information-technology/business-analyst-portfolio-management-analytics-division-cmc-apac-312b32f55534959189fe4a5c8254d132,mycareersfuture:singapore:312b32f55534959189fe4a5c8254d132
noise,ops_support,singapore,Business Analyst (CAT-1),~idc technologies (singapore) pte. ltd.,,,https://www.mycareersfuture.gov.sg/job/information-technology/business-analyst-idc-technologies-89c328df74f86fc74d3054a43edb3051,mycareersfuture:singapore:89c328df74f86fc74d3054a43edb3051
noise,ops_support,singapore,Business Analyst (CAT-1),~idc technologies (singapore) pte. ltd.,,,https://www.mycareersfuture.gov.sg/job/information-technology/business-analyst-idc-technologies-ac38aa26a0d647c93cf2329cacc7aace,mycareersfuture:singapore:ac38aa26a0d647c93cf2329cacc7aace
noise,ops_support,singapore,Business Analyst,~trinity consulting services pte. ltd.,,,https://www.mycareersfuture.gov.sg/job/information-technology/business-analyst-trinity-consulting-services-5a69961a3cdca6d5a4c09a4471f68dce,mycareersfuture:singapore:5a69961a3cdca6d5a4c09a4471f68dce
noise,ops_support,singapore,Business Analyst,~maventree technology pte. ltd.,,,https://www.mycareersfuture.gov.sg/job/information-technology/business-analyst-maventree-technology-aee5417e90bed4458393d52fe24d88d8,mycareersfuture:singapore:aee5417e90bed4458393d52fe24d88d8
noise,ops_support,singapore,Business Analyst,~scientec consulting pte. ltd.,,,https://www.mycareersfuture.gov.sg/job/banking-finance/business-analyst-scientec-consulting-73f0ae5e1475c1488cf44d9ef310a1e6,mycareersfuture:singapore:73f0ae5e1475c1488cf44d9ef310a1e6
noise,ops_support,singapore,Analyst - Trade Platform Support,~stonex financial pte. ltd.,,,https://www.mycareersfuture.gov.sg/job/banking-finance/analyst-trade-platform-support-stonex-financial-0cd0c7669e6a9df98e7f56514365e6d3,mycareersfuture:singapore:0cd0c7669e6a9df98e7f56514365e6d3
noise,ops_support,hong kong,Research Support Associate (Japan Equities) 1-year Contract,troweprice.com,plausible,adjacent,https://troweprice.wd5.myworkdayjobs.com/en-US/TRowePriceInternational/job/Tokyo-Japan/Research-Support-Associate--Japan-Equities--1-year-Contract_81367,workday:troweprice|wd5|TRowePriceInternational:/job/Tokyo-Japan/Research-Support-Associate--Japan-Equities--1-year-Contract_81367
noise,ops_support,singapore,"Analyst/Associate (Corporate Banking Services, Support)","~mizuho bank, ltd.",plausible,adjacent,https://www.mycareersfuture.gov.sg/job/banking-finance/analystassociate-mizuho-bank-48679c49bb17d9dd0763cb3967af393c,mycareersfuture:singapore:48679c49bb17d9dd0763cb3967af393c
noise,ops_support,singapore,Credit Risk Analyst - Banking,~greenlane private ltd.,stretch,less_relevant,https://www.mycareersfuture.gov.sg/job/banking-finance/credit-risk-analyst-banking-greenlane-4bb6ac29b67e844cbaf72dabdfcae0bf,mycareersfuture:singapore:4bb6ac29b67e844cbaf72dabdfcae0bf
noise,ops_support,singapore,Operation Analyst (Metals) - Contract,~ambition group singapore pte. ltd.,,,https://www.mycareersfuture.gov.sg/job/wholesale-trade/operation-analyst-contract-ambition-group-singapore-184e2fea1f41ff5f0174303f2caa5c1c,mycareersfuture:singapore:184e2fea1f41ff5f0174303f2caa5c1c
noise,ops_support,singapore,FX Commodities Analyst,~robert walters (singapore) pte ltd,plausible,adjacent,https://www.mycareersfuture.gov.sg/job/banking-finance/fx-commodities-analyst-robert-walters-20183d8e5af4083b9d977c2cb9dbd989,mycareersfuture:singapore:20183d8e5af4083b9d977c2cb9dbd989
noise,ops_support,singapore,Credit Analyst (Structured Commodity Finance),~upper spring consulting pte. ltd.,,,https://www.mycareersfuture.gov.sg/job/banking-finance/credit-analyst-upper-spring-consulting-c4c41dbd5fbb71f713272c136974a348,mycareersfuture:singapore:c4c41dbd5fbb71f713272c136974a348
noise,ops_support,singapore,Credit Analyst,~oversea-chinese banking corporation limited,,,https://www.mycareersfuture.gov.sg/job/banking-finance/credit-analyst-oversea-chinese-banking-corporation-1fa9c2c82856ede6cd978faacdc624d4,mycareersfuture:singapore:1fa9c2c82856ede6cd978faacdc624d4
noise,ops_support,singapore,Credit Analyst,~hr-pro recruitment services pte. ltd.,,,https://www.mycareersfuture.gov.sg/job/banking-finance/credit-analyst-hr-pro-recruitment-services-f9ed70cc0d799ff61974bc8a9eb5bc02,mycareersfuture:singapore:f9ed70cc0d799ff61974bc8a9eb5bc02
noise,ops_support,singapore,Business Analyst (Calypso),~adecco personnel pte ltd,,,https://www.mycareersfuture.gov.sg/job/information-technology/business-analyst-adecco-personnel-aff799aa974bc6034b11236c9f036cd5,mycareersfuture:singapore:aff799aa974bc6034b11236c9f036cd5
noise,ops_support,singapore,Asset and Liability Management Intern,~bank of china limited,,,https://www.mycareersfuture.gov.sg/job/banking-finance/asset-liability-management-intern-bank-china-37eeca0b0ee1c99bc01a1cdb1ac3c35a,mycareersfuture:singapore:37eeca0b0ee1c99bc01a1cdb1ac3c35a
noise,ops_support,singapore,Onboarding Analyst,~kgi securities (singapore) pte. ltd.,,,https://www.mycareersfuture.gov.sg/job/banking-finance/onboarding-analyst-kgi-securities-c83c853663abb220dedc842cd261d4b4,mycareersfuture:singapore:c83c853663abb220dedc842cd261d4b4
noise,ops_support,singapore,Credit and Lending Support Officer / Corporate Banking Officer,"~hua nan commercial bank, ltd.",stretch,adjacent,https://www.mycareersfuture.gov.sg/job/banking-finance/credit-lending-support-officer-corporate-banking-officer-hua-nan-commercial-bank-9c29ec6301c0a62c4aa2b135e28598e8,mycareersfuture:singapore:9c29ec6301c0a62c4aa2b135e28598e8
noise,ops_support,singapore,"Bank Data Management Officer (1yr Contract, Private Bank)",~gmp technologies (s) pte ltd,plausible,adjacent,https://www.mycareersfuture.gov.sg/job/banking-finance/bank-data-management-officer-gmp-technologies-e3629c908ce9ce3c5e18bf5435390984,mycareersfuture:singapore:e3629c908ce9ce3c5e18bf5435390984
noise,ops_support,singapore,"BAU Support Analyst- Banking, Non -IT",~just recruit singapore pte. ltd.,,,https://www.mycareersfuture.gov.sg/job/accounting/bau-support-analyst-banking-non-it-just-recruit-singapore-bfdd3093ebcf4e128cf63a3871f0839e,mycareersfuture:singapore:bfdd3093ebcf4e128cf63a3871f0839e
noise,ops_support,singapore,Application Support Analyst,~stellar trading systems pte. ltd.,stretch,adjacent,https://www.mycareersfuture.gov.sg/job/information-technology/application-support-analyst-stellar-trading-systems-0c2322e7796431c75fd61782f41218fa,mycareersfuture:singapore:0c2322e7796431c75fd61782f41218fa
noise,ops_support,singapore,Equities Trade Control Analyst,~robert walters (singapore) pte ltd,plausible,adjacent,https://www.mycareersfuture.gov.sg/job/banking-finance/equities-trade-control-analyst-robert-walters-8a3c846bbc60b50069dee475e8d1797c,mycareersfuture:singapore:8a3c846bbc60b50069dee475e8d1797c
noise,ops_support,singapore,"Associate/Snr Associate, Specialist, Digital Transformation, Global Financial Markets (GFM)",dbs.com,stretch,adjacent,https://dbs.wd3.myworkdayjobs.com/en-US/DBS_Careers/job/Singapore---Central/Associate-Snr-Associate--Specialist--Digital-Transformation--Global-Financial-Markets--GFM-_WD87872,workday:dbs|wd3|DBS_Careers:/job/Singapore---Central/Associate-Snr-Associate--Specialist--Digital-Transformation--Global-Financial-Markets--GFM-_WD87872
noise,ops_support,singapore,"Associate, Diligence Management, Infrastructure (Contract)",~brookfield singapore pte. ltd.,,,https://www.mycareersfuture.gov.sg/job/banking-finance/associate-diligence-management-infrastructure-brookfield-singapore-021cd711b4d81b6cf9423255009a870b,mycareersfuture:singapore:021cd711b4d81b6cf9423255009a870b
noise,ops_support,singapore,-NEW- Perm Hedge Funds Analyst (Financial Services),~ambition group singapore pte. ltd.,,,https://www.mycareersfuture.gov.sg/job/banking-finance/-new-perm-hedge-funds-analyst-ambition-group-singapore-3f728cdc4a81d6b2f2460154a2e28ae6,mycareersfuture:singapore:3f728cdc4a81d6b2f2460154a2e28ae6
noise,ops_support,singapore,Treasury Trade Finance (1 Year) #ESY,~recruit express pte ltd,plausible,adjacent,https://www.mycareersfuture.gov.sg/job/banking-finance/treasury-trade-finance-esy-recruit-express-bab731780bea71a12d0ed48dd50c78cf,mycareersfuture:singapore:bab731780bea71a12d0ed48dd50c78cf
noise,ops_support,singapore,Treasury Specialist (up to $7k) #NKC,~recruit express pte ltd,plausible,adjacent,https://www.mycareersfuture.gov.sg/job/accounting/treasury-specialist-nkc-recruit-express-94d7684a03b6c7271c23d2a7ab16c253,mycareersfuture:singapore:94d7684a03b6c7271c23d2a7ab16c253
noise,ops_support,singapore,Senior Treasury Specialist ($5000 to $7000) #NJN,~recruit express pte ltd,stretch,adjacent,https://www.mycareersfuture.gov.sg/job/accounting/senior-treasury-specialist-njn-recruit-express-7881e775ba8f30b5da9e7e6d8c38cc62,mycareersfuture:singapore:7881e775ba8f30b5da9e7e6d8c38cc62
noise,ops_support,singapore,Senior Treasury Specialist #ESY,~recruit express pte ltd,stretch,adjacent,https://www.mycareersfuture.gov.sg/job/accounting/senior-treasury-specialist-esy-recruit-express-a4a09d41b905c41ad8fdfc22e6636790,mycareersfuture:singapore:a4a09d41b905c41ad8fdfc22e6636790
noise,ops_support,singapore,Senior Treasury Specialist #EAT,~recruit express pte ltd,stretch,adjacent,https://www.mycareersfuture.gov.sg/job/accounting/senior-treasury-specialist-eat-recruit-express-15a80c853c4bdb81eb4c5c2b7b6bf8fa,mycareersfuture:singapore:15a80c853c4bdb81eb4c5c2b7b6bf8fa
noise,ops_support,singapore,"Senior Specialist, Treasury (MNC)",~mtc consulting pte. ltd.,stretch,adjacent,https://www.mycareersfuture.gov.sg/job/accounting/senior-specialist-treasury-mtc-consulting-650b53ef27bdaccf5c3b3dd5c83124b9,mycareersfuture:singapore:650b53ef27bdaccf5c3b3dd5c83124b9
noise,ops_support,singapore,Risk Management Associate (Bank),~good job creations (singapore) pte. ltd.,,,https://www.mycareersfuture.gov.sg/job/banking-finance/risk-management-associate-good-job-creations-4694d76628777ede6bdcbf7764d21a71,mycareersfuture:singapore:4694d76628777ede6bdcbf7764d21a71
noise,ops_support,singapore,Perm | Senior Treasury Specialist |  Jurong | Up to $7000 #NKA,~recruit express pte ltd,stretch,adjacent,https://www.mycareersfuture.gov.sg/job/accounting/perm-senior-treasury-specialist-jurong-7000-nka-recruit-express-5414efcd464c4dfc5ad8a5b9bce85dca,mycareersfuture:singapore:5414efcd464c4dfc5ad8a5b9bce85dca
noise,ops_support,singapore,Payment Operation Analyst,~cys global remit pte. ltd.,,,https://www.mycareersfuture.gov.sg/job/admin/payment-operation-analyst-cys-global-remit-7db0852291f5189f3b27ad2f5c033581,mycareersfuture:singapore:7db0852291f5189f3b27ad2f5c033581
noise,ops_support,stockholm,Fond- och värdepappersadministratör till AP7,ap7.se,plausible,adjacent,https://jobb.amendo.se/jobs/7963496-fond-och-vardepappersadministrator-till-ap7/254468b2-a2d1-426b-9d3e-6d5726da5d72,site:ap7:fond--och-värdepappersadministratör-till-ap7
noise,ops_support,hong kong,"Associate, IPO Vetting",hkexgroup.com,,,https://hkex.wd3.myworkdayjobs.com/en-US/HKEXCareerPage/job/HK-TWO-ES-12F/Operation-Associate--IPO-Vetting_R004246,workday:hkex|wd3|HKEXCareerPage:/job/HK-TWO-ES-12F/Operation-Associate--IPO-Vetting_R004246
noise,ops_support,singapore,Associate - Regional Markets Onboarding (Job ID:10078878),"~mufg bank, ltd. singapore branch",,,https://www.mycareersfuture.gov.sg/job/banking-finance/associate-regional-markets-onboarding-mufg-bank-singapore-branch-1d49633c059b1f9b1bafba55e0fe61c3,mycareersfuture:singapore:1d49633c059b1f9b1bafba55e0fe61c3
noise,ops_support,singapore,*Urgent*  1 Year Contract Treasury Trade Finance - Central ($5000-$6500) #NJE,~recruit express pte ltd,plausible,adjacent,https://www.mycareersfuture.gov.sg/job/accounting/urgent-1-year-contract-treasury-trade-finance-central-nje-recruit-express-76dab878e5eb9a581ec5a0a2c41c91d2,mycareersfuture:singapore:76dab878e5eb9a581ec5a0a2c41c91d2
noise,ops_support,singapore,*Urgent*  1 Year Contract Treasury Trade Finance - Central ($5000-$6500) #NJE,~recruit express pte ltd,plausible,adjacent,https://www.mycareersfuture.gov.sg/job/accounting/urgent-1-year-contract-treasury-trade-finance-central-nje-recruit-express-28344e66c4c0b1d85ac805aca8e857b7,mycareersfuture:singapore:28344e66c4c0b1d85ac805aca8e857b7
noise,ops_support,singapore,*Urgent*  1 Year Contract Treasury Trade Finance (MNC) - Central ($5000-$6500) #NJE,~recruit express pte ltd,plausible,adjacent,https://www.mycareersfuture.gov.sg/job/accounting/urgent-1-year-contract-treasury-trade-finance-central-nje-recruit-express-12f38614027c7f08d60f6636bf6dff91,mycareersfuture:singapore:12f38614027c7f08d60f6636bf6dff91
noise,ops_support,singapore,(Senior) Associate - Admin,~methodist welfare services,,,https://www.mycareersfuture.gov.sg/job/admin/associate-admin-methodist-welfare-services-944439687514a39844f6425cd6bab83a,mycareersfuture:singapore:944439687514a39844f6425cd6bab83a
noise,ops_support,singapore,Trade Management Analyst| 9 Months Contract | Central,~rma contracts pte. ltd.,,,https://www.mycareersfuture.gov.sg/job/banking-finance/trade-management-analyst-9-months-contract-central-rma-contracts-8899e8ae74a3858c0cb55c446a5e3ec6,mycareersfuture:singapore:8899e8ae74a3858c0cb55c446a5e3ec6
noise,ops_support,singapore,Trade Finance & Credit Risk Intern,~ud trucks singapore (pte.) ltd.,plausible,adjacent,https://www.mycareersfuture.gov.sg/job/accounting/trade-finance-credit-risk-intern-ud-trucks-singapore-dbed9ef17f6f1200b2df074cbdb7411f,mycareersfuture:singapore:dbed9ef17f6f1200b2df074cbdb7411f
noise,ops_support,singapore,Project Analyst (Global Market),~regtech insight pte. ltd.,,,https://www.mycareersfuture.gov.sg/job/information-technology/project-analyst-regtech-insight-b3a1a72dd1316839812ae3f53e22b400,mycareersfuture:singapore:b3a1a72dd1316839812ae3f53e22b400
noise,ops_support,singapore,Project Analyst (Global Market),~uarrow pte. ltd.,,,https://www.mycareersfuture.gov.sg/job/information-technology/project-analyst-uarrow-94baa15cc56302be84141304892da22a,mycareersfuture:singapore:94baa15cc56302be84141304892da22a
noise,ops_support,singapore,Project Analyst (Global Market),~jeet analytics pte. ltd.,,,https://www.mycareersfuture.gov.sg/job/information-technology/project-analyst-jeet-analytics-c1215bdb803e44a9f46fbdaf422e3e30,mycareersfuture:singapore:c1215bdb803e44a9f46fbdaf422e3e30
noise,ops_support,singapore,Project Analyst (Global Market),~unison consulting pte. ltd.,,,https://www.mycareersfuture.gov.sg/job/information-technology/project-analyst-unison-consulting-269609711a555d916b575a64feb2e3d2,mycareersfuture:singapore:269609711a555d916b575a64feb2e3d2
noise,ops_support,singapore,Project Analyst (Global Market),~riskdata consulting pte. ltd.,,,https://www.mycareersfuture.gov.sg/job/information-technology/project-analyst-riskdata-consulting-791a8482bc89f5c9643bcb2371089b40,mycareersfuture:singapore:791a8482bc89f5c9643bcb2371089b40
noise,ops_support,singapore,Program Coordinator – Corporate Treasury | Banking,~helius technologies pte. ltd.,plausible,adjacent,https://www.mycareersfuture.gov.sg/job/banking-finance/program-coordinator-%E2%80%93-corporate-treasury-banking-helius-technologies-f87c3bafabc685d5ac436eccfedff5af,mycareersfuture:singapore:f87c3bafabc685d5ac436eccfedff5af
noise,ops_support,singapore,Product Control Analyst (Bank I P&L reporting I Up to 4k),~adecco personnel pte ltd,,,https://www.mycareersfuture.gov.sg/job/banking-finance/product-control-analyst-adecco-personnel-2a29557e141bb18d7be5ae31b2faedf8,mycareersfuture:singapore:2a29557e141bb18d7be5ae31b2faedf8
noise,ops_support,stockholm,"Portfolio Analyst to SEB Alternatives | SEB, Stockholm",~seb,plausible,adjacent,https://jobbsafari.se/jobb/portfolio-analyst-to-seb-alternatives-seb-stockholm-ssseb-20499610,jobbsafari:sweden:20499610
noise,ops_support,singapore,Junior Analyst,~lobb heng pte ltd,,,https://www.mycareersfuture.gov.sg/job/others/junior-analyst-lobb-heng-8e98e372893159e3a0e768bd15ecb118,mycareersfuture:singapore:8e98e372893159e3a0e768bd15ecb118
noise,ops_support,singapore,"Finance Analyst, Product Control (Banking, 12 Month Contract) UID:2269",~persol singapore pte. ltd.,,,https://www.mycareersfuture.gov.sg/job/banking-finance/finance-analyst-product-control-uid2269-persol-singapore-9395d7d1fab10eaed3656d48cf2a17e8,mycareersfuture:singapore:9395d7d1fab10eaed3656d48cf2a17e8
noise,ops_support,singapore,Banking Analyst - Loans,~persol tech services pte. ltd.,,,https://www.mycareersfuture.gov.sg/job/banking-finance/banking-analyst-loans-persol-tech-services-fbd6ddad52a20011533c8b0cf8caa41e,mycareersfuture:singapore:fbd6ddad52a20011533c8b0cf8caa41e
noise,ops_support,singapore,Banking Analyst,~persol tech services pte. ltd.,,,https://www.mycareersfuture.gov.sg/job/banking-finance/banking-analyst-persol-tech-services-862c20748e9f58fc73afe5c606b8b1ed,mycareersfuture:singapore:862c20748e9f58fc73afe5c606b8b1ed
noise,ops_support,singapore,Associate / Senior Associate –  Fund Management,~blue ashva capital pte. ltd.,stretch,adjacent,https://www.mycareersfuture.gov.sg/job/accounting/associate-senior-associate-%E2%80%93-fund-management-blue-ashva-capital-6b8b116111fd37a2cfe4583999ffeb71,mycareersfuture:singapore:6b8b116111fd37a2cfe4583999ffeb71
noise,ops_support,singapore,Accounts Associate,~finova bpo pte. ltd.,,,https://www.mycareersfuture.gov.sg/job/accounting/accounts-associate-finova-bpo-9ef2721c9ea5a68c3361b1250e6aa631,mycareersfuture:singapore:9ef2721c9ea5a68c3361b1250e6aa631
noise,ops_support,singapore,Accounts Analyst,~agrocorp international pte ltd,,,https://www.mycareersfuture.gov.sg/job/accounting/accounts-analyst-agrocorp-international-2befb679666019e0d8988c530d831021,mycareersfuture:singapore:2befb679666019e0d8988c530d831021
noise,ops_support,singapore,"Services – Full-Time Analyst, Singapore, 2027",citibank.com.sg,,,https://citi.wd5.myworkdayjobs.com/en-US/2/job/Singapore--Singapore/Services---Full-Time-Analyst--Singapore--2027_26978596,workday:citi|wd5|2:/job/Singapore--Singapore/Services---Full-Time-Analyst--Singapore--2027_26978596
noise,ops_support,stockholm,"2027 | EMEA | Stockholm | Asset Management, Client Solutions Group | Seasonal/Off-Cycle Analyst","~goldman sachs, inc.",plausible,adjacent,https://jobbsafari.se/jobb/2027-emea-stockholm-asset-management-client-solutions-group-seasonaloff-cycle-analyst-scsom-20492069,jobbsafari:sweden:20492069
noise,ops_support,singapore,Reputable and growing Commodities MNC: Risk Analyst/Middle Officer (Metals),~the resolute hunter pte. ltd.,plausible,adjacent,https://www.mycareersfuture.gov.sg/job/accounting/reputable-growing-commodities-mnc-risk-analystmiddle-officer-resolute-hunter-c99a7be305ae03e30f3b7152997a9022,mycareersfuture:singapore:c99a7be305ae03e30f3b7152997a9022
noise,ops_support,singapore,Management Associate,~al sara's express pte. ltd.,,,https://www.mycareersfuture.gov.sg/job/others/management-associate-al-saras-express-eb7b2d567446870913692e062eaa023c,mycareersfuture:singapore:eb7b2d567446870913692e062eaa023c
noise,ops_support,singapore,Contract Analyst (Trade & Asset Management),~skillsforce management consultancy pte ltd,plausible,adjacent,https://www.mycareersfuture.gov.sg/job/banking-finance/contract-analyst-skillsforce-management-consultancy-e32324c59914e025d613c5acdb56eaff,mycareersfuture:singapore:e32324c59914e025d613c5acdb56eaff
noise,ops_support,singapore,Private Bank - MIS and Reporting Officer (One Year Contract),~tangspac consulting pte ltd,plausible,adjacent,https://www.mycareersfuture.gov.sg/job/banking-finance/bank-mis-reporting-officer-tangspac-consulting-c5c4b357487799f0e4a5a976bf00ca22,mycareersfuture:singapore:c5c4b357487799f0e4a5a976bf00ca22
noise,ops_support,singapore,"MIS and Reporting Officer (Ops Control, Private Bank)",~gmp technologies (s) pte ltd,plausible,adjacent,https://www.mycareersfuture.gov.sg/job/banking-finance/mis-reporting-officer-gmp-technologies-ae89ff38dac27985a773305498ae855d,mycareersfuture:singapore:ae89ff38dac27985a773305498ae855d
noise,ops_support,singapore,"Desk Assistant, Global Broking",tpicap.com,,,https://tp.wd107.myworkdayjobs.com/en-US/TP-ICAP/job/Singapore/Desk-Assistant--Global-Broking_R5672,workday:tp|wd107|TP-ICAP:/job/Singapore/Desk-Assistant--Global-Broking_R5672
noise,ops_support,singapore,Banking Business Risk Analyst - Post-Trade Surveillance - Private Bank Sector Client,~d l resources pte ltd,plausible,adjacent,https://www.mycareersfuture.gov.sg/job/banking-finance/banking-business-risk-analyst-post-trade-surveillance-bank-sector-client-d-l-resources-2fa436782b3743a907e219a8ddb08a92,mycareersfuture:singapore:2fa436782b3743a907e219a8ddb08a92
noise,ops_support,singapore,"Associate, Settlement (Financial Industry, Equities/OTC, $5.2k) (ID: 709512)",~persol singapore pte. ltd.,plausible,adjacent,https://www.mycareersfuture.gov.sg/job/banking-finance/associate-settlement-persol-singapore-93618b7f2fc77fd50fa76a49ad6ac2ad,mycareersfuture:singapore:93618b7f2fc77fd50fa76a49ad6ac2ad
noise,ops_support,singapore,"Associate, APAC Projects and Change - Up to $9K",~personnel link jobhub pte. ltd.,,,https://www.mycareersfuture.gov.sg/job/banking-finance/associate-apac-projects-change-9k-personnel-link-jobhub-671eff5676012dd6d73cb5ac62cc836c,mycareersfuture:singapore:671eff5676012dd6d73cb5ac62cc836c
noise,ops_support,singapore,26981598  Client Acceptance & Onboarding Intermediate Analyst (Officer),~citibank singapore limited,,,https://www.mycareersfuture.gov.sg/job/banking-finance/26981598-client-acceptance-onboarding-intermediate-analyst-citibank-singapore-dc366e907ddec1785391c3a216b2444e,mycareersfuture:singapore:dc366e907ddec1785391c3a216b2444e
noise,ops_support,singapore,Corporate Banking Intern,~bank of china limited,plausible,adjacent,https://www.mycareersfuture.gov.sg/job/banking-finance/corporate-banking-intern-bank-china-fe8f96128a973321a9d17aa59705bf3f,mycareersfuture:singapore:fe8f96128a973321a9d17aa59705bf3f
noise,ops_support,hong kong,Client Support Specialist,currenxie.com,,,https://currenxie.bamboohr.com/careers/20,bamboohr:currenxie:20
noise,ops_support,hong kong,Associate – Post Trade Business Implementation and Analytics (12 months contract),hkexgroup.com,plausible,adjacent,https://hkex.wd3.myworkdayjobs.com/en-US/HKEXCareerPage/job/HK-ONE-ES-21F/Associate---Post-Trade-Business-Implementation-and-Analytics--12-months-contract-_R004309,workday:hkex|wd3|HKEXCareerPage:/job/HK-ONE-ES-21F/Associate---Post-Trade-Business-Implementation-and-Analytics--12-months-contract-_R004309
noise,ops_support,singapore,APAC Markets Sales - Business Control Management - Associate,"~jpmorgan chase bank, n.a.",,,https://www.mycareersfuture.gov.sg/job/banking-finance/apac-markets-sales-business-control-management-associate-jpmorgan-chase-bank-na-cf55e1a6cea7678b553fb3529e059cf3,mycareersfuture:singapore:cf55e1a6cea7678b553fb3529e059cf3
noise,ops_support,hong kong,"Officer, Derivatives Clearing Risk Control",hkexgroup.com,plausible,adjacent,https://hkex.wd3.myworkdayjobs.com/en-US/HKEXCareerPage/job/HK-ONE-ES-21F/Officer--Derivatives-Clearing-Risk-Control_R004291,workday:hkex|wd3|HKEXCareerPage:/job/HK-ONE-ES-21F/Officer--Derivatives-Clearing-Risk-Control_R004291
noise,ops_support,hong kong,"Officer, Cash Securities Settlement Intermediate Analyst",citibank.com.sg,plausible,adjacent,https://citi.wd5.myworkdayjobs.com/en-US/2/job/Kowloon--Hong-Kong/Officer--Cash-Securities-Settlement-Intermediate-Analyst_26985432,workday:citi|wd5|2:/job/Kowloon--Hong-Kong/Officer--Cash-Securities-Settlement-Intermediate-Analyst_26985432
noise,ops_support,hong kong,"Officer, Cash Securities Settlement",citibank.com.sg,plausible,adjacent,https://citi.wd5.myworkdayjobs.com/en-US/2/job/Kowloon--Hong-Kong/Officer--Cash-Securities-Settlement_26985430,workday:citi|wd5|2:/job/Kowloon--Hong-Kong/Officer--Cash-Securities-Settlement_26985430
noise,ops_support,singapore,"Front Management Support, Private Bank",~randstad pte. limited,plausible,adjacent,https://www.mycareersfuture.gov.sg/job/banking-finance/front-management-support-bank-randstad-45d076a01b8676f9590e7ac37dda603e,mycareersfuture:singapore:45d076a01b8676f9590e7ac37dda603e
noise,ops_support,singapore,Finance Operation Analyst,~watiga & co. (s) pte. ltd.,,,https://www.mycareersfuture.gov.sg/job/banking-finance/finance-operation-analyst-watiga-87eb05afd9a666d59e9e949480ef235d,mycareersfuture:singapore:87eb05afd9a666d59e9e949480ef235d
noise,ops_support,singapore,Corporate Trade Finance Associate | Central/ 5 days/ $8k [0580],~the supreme hr advisory pte. ltd.,,,https://www.mycareersfuture.gov.sg/job/banking-finance/corporate-trade-finance-associate-central-5-days-8k-0580-supreme-hr-advisory-a2bccc885a5eab38f6ed3c48dc25ee38,mycareersfuture:singapore:a2bccc885a5eab38f6ed3c48dc25ee38
noise,ops_support,singapore,"Analyst, Credit Analyst (6 months contract) (Job ID:10078648)","~mufg bank, ltd. singapore branch",,,https://www.mycareersfuture.gov.sg/job/banking-finance/analyst-credit-analyst-mufg-bank-singapore-branch-4a2f3d72f8964c6ad2721ef0b0f67a6a,mycareersfuture:singapore:4a2f3d72f8964c6ad2721ef0b0f67a6a
noise,ops_support,singapore,Treasury Analyst,~golden agri international pte ltd,plausible,adjacent,https://www.mycareersfuture.gov.sg/job/others/treasury-analyst-golden-agri-international-138fec7ee3551c2de5981863bfd50cef,mycareersfuture:singapore:138fec7ee3551c2de5981863bfd50cef
noise,ops_support,singapore,Transaction Monitoring (Corporate Banking),~revup consulting pte. ltd.,stretch,adjacent,https://www.mycareersfuture.gov.sg/job/banking-finance/transaction-monitoring-revup-consulting-7de685452e1543fb91ee19ae6d4a6b67,mycareersfuture:singapore:7de685452e1543fb91ee19ae6d4a6b67
noise,ops_support,singapore,Investment Solutions Analyst,~tahan capital management pte. ltd.,,,https://www.mycareersfuture.gov.sg/job/banking-finance/investment-solutions-analyst-tahan-capital-management-d4c3c9b500588ef1a38d02f4c5518f6d,mycareersfuture:singapore:d4c3c9b500588ef1a38d02f4c5518f6d
noise,ops_support,singapore,Finance Associate (Investment/Central),~recruit fast pte. ltd.,,,https://www.mycareersfuture.gov.sg/job/accounting/finance-associate-recruit-fast-30d710203d13918327479962855f2330,mycareersfuture:singapore:30d710203d13918327479962855f2330
noise,ops_support,singapore,Credit Analyst (Corporate Banking),~waterstone consulting pte. ltd.,stretch,adjacent,https://www.mycareersfuture.gov.sg/job/banking-finance/credit-analyst-waterstone-consulting-2a22640d8e45d440ba66ac372c38cdea,mycareersfuture:singapore:2a22640d8e45d440ba66ac372c38cdea
noise,ops_support,singapore,Corporate Finance Executive | Up to $8K | Commodity Trading Industry - 0310,~the supreme hr advisory pte. ltd.,stretch,adjacent,https://www.mycareersfuture.gov.sg/job/accounting/corporate-finance-executive-8k-commodity-trading-industry-0310-supreme-hr-advisory-4371650b8e197b9a39f61673b9044369,mycareersfuture:singapore:4371650b8e197b9a39f61673b9044369
noise,ops_support,singapore,Corporate Finance Executive (Commodity Trading) - 0220,~the supreme hr advisory pte. ltd.,stretch,adjacent,https://www.mycareersfuture.gov.sg/job/banking-finance/corporate-finance-executive-0220-supreme-hr-advisory-3321b3781394069f774e49f5a5ef1d21,mycareersfuture:singapore:3321b3781394069f774e49f5a5ef1d21
noise,ops_support,singapore,BAU Support Analyst- $8K and above,~just recruit singapore pte. ltd.,,,https://www.mycareersfuture.gov.sg/job/accounting/bau-support-analyst-8k-just-recruit-singapore-81799f918c7ef3cef419c1e18fd75460,mycareersfuture:singapore:81799f918c7ef3cef419c1e18fd75460
noise,ops_support,singapore,"Senior Account Associate – Client Portfolio Management | Up to $4,500 + bonus",~recruit now singapore pte. ltd.,stretch,adjacent,https://www.mycareersfuture.gov.sg/job/accounting/senior-account-associate-%E2%80%93-client-portfolio-management-4500-bonus-recruit-now-singapore-c57a592a80a8d9c129fb6996553a3b5f,mycareersfuture:singapore:c57a592a80a8d9c129fb6996553a3b5f
noise,ops_support,singapore,"Senior Account Associate – Client Portfolio Management (Audit Company) | Up to S$4,500 + bonus",~recruit now singapore pte. ltd.,stretch,adjacent,https://www.mycareersfuture.gov.sg/job/accounting/senior-account-associate-%E2%80%93-client-portfolio-management-s4500-bonus-recruit-now-singapore-9ba3d50b0ae219d6d5be1cb1875518cd,mycareersfuture:singapore:9ba3d50b0ae219d6d5be1cb1875518cd
noise,ops_support,stockholm,Backoffice Administrator - Mutual Funds,~avanza bank holding ab,plausible,adjacent,https://jobbsafari.se/jobb/backoffice-administrator-mutual-funds-sksee-20479685,jobbsafari:sweden:20479685
noise,ops_support,singapore,Asset Servicing Intermediate Analyst,citibank.com.sg,,,https://citi.wd5.myworkdayjobs.com/en-US/2/job/Singapore--Singapore/Asset-Servicing-Intermediate-Analyst_26982363,workday:citi|wd5|2:/job/Singapore--Singapore/Asset-Servicing-Intermediate-Analyst_26982363
noise,ops_support,hong kong singapore,Product Reporting Analyst (Multi-Asset),wellington.com,plausible,adjacent,https://wellington.wd5.myworkdayjobs.com/en-US/External/job/Central-Singapore-Singapore/Product-Reporting-Analyst_R94586-1,workday:wellington|wd5|External:/job/Central-Singapore-Singapore/Product-Reporting-Analyst_R94586-1
noise,ops_support,hong kong singapore,Product Reporting Analyst (APAC Wealth),wellington.com,,,https://wellington.wd5.myworkdayjobs.com/en-US/External/job/Central-Hong-Kong-Hong-Kong/Product-Reporting-Analyst_R94585-1,workday:wellington|wd5|External:/job/Central-Hong-Kong-Hong-Kong/Product-Reporting-Analyst_R94585-1
noise,ops_support,singapore,Client Acceptance & Onboarding Intermediate Analyst (Officer),citibank.com.sg,,,https://citi.wd5.myworkdayjobs.com/en-US/2/job/Singapore--Singapore/Client-Acceptance---Onboarding-Intermediate-Analyst--Officer-_26981598,workday:citi|wd5|2:/job/Singapore--Singapore/Client-Acceptance---Onboarding-Intermediate-Analyst--Officer-_26981598
noise,ops_support,singapore,Treasury Officer (Bank) #ESY,~recruit express pte ltd,plausible,adjacent,https://www.mycareersfuture.gov.sg/job/banking-finance/treasury-officer-esy-recruit-express-5dc8ea7053b675486b0bd05020b89370,mycareersfuture:singapore:5dc8ea7053b675486b0bd05020b89370
noise,ops_support,singapore,Trading Operation Executive,~global te holding pte. ltd.,plausible,adjacent,https://www.mycareersfuture.gov.sg/job/wholesale-trade/trading-operation-executive-global-te-holding-889d84c97bb8766343e5ca32b117b064,mycareersfuture:singapore:889d84c97bb8766343e5ca32b117b064
noise,ops_support,singapore,"Services - Summer Analyst, Singapore, 2027",citibank.com.sg,,,https://citi.wd5.myworkdayjobs.com/en-US/2/job/Singapore--Singapore/Services---Summer-Analyst--Singapore--2027_26978591,workday:citi|wd5|2:/job/Singapore--Singapore/Services---Summer-Analyst--Singapore--2027_26978591
noise,ops_support,hong kong,"Services - Summer Analyst, Hong Kong, 2027",citibank.com.sg,,,https://citi.wd5.myworkdayjobs.com/en-US/2/job/Hong-Kong--Hong-Kong/Services---Summer-Analyst--Hong-Kong--2027_26978589,workday:citi|wd5|2:/job/Hong-Kong--Hong-Kong/Services---Summer-Analyst--Hong-Kong--2027_26978589
noise,ops_support,singapore,Perm | Front Office Treasury Officer | Banking | Up to $6500 #NKA,~recruit express pte ltd,plausible,adjacent,https://www.mycareersfuture.gov.sg/job/banking-finance/perm-front-office-treasury-officer-banking-6500-nka-recruit-express-716b5177f41b7c55648733cbf6d00c97,mycareersfuture:singapore:716b5177f41b7c55648733cbf6d00c97
noise,ops_support,singapore,"PMO (Contract) - Private Banking, Capital Markets",~michael page (personnel) pte. ltd.,plausible,adjacent,https://www.mycareersfuture.gov.sg/job/banking-finance/pmo-banking-capital-markets-michael-page-c0c58827c121dfc97aadd4742cdd761a,mycareersfuture:singapore:c0c58827c121dfc97aadd4742cdd761a
noise,ops_support,singapore,PERM Treasury Officer (Foreign bank) #BJT,~recruit express pte ltd,plausible,adjacent,https://www.mycareersfuture.gov.sg/job/banking-finance/perm-treasury-officer-bjt-recruit-express-439c5f2b09bfa9758916468b1a9424e2,mycareersfuture:singapore:439c5f2b09bfa9758916468b1a9424e2
noise,ops_support,singapore,Fund Operation Associate,~premier fiduciary pte. ltd.,,,https://www.mycareersfuture.gov.sg/job/accounting/fund-operation-associate-premier-fiduciary-e6f36c81af2e96238d8f96b02b7004b4,mycareersfuture:singapore:e6f36c81af2e96238d8f96b02b7004b4
noise,ops_support,singapore,FX Commodities Analyst,~robert walters (singapore) pte ltd,plausible,adjacent,https://www.mycareersfuture.gov.sg/job/banking-finance/fx-commodities-analyst-robert-walters-9ffb460a903940371167d4042bccfdc8,mycareersfuture:singapore:9ffb460a903940371167d4042bccfdc8
noise,ops_support,singapore,Equity Trade Control Analyst (Bank|Up to $6k),~adecco personnel pte ltd,,,https://www.mycareersfuture.gov.sg/job/banking-finance/equity-trade-control-analyst-adecco-personnel-cb815699ea77a387c800f0644cc5ffb9,mycareersfuture:singapore:cb815699ea77a387c800f0644cc5ffb9
noise,ops_support,singapore,Equities Trade Control Analyst,~robert walters (singapore) pte ltd,plausible,adjacent,https://www.mycareersfuture.gov.sg/job/banking-finance/equities-trade-control-analyst-robert-walters-6ff0cfcdb88c4e0a65f9266066847dda,mycareersfuture:singapore:6ff0cfcdb88c4e0a65f9266066847dda
noise,ops_support,singapore,Contract Operation Analyst (Trade & Asset Management),~skillsforce management consultancy pte ltd,plausible,adjacent,https://www.mycareersfuture.gov.sg/job/banking-finance/contract-operation-analyst-skillsforce-management-consultancy-bca5298a6d803035b42ba521698b89cf,mycareersfuture:singapore:bca5298a6d803035b42ba521698b89cf
noise,ops_support,singapore,"Client Documentation - Data Management/Mailing (Private Bank, 12 months contract)",~gmp technologies (s) pte ltd,stretch,adjacent,https://www.mycareersfuture.gov.sg/job/banking-finance/client-documentation-data-managementmailing-gmp-technologies-ae513a0be06822ee52f907ac777195af,mycareersfuture:singapore:ae513a0be06822ee52f907ac777195af
noise,ops_support,stockholm,Backofficekonsulter inom valuta och värdepapper till Handelsbanken,~professionals nord stockholm ab,plausible,adjacent,https://jobbsafari.se/jobb/backofficekonsulter-inom-valuta-och-vardepapper-till-handelsbanken-sasrb-20473505,jobbsafari:sweden:20473505
noise,ops_support,singapore,"Risk and Control Analyst (Bank, Contract till end Dec 2026) UID:2269",~persol singapore pte. ltd.,,,https://www.mycareersfuture.gov.sg/job/banking-finance/risk-control-analyst-uid2269-persol-singapore-8f0c83556f6085bfa0b2eaabdabdd45c,mycareersfuture:singapore:8f0c83556f6085bfa0b2eaabdabdd45c
noise,ops_support,singapore,Business Analyst Trade Finance,~antaes asia pte. ltd.,,,https://www.mycareersfuture.gov.sg/job/banking-finance/business-analyst-trade-finance-antaes-asia-835bc4a308c9f39760b5ee5295491942,mycareersfuture:singapore:835bc4a308c9f39760b5ee5295491942
noise,ops_support,singapore,Business Analyst,~kgi securities (singapore) pte. ltd.,,,https://www.mycareersfuture.gov.sg/job/information-technology/business-analyst-kgi-securities-cc732529380cfaa5fa7ec92eaf1209f6,mycareersfuture:singapore:cc732529380cfaa5fa7ec92eaf1209f6
noise,ops_support,singapore,"Associate, Credit Risk Operations (Underwriting)",airwallex.com,plausible,adjacent,https://jobs.ashbyhq.com/airwallex/70a4cf53-2312-48a9-973d-3f55f41ab2d3,ashby:airwallex:70a4cf53-2312-48a9-973d-3f55f41ab2d3
noise,ops_support,singapore,"Associate, Credit Risk Operations (Debt Collections)",airwallex.com,plausible,adjacent,https://jobs.ashbyhq.com/airwallex/b7239044-3e5f-49eb-a64e-2de83d7b275b,ashby:airwallex:b7239044-3e5f-49eb-a64e-2de83d7b275b
noise,ops_support,singapore,"Associate /Senior Associate, Settlement",~uob kay hian private limited,,,https://www.mycareersfuture.gov.sg/job/banking-finance/associate-senior-associate-settlement-uob-kay-hian-ed63bbbb13d3644fb641c9a9be9e53f3,mycareersfuture:singapore:ed63bbbb13d3644fb641c9a9be9e53f3
noise,ops_support,singapore,Risk and Control Analyst (Up to 4.5k | Bank),~adecco personnel pte ltd,,,https://www.mycareersfuture.gov.sg/job/banking-finance/risk-control-analyst-adecco-personnel-edfaa10ba2aec56b61840e09c55a9a23,mycareersfuture:singapore:edfaa10ba2aec56b61840e09c55a9a23
noise,ops_support,singapore,Operation Analyst (Commodities) - Contract,~ambition group singapore pte. ltd.,plausible,adjacent,https://www.mycareersfuture.gov.sg/job/wholesale-trade/operation-analyst-contract-ambition-group-singapore-441f9268d1a7576fce13e9390ea0e8b6,mycareersfuture:singapore:441f9268d1a7576fce13e9390ea0e8b6
noise,ops_support,singapore,Capital Markets Documentation & PMO Specialist (Up to 10k),~adecco personnel pte ltd,plausible,adjacent,https://www.mycareersfuture.gov.sg/job/banking-finance/capital-markets-documentation-pmo-specialist-adecco-personnel-99f523181b89ddd587e1ec63c8f78756,mycareersfuture:singapore:99f523181b89ddd587e1ec63c8f78756
noise,ops_support,singapore,Associate / Senior Associate,~tower research capital (singapore) pte. ltd.,stretch,adjacent,https://www.mycareersfuture.gov.sg/job/banking-finance/associate-senior-associate-tower-research-capital-83c9b0087e100f7fb4cfd8a7d151e2e7,mycareersfuture:singapore:83c9b0087e100f7fb4cfd8a7d151e2e7
noise,ops_support,singapore,Anti Scam Analyst (Banking/6 Month Contract/Up to $3800),~persol singapore pte. ltd.,,,https://www.mycareersfuture.gov.sg/job/banking-finance/anti-scam-analyst-persol-singapore-3eaef055f1936d0a8d9daeeafe8882fa,mycareersfuture:singapore:3eaef055f1936d0a8d9daeeafe8882fa
noise,ops_support,singapore,"-NEW- 5 Months Event Coordinator, Leads Management Analyst (Financial Services)",~ambition group singapore pte. ltd.,,,https://www.mycareersfuture.gov.sg/job/admin/-new-5-months-event-coordinator-leads-management-analyst-ambition-group-singapore-81c7f522473ec54af44c822ea0023684,mycareersfuture:singapore:81c7f522473ec54af44c822ea0023684
noise,ops_support,singapore,"PMO (Contract) - Private Banking, Capital Markets",~michael page (personnel) pte. ltd.,plausible,adjacent,https://www.mycareersfuture.gov.sg/job/banking-finance/pmo-banking-capital-markets-michael-page-489c4888673b07db140260542acbefa5,mycareersfuture:singapore:489c4888673b07db140260542acbefa5
noise,ops_support,singapore,Intern - Business & Corporate Banking (6 months),~hl bank,plausible,adjacent,https://www.mycareersfuture.gov.sg/job/banking-finance/intern-business-corporate-banking-hl-bank-33df1ed735e4e786df1c57e5f533427a,mycareersfuture:singapore:33df1ed735e4e786df1c57e5f533427a
noise,ops_support,hong kong,"Customer Relations - DMA & Clearing, Analyst (VN2890)",marex.com,,,https://marex.breezy.hr/p/bc0f0ff21c2901-customer-relations-dma-clearing-analyst-vn2890,breezy:marex:bc0f0ff21c2901
noise,ops_support,singapore,Capital Markets Specialist l 12-month contract,~manpower staffing services (singapore) pte ltd,plausible,adjacent,https://www.mycareersfuture.gov.sg/job/banking-finance/capital-markets-specialist-l-12-month-contract-manpower-staffing-services-77f77413e9e2e43898a1113779936933,mycareersfuture:singapore:77f77413e9e2e43898a1113779936933
noise,ops_support,singapore,"Technical Coordinator (Oil Trading, up to $3,500)",~recruit expert pte. ltd.,plausible,adjacent,https://www.mycareersfuture.gov.sg/job/admin/technical-coordinator-recruit-expert-31b8202eeec981bfb183a34c05a64223,mycareersfuture:singapore:31b8202eeec981bfb183a34c05a64223
noise,ops_support,hong kong,"Associate - Post Trade, Market Structure (contract)",hkexgroup.com,plausible,adjacent,https://hkex.wd3.myworkdayjobs.com/en-US/HKEXCareerPage/job/HK-ONE-ES-30F/Associate---Post-Trade--Market-Structure--6-months-contract-_R004189,workday:hkex|wd3|HKEXCareerPage:/job/HK-ONE-ES-30F/Associate---Post-Trade--Market-Structure--6-months-contract-_R004189
noise,ops_support,singapore,Trading Operation Analyst - Contract,~skillsforce management consultancy pte ltd,plausible,adjacent,https://www.mycareersfuture.gov.sg/job/banking-finance/trading-operation-analyst-contract-skillsforce-management-consultancy-c2f4e6279cf31c074a12981a036a7eb7,mycareersfuture:singapore:c2f4e6279cf31c074a12981a036a7eb7
noise,ops_support,singapore,"Senior Production Support Analyst, Synthetic Prime",td.com,,,https://td.wd3.myworkdayjobs.com/en-US/TD_Bank_Careers/job/Singapore-Singapore/Senior-Production-Support-Analyst--Synthetic-Prime_R_1493335,workday:td|wd3|TD_Bank_Careers:/job/Singapore-Singapore/Senior-Production-Support-Analyst--Synthetic-Prime_R_1493335
noise,ops_support,singapore,Senior Implementation Specialist,lseg.com,,,https://lseg.wd3.myworkdayjobs.com/en-US/Careers/job/SGP-Singapore-1-Raffles-Quay/Senior-Implementation-Specialist_R0118908-1,workday:lseg|wd3|Careers:/job/SGP-Singapore-1-Raffles-Quay/Senior-Implementation-Specialist_R0118908-1
noise,ops_support,hong kong,"Senior Associate, Data/Business Analyst, Corporate Banking",dbs.com,stretch,adjacent,https://dbs.wd3.myworkdayjobs.com/en-US/DBS_Careers/job/One-Island-East/Senior-Associate--Data-Business-Analyst--Corporate-Banking_WD83758,workday:dbs|wd3|DBS_Careers:/job/One-Island-East/Senior-Associate--Data-Business-Analyst--Corporate-Banking_WD83758
noise,ops_support,singapore,"Securities & Derivative Analyst (Bank Treasury, Futures )- 8mths",~forte employment services pte. ltd.,plausible,adjacent,https://www.mycareersfuture.gov.sg/job/banking-finance/securities-derivative-analyst-8mths-forte-employment-services-e6d4aaedffadd9ff526f476549732937,mycareersfuture:singapore:e6d4aaedffadd9ff526f476549732937
noise,ops_support,singapore,"Regional Delivery and Enablement Analyst, Asia (6 months contract)",schroders.com,,,https://ekbq.fa.em2.oraclecloud.com/hcmUI/CandidateExperience/en/sites/CX_2/job/1805,oracle_hcm:ekbq.fa.em2.oraclecloud.com|CX_2:1805
noise,ops_support,hong kong,Operation Officer (IPO Vetting),hkexgroup.com,,,https://hkex.wd3.myworkdayjobs.com/en-US/HKEXCareerPage/job/HK-TWO-ES-12F/Operation-Officer--IPO-Vetting-_R004237,workday:hkex|wd3|HKEXCareerPage:/job/HK-TWO-ES-12F/Operation-Officer--IPO-Vetting-_R004237
noise,ops_support,hong kong,"Officer, Nominee Services",hkexgroup.com,,,https://hkex.wd3.myworkdayjobs.com/en-US/HKEXCareerPage/job/HK-ONE-ES-30F/Officer--Nominee-Services_R003930,workday:hkex|wd3|HKEXCareerPage:/job/HK-ONE-ES-30F/Officer--Nominee-Services_R003930
noise,ops_support,hong kong,"Officer, ETF Services",hkexgroup.com,plausible,adjacent,https://hkex.wd3.myworkdayjobs.com/en-US/HKEXCareerPage/job/HK-CMP-6F/Officer--ETF-Services_R003834,workday:hkex|wd3|HKEXCareerPage:/job/HK-CMP-6F/Officer--ETF-Services_R003834
noise,ops_support,hong kong,Market Administrator (Trading Tech Support Analyst),tpicap.com,plausible,adjacent,https://tp.wd107.myworkdayjobs.com/en-US/TP-ICAP/job/Hong-Kong/Market-Administrator--Trading-Tech-Support-Analyst-_R5395-1,workday:tp|wd107|TP-ICAP:/job/Hong-Kong/Market-Administrator--Trading-Tech-Support-Analyst-_R5395-1
noise,ops_support,singapore,FI Loans & Trade Finance Associate,~shinhan bank,,,https://www.mycareersfuture.gov.sg/job/accounting/fi-loans-trade-finance-associate-shinhan-bank-2f940fd0783055196f0cdf09be513331,mycareersfuture:singapore:2f940fd0783055196f0cdf09be513331
noise,ops_support,singapore,Data Analytics - Support - MGR,bankofsingapore.com,,,https://ocbc.wd102.myworkdayjobs.com/en-US/External/job/OCBC-Singapore/Data-Analytics---Support---MGR_JR00008560,workday:ocbc|wd102|External:/job/OCBC-Singapore/Data-Analytics---Support---MGR_JR00008560
noise,ops_support,hong kong,Data Analytics - Officer - Post Trade (12months contract),hkexgroup.com,plausible,adjacent,https://hkex.wd3.myworkdayjobs.com/en-US/HKEXCareerPage/job/HK-ONE-ES-21F/Officer--Data-Analytics_R002380,workday:hkex|wd3|HKEXCareerPage:/job/HK-ONE-ES-21F/Officer--Data-Analytics_R002380
noise,ops_support,singapore,Credit Analyst - Corporate Banking,~randstad pte. limited,stretch,adjacent,https://www.mycareersfuture.gov.sg/job/banking-finance/credit-analyst-corporate-banking-randstad-f30df67ca39730f3ebd94f96ebd18458,mycareersfuture:singapore:f30df67ca39730f3ebd94f96ebd18458
noise,ops_support,singapore,Credit Analyst (min 2 years experience - Corporate Banking),~randstad pte. limited,plausible,adjacent,https://www.mycareersfuture.gov.sg/job/banking-finance/credit-analyst-randstad-214bd57b4a6a823080bf18bca8d80492,mycareersfuture:singapore:214bd57b4a6a823080bf18bca8d80492
noise,ops_support,singapore,Corporate Credit Analyst （Risk Management Department）,~bank of china limited,,,https://www.mycareersfuture.gov.sg/job/banking-finance/corporate-credit-analyst-%EF%BC%88risk-management-department%EF%BC%89-bank-china-d89221a5683fc55b402e160c6fc0559c,mycareersfuture:singapore:d89221a5683fc55b402e160c6fc0559c
noise,ops_support,singapore,Corporate Banking Credit Risk Management,bankofsingapore.com,plausible,less_relevant,https://ocbc.wd102.myworkdayjobs.com/en-US/External/job/OCBC-Singapore/Corporate-Banking-Credit-Risk-Management---MD_JR00000536,workday:ocbc|wd102|External:/job/OCBC-Singapore/Corporate-Banking-Credit-Risk-Management---MD_JR00000536
noise,ops_support,singapore,Contract Senior Futures & Derivatives Collateral Analyst (Foreign Bank) #BLM,~recruit express pte ltd,stretch,adjacent,https://www.mycareersfuture.gov.sg/job/banking-finance/contract-senior-futures-derivatives-collateral-analyst-blm-recruit-express-dff90aa156aaa9ffe9680d2809bd17b7,mycareersfuture:singapore:dff90aa156aaa9ffe9680d2809bd17b7
noise,ops_support,hong kong,"Associate/ Senior Associate, Prime Services, Equity Derivatives",clsa.com,stretch,adjacent,https://citicclsa.wd3.myworkdayjobs.com/en-US/External/job/Hong-Kong/Analyst-Associate--Prime-Services--Equity-Derivatives_JR002318-1,workday:citicclsa|wd3|External:/job/Hong-Kong/Analyst-Associate--Prime-Services--Equity-Derivatives_JR002318-1
noise,ops_support,hong kong,"Associate, Product Management, Fund Services",clsa.com,stretch,adjacent,https://citicclsa.wd3.myworkdayjobs.com/en-US/External/job/Hong-Kong/Associate--Product-Management--Fund-Services_JR003118,workday:citicclsa|wd3|External:/job/Hong-Kong/Associate--Product-Management--Fund-Services_JR003118
noise,ops_support,hong kong,"Associate, Equity Derivatives Trade Services, Equity Derivatives",clsa.com,stretch,adjacent,https://citicclsa.wd3.myworkdayjobs.com/en-US/External/job/Hong-Kong/Analyst--Equity-Derivatives-Trade-Services--Equity-Derivatives_JR002887,workday:citicclsa|wd3|External:/job/Hong-Kong/Analyst--Equity-Derivatives-Trade-Services--Equity-Derivatives_JR002887
noise,ops_support,hong kong,"Associate, Client Fund Management, Fixed Income",clsa.com,stretch,adjacent,https://citicclsa.wd3.myworkdayjobs.com/en-US/External/job/Hong-Kong/Associate--Client-Fund-Management--Fixed-Income_JR003089,workday:citicclsa|wd3|External:/job/Hong-Kong/Associate--Client-Fund-Management--Fixed-Income_JR003089
noise,ops_support,hong kong,Associate - Market Surveillance & Monitoring (12 months contract),hkexgroup.com,,,https://hkex.wd3.myworkdayjobs.com/en-US/HKEXCareerPage/job/HK-ONE-ES-21F/Associate---Market-Surveillance---Monitoring--12-months-contract-_R004273,workday:hkex|wd3|HKEXCareerPage:/job/HK-ONE-ES-21F/Associate---Market-Surveillance---Monitoring--12-months-contract-_R004273
noise,ops_support,hong kong,Associate (12 months contract) – Post Trade Business Implementation and Analytics,hkexgroup.com,plausible,adjacent,https://hkex.wd3.myworkdayjobs.com/en-US/HKEXCareerPage/job/HK-ONE-ES-21F/Associate--12-months-contract----Post-Trade-Business-Implementation-and-Analytics_R004192-1,workday:hkex|wd3|HKEXCareerPage:/job/HK-ONE-ES-21F/Associate--12-months-contract----Post-Trade-Business-Implementation-and-Analytics_R004192-1
noise,ops_support,hong kong,Associate (12 months contract)  – Post Trade Business Implementation and Analytics,hkexgroup.com,plausible,adjacent,https://hkex.wd3.myworkdayjobs.com/en-US/HKEXCareerPage/job/HK-ONE-ES-21F/Associate--12-months-contract-----Post-Trade-Business-Implementation-and-Analytics_R004247,workday:hkex|wd3|HKEXCareerPage:/job/HK-ONE-ES-21F/Associate--12-months-contract-----Post-Trade-Business-Implementation-and-Analytics_R004247
noise,ops_support,hong kong,"Analyst/Associate, Financing Group, Global Banking, Asia Pacific",santander.com,,,https://santander.wd3.myworkdayjobs.com/en-US/SantanderCareers/job/Hong-Kong/Associate--Structured-Finance--Global-Debt-Financing--Asia-Pacific_Req1547804-1,workday:santander|wd3|SantanderCareers:/job/Hong-Kong/Associate--Structured-Finance--Global-Debt-Financing--Asia-Pacific_Req1547804-1
noise,ops_support,singapore,"Analyst/Associate, Financing Group, Asia Pacific",santander.com,,,https://santander.wd3.myworkdayjobs.com/en-US/SantanderCareers/job/Singapore/Analyst-Associate--Financing-Group--Asia-Pacific_Req1593935,workday:santander|wd3|SantanderCareers:/job/Singapore/Analyst-Associate--Financing-Group--Asia-Pacific_Req1593935
noise,ops_support,singapore,Account Analyst,pimco.com,,,https://pimco.wd1.myworkdayjobs.com/en-US/pimco-careers/job/Singapore/Account-Analyst_R106528,workday:pimco|wd1|pimco-careers:/job/Singapore/Account-Analyst_R106528
noise,ops_support,singapore,"Risk and Control Analyst (Bank, Contract till end Dec 2026) UID:2269",~persol singapore pte. ltd.,,,https://www.mycareersfuture.gov.sg/job/banking-finance/risk-control-analyst-uid2269-persol-singapore-0061fa35009560c3badf6f6813322d0e,mycareersfuture:singapore:0061fa35009560c3badf6f6813322d0e
noise,ops_support,singapore,Product Control Analyst,vitol.com,,,,smartrecruiters:Vitol:744000140397799
noise,ops_support,singapore,"Accounts Executive (Commodity Trading, up to $5200)",~people profilers pte. ltd.,plausible,adjacent,https://www.mycareersfuture.gov.sg/job/accounting/accounts-executive-people-profilers-b1db8394db89f2ec15a5aedcb513f18e,mycareersfuture:singapore:b1db8394db89f2ec15a5aedcb513f18e
noise,ops_support,hong kong,Portfolio Finance Associate,schonfeld.com,plausible,adjacent,https://job-boards.greenhouse.io/schonfeld/jobs/8081380,greenhouse:schonfeld:8081380
noise,ops_support,singapore,Operation Analyst -Contract,~skillsforce management consultancy pte ltd,,,https://www.mycareersfuture.gov.sg/job/admin/operation-analyst-contract-skillsforce-management-consultancy-02e87ea03c2c51f62c1ad7b713232d53,mycareersfuture:singapore:02e87ea03c2c51f62c1ad7b713232d53
noise,ops_support,singapore,Credit Analyst – Corporate Banking,~beathchapman (pte. ltd.),stretch,adjacent,https://www.mycareersfuture.gov.sg/job/banking-finance/credit-analyst-%E2%80%93-corporate-banking-beathchapman-fbb94d3a3eabc6b4be79ae93ff5c0124,mycareersfuture:singapore:fbb94d3a3eabc6b4be79ae93ff5c0124
noise,ops_support,singapore,Credit Product Delivery - Credit Documentation Associate,~randstad pte. limited,,,https://www.mycareersfuture.gov.sg/job/banking-finance/credit-product-delivery-credit-documentation-associate-randstad-1c4ef6a88d7b120c1534438678f6623f,mycareersfuture:singapore:1c4ef6a88d7b120c1534438678f6623f
noise,ops_support,singapore,Associate - Investor Services,~ss&c fund services (asia) pte. ltd.,stretch,adjacent,https://www.mycareersfuture.gov.sg/job/accounting/associate-investor-services-ssc-fund-services-7d9e53eec3c2c875e914c11a4b555192,mycareersfuture:singapore:7d9e53eec3c2c875e914c11a4b555192
noise,ops_support,singapore,1 Year Junior bank associate #BEL,~recruit express pte ltd,,,https://www.mycareersfuture.gov.sg/job/admin/1-year-junior-bank-associate-bel-recruit-express-9c65dfdf0db20a52224896f6561b483a,mycareersfuture:singapore:9c65dfdf0db20a52224896f6561b483a
noise,ops_support,singapore,GO13475051 - Finance Reporting Analyst – Commodities,~robert half international pte. ltd.,stretch,adjacent,https://www.mycareersfuture.gov.sg/job/accounting/go13475051-finance-reporting-analyst-%E2%80%93-commodities-robert-half-international-56fb0f57f7cfa3442fb6ae2fc30ac465,mycareersfuture:singapore:56fb0f57f7cfa3442fb6ae2fc30ac465
noise,ops_support,singapore,CLIENT RELATIONS ASSOCIATE,"~bdo unibank, inc. (singapore branch)",,,https://www.mycareersfuture.gov.sg/job/banking-finance/client-relations-associate-bdo-unibank-d34648ac3e7bf325a9216e00187f9445,mycareersfuture:singapore:d34648ac3e7bf325a9216e00187f9445
noise,ops_support,singapore,CLIENT RELATIONS ASSOCIATE,"~bdo unibank, inc. (singapore branch)",,,https://www.mycareersfuture.gov.sg/job/banking-finance/client-relations-associate-bdo-unibank-929eaaed01f7eb960aefa6d13b99ed2d,mycareersfuture:singapore:929eaaed01f7eb960aefa6d13b99ed2d
noise,ops_support,singapore,APAC Collateral & Margin Services Analyst,~barclays execution services limited singapore branch,plausible,adjacent,https://www.mycareersfuture.gov.sg/job/banking-finance/apac-collateral-margin-services-analyst-barclays-execution-services-singapore-branch-ac5866410148900465d8f4a219a50d02,mycareersfuture:singapore:ac5866410148900465d8f4a219a50d02
noise,ops_support,singapore,*Urgent* 6 Months Contract Treasury Trade Finance - Central ($5000-$6000) #NJE,~recruit express pte ltd,plausible,adjacent,https://www.mycareersfuture.gov.sg/job/accounting/urgent-6-months-contract-treasury-trade-finance-central-nje-recruit-express-bec99b4fe3a3bd168c32b46960cc3be1,mycareersfuture:singapore:bec99b4fe3a3bd168c32b46960cc3be1
noise,ops_support,singapore,*Urgent* 6 Months Contract Treasury Trade Finance (Banking) - Central ($5000-$6000) #NJE,~recruit express pte ltd,plausible,adjacent,https://www.mycareersfuture.gov.sg/job/accounting/urgent-6-months-contract-treasury-trade-finance-central-nje-recruit-express-04546d07e6bd426c168f306889f332c0,mycareersfuture:singapore:04546d07e6bd426c168f306889f332c0
noise,ops_support,singapore,Loans officer / Credit Analyst,"~hua nan commercial bank, ltd.",,,https://www.mycareersfuture.gov.sg/job/banking-finance/loans-officer-credit-analyst-hua-nan-commercial-bank-57f08a3a345fbc04348228452678950e,mycareersfuture:singapore:57f08a3a345fbc04348228452678950e
noise,ops_support,singapore,Corporate Finance Executive (Commodity Trading) - 0220,~the supreme hr advisory pte. ltd.,stretch,adjacent,https://www.mycareersfuture.gov.sg/job/banking-finance/corporate-finance-executive-0220-supreme-hr-advisory-f3f053d71eec5f1fc18d2a7e346bf1a2,mycareersfuture:singapore:f3f053d71eec5f1fc18d2a7e346bf1a2
noise,ops_support,singapore,Investment Analyst – Portfolio & Fund Management (Experienced/Entry Level),~recruit now singapore pte. ltd.,plausible,adjacent,https://www.mycareersfuture.gov.sg/job/banking-finance/investment-analyst-%E2%80%93-portfolio-fund-management-recruit-now-singapore-65631082367d2e7685b9e4b9510e857d,mycareersfuture:singapore:65631082367d2e7685b9e4b9510e857d
noise,ops_support,singapore,Investment Analyst (Experienced/Entry Level),~recruit now singapore pte. ltd.,plausible,adjacent,https://www.mycareersfuture.gov.sg/job/banking-finance/investment-analyst-recruit-now-singapore-060a654a05fb31f26ce6e270a99e5efb,mycareersfuture:singapore:060a654a05fb31f26ce6e270a99e5efb
noise,ops_support,singapore,Procurement Associate,tower-research.com,stretch,adjacent,https://www.tower-research.com/open-positions/?gh_jid=8014878,greenhouse:towerresearchcapital:8014878
noise,ops_support,hong kong,"Senior Officer, Securities Transfer",computershare.com,stretch,adjacent,https://fa-evdq-saasfaprod1.fa.ocs.oraclecloud.com/hcmUI/CandidateExperience/en/sites/computersharecareers/job/12040,oracle_hcm:fa-evdq-saasfaprod1.fa.ocs.oraclecloud.com|computersharecareers:12040
noise,ops_support,stockholm,Fond- och värdepappersadministratör till AP7,~amendo,plausible,adjacent,https://jobbsafari.se/jobb/fond-och-vardepappersadministrator-till-ap7-scsom-20408475,jobbsafari:sweden:20408475
noise,ops_support,singapore,Fund Mandates Analyst 2,schroders.com,,,https://ekbq.fa.em2.oraclecloud.com/hcmUI/CandidateExperience/en/sites/CX_2/job/1629,oracle_hcm:ekbq.fa.em2.oraclecloud.com|CX_2:1629
noise,ops_support,singapore,VBunkers - Marine Superintendent,vitol.com,,,,smartrecruiters:Vitol:744000113389952
noise,ops_support,singapore,Commercial Analyst,vitol.com,,,,smartrecruiters:Vitol:744000060230785
noise,ops_support,singapore,VBunkers - Technical Superintendent,vitol.com,,,,smartrecruiters:Vitol:744000030064815
noise,ops_support,stockholm,Post-Trade Client Relationship & Service Associate - Collateral Management,"~s&p global, inc.",stretch,adjacent,https://jobbsafari.se/jobb/post-trade-client-relationship-service-associate-collateral-management-scsom-17908091,jobbsafari:sweden:17908091
noise,other_industry,hong kong,"Senior Engineer, Trading Product Engineering",bullish.com,stretch,adjacent,https://bullish.wd3.myworkdayjobs.com/en-US/Bullish/job/Hong-Kong/Senior-Engineer--Trading-Product-Engineering_JR2001228,workday:bullish|wd3|Bullish:/job/Hong-Kong/Senior-Engineer--Trading-Product-Engineering_JR2001228
noise,other_industry,hong kong,Senior Associate (Digital Asset Platform) (CMU OmniClear vacancy),hkma.gov.hk,,,https://www.hkma.gov.hk/eng/about-us/join-us/current-vacancies/recruit-20260807-4/,site:hkma:20260807-4
noise,other_industry,singapore,"Senior Analyst, Research",jll.com,,,https://jll.wd1.myworkdayjobs.com/en-US/jllcareers/job/Singapore/Senior-Analyst--Research_REQ512073,workday:jll|wd1|jllcareers:/job/Singapore/Senior-Analyst--Research_REQ512073
noise,other_industry,singapore,Analyst/Associate -  Energy & Infrastructure,jll.com,,,https://jll.wd1.myworkdayjobs.com/en-US/jllcareers/job/Singapore/Analyst----Energy---Infrastructure_REQ494344,workday:jll|wd1|jllcareers:/job/Singapore/Analyst----Energy---Infrastructure_REQ494344
noise,other_industry,singapore,"Trader, Renewable Fuels & Credits",~phillips 66 international trading pte. ltd.,plausible,less_relevant,https://www.mycareersfuture.gov.sg/job/wholesale-trade/trader-renewable-fuels-credits-phillips-66-international-trading-b6905444699304fe6435c6be88e27446,mycareersfuture:singapore:b6905444699304fe6435c6be88e27446
noise,other_industry,singapore,Trader,~cumberland sg pte. ltd.,plausible,less_relevant,https://www.mycareersfuture.gov.sg/job/banking-finance/trader-cumberland-sg-f6f555f44aeae21a162850c5948266c6,mycareersfuture:singapore:f6f555f44aeae21a162850c5948266c6
noise,other_industry,singapore,Software Engineer (System),~a loop pte. ltd.,,,https://www.mycareersfuture.gov.sg/job/information-technology/software-engineer-loop-3ca32ca4f06f5fe3f2f8dd8eb0c2ccd3,mycareersfuture:singapore:3ca32ca4f06f5fe3f2f8dd8eb0c2ccd3
noise,other_industry,singapore,Research Associate (Computer Science),~nanyang technological university,,,https://www.mycareersfuture.gov.sg/job/sciences/research-associate-nanyang-technological-university-b5df782864fe203450ce05d3104a4567,mycareersfuture:singapore:b5df782864fe203450ce05d3104a4567
noise,other_industry,singapore,Market Analyst / Trader,~kingfisher recruitment (singapore) pte. ltd.,stretch,adjacent,https://www.mycareersfuture.gov.sg/job/banking-finance/market-analyst-trader-kingfisher-recruitment-97e7a58513bad360e2e366dca9b8f3f5,mycareersfuture:singapore:97e7a58513bad360e2e366dca9b8f3f5
noise,other_industry,singapore,Java Software Engineer – Spring Boot / AWS,~acp computer training school pte. ltd.,,,https://www.mycareersfuture.gov.sg/job/engineering/java-software-engineer-%E2%80%93-spring-boot-aws-acp-computer-training-school-51c1e850001ada093f1681364fb87be0,mycareersfuture:singapore:51c1e850001ada093f1681364fb87be0
noise,other_industry,singapore,Trading Market Risk Analyst - Crude Asia Pacific,~exxonmobil asia pacific pte. ltd.,plausible,adjacent,https://www.mycareersfuture.gov.sg/job/others/trading-market-risk-analyst-crude-asia-pacific-exxonmobil-asia-pacific-f84906342839391dc6064f385c3d7146,mycareersfuture:singapore:f84906342839391dc6064f385c3d7146
noise,other_industry,hong kong,"Senior Engineer, Trading Product Engineering",bullish.com,stretch,adjacent,https://bullish.wd3.myworkdayjobs.com/en-US/Bullish/job/Hong-Kong/Senior-Engineer--Trading-Product-Engineering_JR2001236-1,workday:bullish|wd3|Bullish:/job/Hong-Kong/Senior-Engineer--Trading-Product-Engineering_JR2001236-1
noise,other_industry,singapore,"Senior Analyst, Government Affairs and Public Policy, YouTube - Singapore",~google asia pacific pte. ltd.,,,https://www.mycareersfuture.gov.sg/job/information-technology/senior-analyst-government-affairs-public-policy-youtube-singapore-google-asia-pacific-bbf5a127b385d3accf7325da352c10bf,mycareersfuture:singapore:bbf5a127b385d3accf7325da352c10bf
noise,other_industry,singapore,"Senior / Executive, Power Trading",~sembcorp cogen pte ltd,stretch,adjacent,https://www.mycareersfuture.gov.sg/job/others/senior-executive-power-trading-sembcorp-cogen-4278f4f8f6e91b675795bf29bc03b7c7,mycareersfuture:singapore:4278f4f8f6e91b675795bf29bc03b7c7
noise,other_industry,singapore deprioritized,Research Analyst (China Market),~aurora energy research pte. ltd.,stretch,adjacent,https://www.mycareersfuture.gov.sg/job/consulting/research-analyst-aurora-energy-research-957a581914e1944bb83cb097214edf94,mycareersfuture:singapore:957a581914e1944bb83cb097214edf94
noise,other_industry,singapore,Regional Finance Analyst,jll.com,,,https://jll.wd1.myworkdayjobs.com/en-US/jllcareers/job/Singapore/Regional-Finance-Analyst_REQ530345,workday:jll|wd1|jllcareers:/job/Singapore/Regional-Finance-Analyst_REQ530345
noise,other_industry,singapore,MEAT CUTTER,~chip hong farm product,,,https://www.mycareersfuture.gov.sg/job/manufacturing/meat-cutter-chip-hong-farm-product-4635c5f34b7626bce44a69061bd2e50b,mycareersfuture:singapore:4635c5f34b7626bce44a69061bd2e50b
noise,other_industry,singapore,MEAT CUTTER,~chip huat pork supplier,,,https://www.mycareersfuture.gov.sg/job/manufacturing/meat-cutter-chip-huat-pork-supplier-992bbc31f30e408589328ce3ce2debc0,mycareersfuture:singapore:992bbc31f30e408589328ce3ce2debc0
noise,other_industry,singapore,[Central] 6 Months Front Office Assistant - UP $16/HR #HCY,~recruit express pte ltd,plausible,adjacent,https://www.mycareersfuture.gov.sg/job/customer-service/central-6-months-front-office-assistant-16hr-hcy-recruit-express-b1a0019bfea3e7563418d7c514b60ad3,mycareersfuture:singapore:b1a0019bfea3e7563418d7c514b60ad3
noise,other_industry,singapore,TRADER,~singhai energy pte. ltd.,stretch,less_relevant,https://www.mycareersfuture.gov.sg/job/others/trader-singhai-energy-4fbdd0678855230292bd73eef3746ea0,mycareersfuture:singapore:4fbdd0678855230292bd73eef3746ea0
noise,other_industry,singapore,Software Engineer (System)/Contract/East,~rma contracts pte. ltd.,,,https://www.mycareersfuture.gov.sg/job/information-technology/software-engineer-contracteast-rma-contracts-4c8facd574c7f770c059988ebd6dd41d,mycareersfuture:singapore:4c8facd574c7f770c059988ebd6dd41d
noise,other_industry,singapore,Software Engineer (System),~ac p. computer training & consultancy pte ltd,,,https://www.mycareersfuture.gov.sg/job/engineering/software-engineer-ac-p-computer-training-consultancy-d617cbd0cac1d4f3fb8a488a4bfbbb2d,mycareersfuture:singapore:d617cbd0cac1d4f3fb8a488a4bfbbb2d
noise,other_industry,stockholm,Service  personal,~lilla rött ab,,,https://jobbsafari.se/jobb/service-personal-sasrb-20519676,jobbsafari:sweden:20519676
noise,other_industry,singapore,Senior Software Engineer - Advanced Embedded Software,~comtecnova pte. ltd.,,,https://www.mycareersfuture.gov.sg/job/engineering/senior-software-engineer-advanced-embedded-software-comtecnova-fc9e3466c744ca658dbd4447d0e4962a,mycareersfuture:singapore:fc9e3466c744ca658dbd4447d0e4962a
noise,other_industry,singapore,Senior Dry Bulk Market Analyst,~ansun shipping pte. ltd.,,,https://www.mycareersfuture.gov.sg/job/logistics/senior-dry-bulk-market-analyst-ansun-shipping-c7d5a2bc871b2dc515f1baa6b02cb2c4,mycareersfuture:singapore:c7d5a2bc871b2dc515f1baa6b02cb2c4
noise,other_industry,singapore,"Research Scientist, AI",bosch.com,,,,smartrecruiters:BoschGroup:744000145454001
noise,other_industry,amsterdam singapore deprioritized,Quantitative Trader (FX & Crypto),gravityteam.co,stretch,adjacent,https://careers.gravityteam.co/jobs/8256642-quantitative-trader-fx-crypto,teamtailor:careers.gravityteam.co:f293ae12-a477-435d-9d56-f0b37d24dc3e
noise,other_industry,singapore,LNG Trader,~satellite international (singapore) pte. ltd.,stretch,less_relevant,https://www.mycareersfuture.gov.sg/job/others/lng-trader-satellite-international-a03069ef3acd0c715ad352f0e1d65fc7,mycareersfuture:singapore:a03069ef3acd0c715ad352f0e1d65fc7
noise,other_industry,singapore,LNG Physical Trader,~chevron u.s.a. inc.,strong,less_relevant,https://www.mycareersfuture.gov.sg/job/others/lng-physical-trader-chevron-usa-da1900d59ecd0e7b283cbc887d9f5226,mycareersfuture:singapore:da1900d59ecd0e7b283cbc887d9f5226
noise,other_industry,singapore,Junior Trading Analyst,~blockchain.com (singapore) pte. ltd.,plausible,adjacent,https://www.mycareersfuture.gov.sg/job/banking-finance/junior-trading-analyst-blockchaincom-d37298eea409333acb032dc24e0bfe98,mycareersfuture:singapore:d37298eea409333acb032dc24e0bfe98
noise,other_industry,singapore,"Java/JEE Senior Software Engineer (Backend Systems, AFC)",~zenith infotech (s) pte ltd.,,,https://www.mycareersfuture.gov.sg/job/information-technology/javajee-senior-software-engineer-zenith-infotech-4f74316a4fc908d5f0cf7844bf6ba7c1,mycareersfuture:singapore:4f74316a4fc908d5f0cf7844bf6ba7c1
noise,other_industry,stockholm,Front Office Crew 60% på Home Hotel Tapto,~nordic choice commercial services ab,plausible,adjacent,https://jobbsafari.se/jobb/front-office-crew-60-pa-home-hotel-tapto-snsor-20513130,jobbsafari:sweden:20513130
noise,other_industry,singapore,Finance Analyst - Global Electronic Components Company,~flintex consulting pte. ltd.,,,https://www.mycareersfuture.gov.sg/job/accounting/finance-analyst-global-electronic-components-company-flintex-consulting-694535fcd4de016560f152b7b49ef564,mycareersfuture:singapore:694535fcd4de016560f152b7b49ef564
noise,other_industry,singapore,ENGINEER,~joon construction pte. ltd.,,,https://www.mycareersfuture.gov.sg/job/engineering/engineer-joon-construction-f870231e595349fd55751a349064469a,mycareersfuture:singapore:f870231e595349fd55751a349064469a
noise,other_industry,singapore,ENGINEER,~joon construction pte. ltd.,,,https://www.mycareersfuture.gov.sg/job/engineering/engineer-joon-construction-02228c6c1c6ad722a7f81ff5aa512a54,mycareersfuture:singapore:02228c6c1c6ad722a7f81ff5aa512a54
noise,other_industry,stockholm,Fönsterrenovering,~nacka fönsterrenovering ab,,,https://jobbsafari.se/jobb/fonsterrenovering-sasrb-20514318,jobbsafari:sweden:20514318
noise,other_industry,singapore,Senior Software Engineer (Backend & Test Automation),~msi global private limited,,,https://www.mycareersfuture.gov.sg/job/information-technology/senior-software-engineer-msi-global-728b540dd25484e5cc6c29b533ac3820,mycareersfuture:singapore:728b540dd25484e5cc6c29b533ac3820
noise,other_industry,singapore,Senior Data Scientist,blockchaincapital.com,stretch,adjacent,https://www.coinbase.com/careers/positions/8147917?gh_jid=8147917,greenhouse:coinbase:8147917
noise,other_industry,singapore,"Senior Associate, Private Funds (Credit)",~capitaland fund management pte. ltd.,,,https://www.mycareersfuture.gov.sg/job/real-estate/senior-associate-funds-capitaland-fund-management-936c107a996b6566880f763fad714f28,mycareersfuture:singapore:936c107a996b6566880f763fad714f28
noise,other_industry,singapore,Senior Analyst,~sc capital partners pte. ltd.,,,https://www.mycareersfuture.gov.sg/job/accounting/senior-analyst-sc-capital-partners-616676f7226154d9d295971c6d3f26d4,mycareersfuture:singapore:616676f7226154d9d295971c6d3f26d4
noise,other_industry,singapore,Quantitative Trader,~tokka labs pte. ltd.,stretch,less_relevant,https://www.mycareersfuture.gov.sg/job/others/quantitative-trader-tokka-labs-c8ea140eea2f8191b9a63bf6a8ce76ce,mycareersfuture:singapore:c8ea140eea2f8191b9a63bf6a8ce76ce
noise,other_industry,singapore,"Quantitative Researcher – Options Pricing & Volatility (Top-tier fintech company, cutting-edge tech environment)",~dadaconsultants pte. ltd.,plausible,relevant,https://www.mycareersfuture.gov.sg/job/banking-finance/quantitative-researcher-%E2%80%93-options-pricing-volatility-dadaconsultants-af0e68a0537c1302ab1219238200a6bc,mycareersfuture:singapore:af0e68a0537c1302ab1219238200a6bc
noise,other_industry,singapore,MECHANICAL ENGINEERING,~keng chiu pte. ltd.,,,https://www.mycareersfuture.gov.sg/job/engineering/mechanical-engineering-keng-chiu-9320e44482f4661c9ffeb6cbc71b16b1,mycareersfuture:singapore:9320e44482f4661c9ffeb6cbc71b16b1
noise,other_industry,singapore,Java Software Engineer – Spring Boot / AWS,~absolut poh teo investment holding llp,,,https://www.mycareersfuture.gov.sg/job/engineering/java-software-engineer-%E2%80%93-spring-boot-aws-absolut-poh-teo-investment-holding-152b94d914f7281482cc3a2bb59eb5e2,mycareersfuture:singapore:152b94d914f7281482cc3a2bb59eb5e2
noise,other_industry,singapore,Java Software Engineer – Spring Boot / AWS,~a loop pte. ltd.,,,https://www.mycareersfuture.gov.sg/job/engineering/java-software-engineer-%E2%80%93-spring-boot-aws-loop-127e66523123f2b292b153bb62230c6f,mycareersfuture:singapore:127e66523123f2b292b153bb62230c6f
noise,other_industry,singapore,Java Software Engineer – Spring Boot / AWS,~acp computer training school pte. ltd.,,,https://www.mycareersfuture.gov.sg/job/engineering/java-software-engineer-%E2%80%93-spring-boot-aws-acp-computer-training-school-5e88561ef855eb9737207c0b4a5b737c,mycareersfuture:singapore:5e88561ef855eb9737207c0b4a5b737c
noise,other_industry,singapore,Associate,~sc capital partners pte. ltd.,,,https://www.mycareersfuture.gov.sg/job/accounting/associate-sc-capital-partners-37044e2220e8429bb6f8fe8bf13042a4,mycareersfuture:singapore:37044e2220e8429bb6f8fe8bf13042a4
noise,other_industry,singapore,6 Months Temp Front Office Assistant *CENTRAL* #HZTK,~recruit express pte ltd,plausible,adjacent,https://www.mycareersfuture.gov.sg/job/healthcare/6-months-temp-front-office-assistant-central-hztk-recruit-express-5db92d984f9900c3d14895c3dd5eb558,mycareersfuture:singapore:5db92d984f9900c3d14895c3dd5eb558
noise,other_industry,stockholm,Software Engineer,~ingrid capacity ab,,,https://arbetsformedlingen.se/platsbanken/annonser/31375817,jobtech:jobstream:31375817
noise,other_industry,singapore,Senior Data Scientist,~chevron singapore pte. ltd.,stretch,adjacent,https://www.mycareersfuture.gov.sg/job/others/senior-data-scientist-chevron-singapore-902381cfbe5cb5eb17567a7944b04f71,mycareersfuture:singapore:902381cfbe5cb5eb17567a7944b04f71
noise,other_industry,singapore,Senior Backend Engineer (Data Engineering),~scientec consulting pte. ltd.,,,https://www.mycareersfuture.gov.sg/job/information-technology/senior-backend-engineer-scientec-consulting-d34b6d365cfa2172b4ab4a3e50d64935,mycareersfuture:singapore:d34b6d365cfa2172b4ab4a3e50d64935
noise,other_industry,singapore,"Senior Advisor, CTC",~phillips 66 international trading pte. ltd.,,,https://www.mycareersfuture.gov.sg/job/others/senior-advisor-ctc-phillips-66-international-trading-f0527a2230c8e84113199a3c3f5bb52c,mycareersfuture:singapore:f0527a2230c8e84113199a3c3f5bb52c
noise,other_industry,singapore,Research Associate (Experimental and Behavioral Economics),~nanyang technological university,,,https://www.mycareersfuture.gov.sg/job/sciences/research-associate-nanyang-technological-university-d0a1cdc735d90127abeb3c5973cc687d,mycareersfuture:singapore:d0a1cdc735d90127abeb3c5973cc687d
noise,other_industry,singapore,Real Estate Asset Management & Valuations Analyst,~r. andersen & partners pte ltd,plausible,adjacent,https://www.mycareersfuture.gov.sg/job/banking-finance/real-estate-asset-management-valuations-analyst-r-andersen-partners-fd08b7a6a79e2c16b1c376cf085c6345,mycareersfuture:singapore:fd08b7a6a79e2c16b1c376cf085c6345
noise,other_industry,singapore,Process Integration Engineer,~systems on silicon manufacturing company pte ltd,,,https://www.mycareersfuture.gov.sg/job/engineering/process-integration-engineer-systems-silicon-manufacturing-company-c4afe5df80e96f9c71afb432d45f44d7,mycareersfuture:singapore:c4afe5df80e96f9c71afb432d45f44d7
noise,other_industry,stockholm,Pizzeria Mezzaluna HB,~pizzeria mezzaluna handelsbolag,,,https://jobbsafari.se/jobb/pizzeria-mezzaluna-hb-sasrb-20506813,jobbsafari:sweden:20506813
noise,other_industry,singapore,"Investment Analyst (Finance experience welcome, Real Estate Investment, $5k) (ID: 709947)",~persol singapore pte. ltd.,stretch,adjacent,https://www.mycareersfuture.gov.sg/job/banking-finance/investment-analyst-persol-singapore-f5e7f5eb3c1e7ec87ee9b3c49789877f,mycareersfuture:singapore:f5e7f5eb3c1e7ec87ee9b3c49789877f
noise,other_industry,stockholm,Intraday Trader,~fortum sweden,plausible,less_relevant,https://jobbsafari.se/jobb/intraday-trader-sksee-20501034,jobbsafari:sweden:20501034
noise,other_industry,singapore,FERROUS METAL TRADING,~jin li industrial international pte. ltd.,stretch,adjacent,https://www.mycareersfuture.gov.sg/job/banking-finance/ferrous-metal-trading-jin-li-industrial-international-29c56fed0314623b2e1b7cfba37441e8,mycareersfuture:singapore:29c56fed0314623b2e1b7cfba37441e8
noise,other_industry,singapore,CONSTRUCTIONAL  STEEL ERECTOR,~ranztone engineering  pte. ltd.,,,https://www.mycareersfuture.gov.sg/job/general-work/constructional-steel-erector-ranztone-engineering-e71645e491f3d169bd9500e23515b21f,mycareersfuture:singapore:e71645e491f3d169bd9500e23515b21f
noise,other_industry,singapore,Bunker Trader,~nunchi marine pte. ltd.,strong,less_relevant,https://www.mycareersfuture.gov.sg/job/wholesale-trade/bunker-trader-nunchi-marine-4be6c9b1e4d715ecc1083d41604207c7,mycareersfuture:singapore:4be6c9b1e4d715ecc1083d41604207c7
noise,other_industry,singapore,Bunker Supply Trader,~propeller fuels asia pte. ltd.,plausible,less_relevant,https://www.mycareersfuture.gov.sg/job/purchasing/bunker-supply-trader-propeller-fuels-asia-685e732d18ab14adb199a8b639a919b2,mycareersfuture:singapore:685e732d18ab14adb199a8b639a919b2
noise,other_industry,singapore,Application Analyst (LNG ETRM),~gmp technologies (s) pte ltd,,,https://www.mycareersfuture.gov.sg/job/information-technology/application-analyst-gmp-technologies-f8211db4a63614b14e1364a8e81b8db0,mycareersfuture:singapore:f8211db4a63614b14e1364a8e81b8db0
noise,other_industry,singapore,6 Months Temp Front Office Assistant (Central/up to $16/hr) #HGNT,~recruit express pte ltd,plausible,adjacent,https://www.mycareersfuture.gov.sg/job/healthcare/6-months-temp-front-office-assistant-hgnt-recruit-express-c7f035719e4f82d02b762c9a11b14917,mycareersfuture:singapore:c7f035719e4f82d02b762c9a11b14917
noise,other_industry,singapore,Treasury Specialist (1-Year Contract),~olam global agri pte. ltd.,stretch,adjacent,https://www.mycareersfuture.gov.sg/job/banking-finance/treasury-specialist-olam-global-agri-d42a9727bf2aff28be4b59ecc6e80d38,mycareersfuture:singapore:d42a9727bf2aff28be4b59ecc6e80d38
noise,other_industry,singapore,Technical Analyst – LNG / ETRM,~gmp technologies (s) pte ltd,,,https://www.mycareersfuture.gov.sg/job/information-technology/technical-analyst-%E2%80%93-lng-etrm-gmp-technologies-7138eefacc2a989ec77126cd1b63abfc,mycareersfuture:singapore:7138eefacc2a989ec77126cd1b63abfc
noise,other_industry,stockholm sweden other,Specialist inom teleteknik - bidra till framtidens järnvägsinfrastruktur!,~trafikverket,,,https://jobbsafari.se/jobb/specialist-inom-teleteknik-bidra-till-framtidens-jarnvagsinfrastruktur-sksee-20499825,jobbsafari:sweden:20499825
noise,other_industry,singapore,Regional Treasury Associate,~peak energy development pte. limited,stretch,adjacent,https://www.mycareersfuture.gov.sg/job/accounting/regional-treasury-associate-peak-energy-development-5a9c776564434cc3438785cb6039717b,mycareersfuture:singapore:5a9c776564434cc3438785cb6039717b
noise,other_industry,singapore,Physical Biofuels Broker,~arrow energy markets (singapore) pte. limited,,,https://www.mycareersfuture.gov.sg/job/others/physical-biofuels-broker-arrow-energy-markets-1bac9508a1ca749609ab267b0a01dff1,mycareersfuture:singapore:1bac9508a1ca749609ab267b0a01dff1
noise,other_industry,singapore,Oil Market Analyst – Full time – Singapore,~facts global energy pte. ltd.,,,https://www.mycareersfuture.gov.sg/job/consulting/oil-market-analyst-%E2%80%93-full-time-%E2%80%93-singapore-facts-global-energy-504b49efe84fb0f8c807c0b98930c1f5,mycareersfuture:singapore:504b49efe84fb0f8c807c0b98930c1f5
noise,other_industry,singapore deprioritized,Oil Market Analyst (China focus)  Singapore,~facts global energy pte. ltd.,,,https://www.mycareersfuture.gov.sg/job/consulting/oil-market-analyst-singapore-facts-global-energy-1f3edd7e96ecb35c716acd034c13ac6c,mycareersfuture:singapore:1f3edd7e96ecb35c716acd034c13ac6c
noise,other_industry,singapore,Market Risk professional supportingMetal/Gas/Power/Coal trading with international commodity trading MNC,~the cap consulting group pte. ltd.,stretch,adjacent,https://www.mycareersfuture.gov.sg/job/risk-management/market-risk-professional-supportingmetalgaspowercoal-trading-international-commodity-trading-mnc-cap-consulting-group-3fc98791887830a5266a71cea4539220,mycareersfuture:singapore:3fc98791887830a5266a71cea4539220
noise,other_industry,singapore,Junior Bunker Trader,~nw corporation pte. ltd.,strong,less_relevant,https://www.mycareersfuture.gov.sg/job/banking-finance/junior-bunker-trader-nw-corporation-6ebba65ddd3c07b4ed8944f0b58730bd,mycareersfuture:singapore:6ebba65ddd3c07b4ed8944f0b58730bd
noise,other_industry,singapore,Gas/LNG Market Analyst,~facts global energy pte. ltd.,,,https://www.mycareersfuture.gov.sg/job/consulting/gaslng-market-analyst-facts-global-energy-2854c6c1bfe131654be19197676e36a0,mycareersfuture:singapore:2854c6c1bfe131654be19197676e36a0
noise,other_industry,singapore,Business Analyst – Food and Beverage Systems,~goldtech resources pte ltd,,,https://www.mycareersfuture.gov.sg/job/food-and-beverage/business-analyst-%E2%80%93-food-beverage-systems-goldtech-resources-9c989080bd08c1c879a6fc61550a5fd2,mycareersfuture:singapore:9c989080bd08c1c879a6fc61550a5fd2
noise,other_industry,singapore,bending machine opeator,~jps manpower pte. ltd.,,,https://www.mycareersfuture.gov.sg/job/others/bending-machine-opeator-jps-manpower-c8413cd5ed6d4e6a7291d80e30edffc4,mycareersfuture:singapore:c8413cd5ed6d4e6a7291d80e30edffc4
noise,other_industry,stockholm copenhagen,Spot Trade Sales Specialist,3stepit.com,stretch,adjacent,https://3stepit-1732609133.teamtailor.com/jobs/7804346-spot-trade-sales-specialist,teamtailor:3stepit-1732609133:8c0aa0ac-f580-47d1-9524-26eef603d7b2
noise,other_industry,singapore,"Senior Associate, Broking-Natural Resources (Power)",~willis towers watson brokers (singapore) pte. ltd.,,,https://www.mycareersfuture.gov.sg/job/consulting/senior-associate-broking-natural-resources-willis-towers-watson-brokers-a438d114620515b122beae75d169369b,mycareersfuture:singapore:a438d114620515b122beae75d169369b
noise,other_industry,stockholm,Real Estate Credit Originator,coeli.com,,,https://coeli.careers.haileyhr.app/sv-SE/job/e632dcb6-8606-4468-a51c-fb374ee6acf5/0cfb3ddf-b2ad-4de5-b712-291955c65ea8/647b6b75-3e78-42aa-90d6-f1de07d6b301,hailey:coeli:0cfb3ddf-b2ad-4de5-b712-291955c65ea8
noise,other_industry,singapore,Private Equity Intern,digitalbridge.com,plausible,adjacent,https://job-boards.greenhouse.io/digitalbridge/jobs/5117607007,greenhouse:digitalbridge:5117607007
noise,other_industry,stockholm,Private Equity Associate,coeli.com,plausible,adjacent,https://coeli.careers.haileyhr.app/sv-SE/job/e632dcb6-8606-4468-a51c-fb374ee6acf5/babbcc14-37f2-424c-bbb8-b3abdd691994/2692c297-579c-4d64-9421-af787db3a3de,hailey:coeli:babbcc14-37f2-424c-bbb8-b3abdd691994
noise,other_industry,singapore,OIL TRADER,~china zhenhua oil trading (singapore) pte. ltd.,plausible,less_relevant,https://www.mycareersfuture.gov.sg/job/wholesale-trade/oil-trader-china-zhenhua-oil-trading-62faf2cc71d846e73191ac9e39b1d6d8,mycareersfuture:singapore:62faf2cc71d846e73191ac9e39b1d6d8
noise,other_industry,stockholm,Intraday Trader,~fortum,plausible,less_relevant,https://jobbsafari.se/jobb/intraday-trader-sfsor-20505534,jobbsafari:sweden:20505534
noise,other_industry,singapore,Finance Analyst,~helius technologies pte. ltd.,,,https://www.mycareersfuture.gov.sg/job/banking-finance/finance-analyst-helius-technologies-fcb9d2340cbd912f1a07bd3e5fed8680,mycareersfuture:singapore:fcb9d2340cbd912f1a07bd3e5fed8680
noise,other_industry,singapore,FX Trader,~green link digital bank pte. ltd.,stretch,less_relevant,https://www.mycareersfuture.gov.sg/job/banking-finance/fx-trader-green-link-digital-bank-ed60f40a336609f11bb10c923191e22b,mycareersfuture:singapore:ed60f40a336609f11bb10c923191e22b
noise,other_industry,singapore,Equity Trader,~green link digital bank pte. ltd.,stretch,less_relevant,https://www.mycareersfuture.gov.sg/job/banking-finance/equity-trader-green-link-digital-bank-a8887c40590e2a67c2f4bcf669858f56,mycareersfuture:singapore:a8887c40590e2a67c2f4bcf669858f56
noise,other_industry,singapore,Commercial Business Analyst,~general storage company pte. ltd.,,,https://www.mycareersfuture.gov.sg/job/general-management/commercial-business-analyst-general-storage-company-5d4114296c01b4a860ee6fa6618be431,mycareersfuture:singapore:5d4114296c01b4a860ee6fa6618be431
noise,other_industry,singapore,CRUDE OIL TRADER,~petroeast singapore pte. ltd.,stretch,adjacent,https://www.mycareersfuture.gov.sg/job/wholesale-trade/crude-oil-trader-petroeast-singapore-6a48f348f14942c1a6cfcc2662580607,mycareersfuture:singapore:6a48f348f14942c1a6cfcc2662580607
noise,other_industry,singapore,Business Analyst | Insurance | Contract,~manpower staffing services (singapore) pte ltd,,,https://www.mycareersfuture.gov.sg/job/information-technology/business-analyst-insurance-contract-manpower-staffing-services-ee50fb3985c09bce3504cbd42d84cf18,mycareersfuture:singapore:ee50fb3985c09bce3504cbd42d84cf18
noise,other_industry,singapore,"Associate, Aviation Finance (Job ID:10078876)","~mufg bank, ltd. singapore branch",,,https://www.mycareersfuture.gov.sg/job/banking-finance/associate-aviation-finance-mufg-bank-singapore-branch-f5edcdc377fba65f050656f2424a0290,mycareersfuture:singapore:f5edcdc377fba65f050656f2424a0290
noise,other_industry,singapore,"Analyst, Aviation Finance (Job ID:10078876)","~mufg bank, ltd. singapore branch",,,https://www.mycareersfuture.gov.sg/job/banking-finance/analyst-aviation-finance-mufg-bank-singapore-branch-7a051279de8ac996dd0764ba23c758e3,mycareersfuture:singapore:7a051279de8ac996dd0764ba23c758e3
noise,other_industry,singapore,AI Engineer,~kyberlife pte. ltd.,,,https://www.mycareersfuture.gov.sg/job/information-technology/ai-engineer-kyberlife-9850d19e6013ba0826d00fb76b333279,mycareersfuture:singapore:9850d19e6013ba0826d00fb76b333279
noise,other_industry,singapore,Vegetable Hand Packers,~tvi pte. ltd.,,,https://www.mycareersfuture.gov.sg/job/food-and-beverage/vegetable-hand-packers-tvi-4bc4a3101f5b9ea141d11ca8b17f248b,mycareersfuture:singapore:4bc4a3101f5b9ea141d11ca8b17f248b
noise,other_industry,singapore,"Research Associate Singapore, Kemin Animal Health & Nutrition",kemin.com,,,https://careers-kemin.icims.com/jobs/11846/research-associate---singapore%2c-kemin-animal-health-%26-nutrition/job,icims:kemin:11846
noise,other_industry,singapore,"Qc Technologist Singapore, Kemin Animal Health & Nutrition",kemin.com,,,https://careers-kemin.icims.com/jobs/12192/qc-technologist---singapore%2c-kemin-animal-health-%26-nutrition/job,icims:kemin:12192
noise,other_industry,singapore,Programme Associate,~montfort care,,,https://www.mycareersfuture.gov.sg/job/others/programme-associate-montfort-care-b57c6879e8c757efd7aec8891433385a,mycareersfuture:singapore:b57c6879e8c757efd7aec8891433385a
noise,other_industry,singapore,LPG Trader,~phillips 66 international trading pte. ltd.,plausible,adjacent,https://www.mycareersfuture.gov.sg/job/wholesale-trade/lpg-trader-phillips-66-international-trading-c3cf21b059b3889426a1836342e2eefa,mycareersfuture:singapore:c3cf21b059b3889426a1836342e2eefa
noise,other_industry,singapore,Financial Analyst,~valterra platinum marketing limited singapore branch,,,https://www.mycareersfuture.gov.sg/job/accounting/financial-analyst-valterra-platinum-marketing-singapore-branch-ccc44aa5b925b1cb0711cf1df52f9f48,mycareersfuture:singapore:ccc44aa5b925b1cb0711cf1df52f9f48
noise,other_industry,hong kong,"Equity Analyst, Public Real Estate Securities",heitman.com,plausible,adjacent,https://jobs.jobvite.com/heitman/job/oabaAfwP,jobvite:heitman:oabaAfwP
noise,other_industry,singapore,Tailor,~proper customs pte. ltd.,,,https://www.mycareersfuture.gov.sg/job/consulting/tailor-proper-customs-0caa1a66f6ce50be263e0575d40184f5,mycareersfuture:singapore:0caa1a66f6ce50be263e0575d40184f5
noise,other_industry,singapore,Associate/Senior Associate - Group Strategy & Investments (Real Estate),~tri-cap consulting pte. ltd.,,,https://www.mycareersfuture.gov.sg/job/banking-finance/associatesenior-associate-group-strategy-investments-tri-cap-consulting-f4458d088b0bb99b0400cda84098f80e,mycareersfuture:singapore:f4458d088b0bb99b0400cda84098f80e
noise,other_industry,hong kong,"Associate, Private Equity",brookfield.com,plausible,adjacent,https://brookfield.wd5.myworkdayjobs.com/en-US/brookfield/job/Hong-Kong/Associate--Private-Equity_R2051530,workday:brookfield|wd5|brookfield:/job/Hong-Kong/Associate--Private-Equity_R2051530
noise,other_industry,stockholm,AI Engineer till Folksam,medmerabank.se,plausible,adjacent,https://career.computerswedenrecruitment.se/jobs/7884695-ai-engineer-till-folksam,teamtailor:career.computerswedenrecruitment.se:8cb4d7f1-b905-49d3-b7e4-73959d332f9c
noise,other_industry,singapore,Web CMS Developer,~user experience researchers pte. ltd.,,,https://www.mycareersfuture.gov.sg/job/information-technology/web-cms-developer-user-experience-researchers-1db1d2401fdf1a7d1e7b896a38a0a644,mycareersfuture:singapore:1db1d2401fdf1a7d1e7b896a38a0a644
noise,other_industry,singapore,Software Engineer (System) 1 YEAR CONTRACT,~msi global private limited,,,https://www.mycareersfuture.gov.sg/job/information-technology/software-engineer-1-year-contract-msi-global-34c3e3060da28bb06356a7d5357206f3,mycareersfuture:singapore:34c3e3060da28bb06356a7d5357206f3
noise,other_industry,hong kong deprioritized,Senior Engineer,jll.com,,,https://jll.wd1.myworkdayjobs.com/en-US/jllcareers/job/Hong-Kong-SAR-China/Senior-Engineer_REQ525749,workday:jll|wd1|jllcareers:/job/Hong-Kong-SAR-China/Senior-Engineer_REQ525749
noise,other_industry,singapore,Senior Analyst/Associate – Debt and Structured Finance APAC,jll.com,stretch,adjacent,https://jll.wd1.myworkdayjobs.com/en-US/jllcareers/job/Singapore/Senior-Analyst-Associate---Debt-and-Structured-Finance-APAC_REQ527160,workday:jll|wd1|jllcareers:/job/Singapore/Senior-Analyst-Associate---Debt-and-Structured-Finance-APAC_REQ527160
noise,other_industry,stockholm,Integration Engineer,flower.teamtailor.com,,,https://arbetsformedlingen.se/platsbanken/annonser/31355731,jobtech:jobstream:31355731
noise,other_industry,singapore,"Executive, Trading",~sembcorp cogen pte ltd,plausible,adjacent,https://www.mycareersfuture.gov.sg/job/others/executive-trading-sembcorp-cogen-8c8bc537fafbad31447265ad1843c24c,mycareersfuture:singapore:8c8bc537fafbad31447265ad1843c24c
noise,other_industry,singapore,Crypto Quant Trader (Arbitrage & Market Making),~goldden valley capital management pte. ltd.,stretch,less_relevant,https://www.mycareersfuture.gov.sg/job/banking-finance/crypto-quant-trader-goldden-valley-capital-management-15d42bef1aee91bb014725b23bcee783,mycareersfuture:singapore:15d42bef1aee91bb014725b23bcee783
noise,other_industry,singapore,Account Management Associate,~flow entertainment pte. ltd.,,,https://www.mycareersfuture.gov.sg/job/hospitality/account-management-associate-flow-entertainment-37f388d2179d4a64dc51fecb7b4880a0,mycareersfuture:singapore:37f388d2179d4a64dc51fecb7b4880a0
noise,other_industry,stockholm,"Rättslig expert, RA, Stockholm",~försäkringskassan,,,https://jobbsafari.se/jobb/jurist-ra-stockholm-sasrb-20489582,jobbsafari:sweden:20489582
noise,other_industry,singapore,Private Equity Investment Analyst (6-months internship) - starting July or August 2026,hqcapital.com,plausible,adjacent,https://hq-capital-deutschland-gmbh.jobs.personio.de/job/2694266,personio:hq-capital-deutschland-gmbh:2694266
noise,other_industry,stockholm,Norvestor Private Equity Internship Stockholm,norvestor.com,plausible,adjacent,https://norvestor.jobs.personio.de/job/2742326,personio:norvestor:2742326
noise,other_industry,singapore,Investment Intern - FS Asia,leapfroginvest.com,,,https://leapfrog.bamboohr.com/careers/76,bamboohr:leapfrog:76
noise,other_industry,stockholm,"Intern, Investment team - Stockholm",summaequity.com,,,https://summaequity.bamboohr.com/careers/57,bamboohr:summaequity:57
noise,other_industry,hong kong deprioritized,Data Analyst (3 months contract),jll.com,,,https://jll.wd1.myworkdayjobs.com/en-US/jllcareers/job/Hong-Kong-SAR-China/Data-Analyst--3-months-contract-_REQ526479,workday:jll|wd1|jllcareers:/job/Hong-Kong-SAR-China/Data-Analyst--3-months-contract-_REQ526479
noise,other_industry,singapore,Copper Concentrate Trader,~nextbeat singapore pte. ltd.,stretch,less_relevant,https://www.mycareersfuture.gov.sg/job/banking-finance/copper-concentrate-trader-nextbeat-singapore-2c4bbd3437e3a22ea3d401986e21deda,mycareersfuture:singapore:2c4bbd3437e3a22ea3d401986e21deda
noise,other_industry,singapore,Commodity Trader  - based in SG,~gent commodity pte. ltd.,strong,less_relevant,https://www.mycareersfuture.gov.sg/job/others/commodity-trader-based-sg-gent-commodity-444e8d7e9fe4183ef532647b124f5667,mycareersfuture:singapore:444e8d7e9fe4183ef532647b124f5667
noise,other_industry,singapore,Blister Copper Trader,~nextbeat singapore pte. ltd.,plausible,less_relevant,https://www.mycareersfuture.gov.sg/job/banking-finance/blister-copper-trader-nextbeat-singapore-ff648de60a279f8496825e74a2d1838f,mycareersfuture:singapore:ff648de60a279f8496825e74a2d1838f
noise,other_industry,singapore,Assistant Baker,~pure eddiction pte ltd,,,https://www.mycareersfuture.gov.sg/job/manufacturing/assistant-baker-pure-eddiction-60083f03a246edab582b5cbb7385002f,mycareersfuture:singapore:60083f03a246edab582b5cbb7385002f
noise,other_industry,singapore,Aluminium Business Trader,~nextbeat singapore pte. ltd.,stretch,less_relevant,https://www.mycareersfuture.gov.sg/job/banking-finance/aluminium-business-trader-nextbeat-singapore-5495519a1c2a90d992be0e5bedea7117,mycareersfuture:singapore:5495519a1c2a90d992be0e5bedea7117
noise,other_industry,singapore,Trading Analyst / Junior trader,~itg resources (singapore) pte. ltd.,stretch,adjacent,https://www.mycareersfuture.gov.sg/job/wholesale-trade/trading-analyst-junior-trader-itg-resources-edc4d46d2d36de7846c9c41fd83bc8c3,mycareersfuture:singapore:edc4d46d2d36de7846c9c41fd83bc8c3
noise,other_industry,singapore,TILER,~sarimon engineering pte. ltd.,,,https://www.mycareersfuture.gov.sg/job/building-construction/tiler-sarimon-engineering-9df092ff91574b0aea10bf256d3206e4,mycareersfuture:singapore:9df092ff91574b0aea10bf256d3206e4
noise,other_industry,stockholm,Nordics NRM Associate,~gsk group of companies,,,https://jobbsafari.se/jobb/nordics-nrm-associate-scsom-20488879,jobbsafari:sweden:20488879
noise,other_industry,singapore,Machine Learning Engineer,~cgg services (singapore) pte. ltd.,plausible,adjacent,https://www.mycareersfuture.gov.sg/job/information-technology/machine-learning-engineer-cgg-services-650cb21c1d76416633d5d4d04d997f21,mycareersfuture:singapore:650cb21c1d76416633d5d4d04d997f21
noise,other_industry,stockholm,Kvantitativt inriktad analytiker för verksamhetsuppföljning,~ekobrottsmyndigheten,,,https://jobbsafari.se/jobb/kvantitativt-inriktad-analytiker-for-verksamhetsuppfoljning-scsom-20480352,jobbsafari:sweden:20480352
noise,other_industry,singapore,Junior Freight Analyst,~thurlestone shipping (singapore) pte. ltd.,,,https://www.mycareersfuture.gov.sg/job/others/junior-freight-analyst-thurlestone-shipping-3261f38fd7fe7bea38e63f7a67f9eca6,mycareersfuture:singapore:3261f38fd7fe7bea38e63f7a67f9eca6
noise,other_industry,stockholm,Söker anställed som servitis,~happy lamb ab,,,https://jobbsafari.se/jobb/soker-anstalled-som-servitis-sasrb-20485430,jobbsafari:sweden:20485430
noise,other_industry,singapore,Software Engineer (System),~acp computer training school pte. ltd.,,,https://www.mycareersfuture.gov.sg/job/engineering/software-engineer-acp-computer-training-school-9ecf050d1087f34fcc813ac9d2881a5c,mycareersfuture:singapore:9ecf050d1087f34fcc813ac9d2881a5c
noise,other_industry,singapore,Shift Trader,~squarepoint services singapore pte. ltd.,plausible,adjacent,https://www.mycareersfuture.gov.sg/job/banking-finance/shift-trader-squarepoint-services-singapore-a6d2d5c484f7f90ed1cc30a2a791289f,mycareersfuture:singapore:a6d2d5c484f7f90ed1cc30a2a791289f
noise,other_industry,singapore,Machine Learning Engineer,~keysight technologies singapore (sales) pte. ltd.,stretch,adjacent,https://www.mycareersfuture.gov.sg/job/engineering/machine-learning-engineer-keysight-technologies-singapore-f374dcfac83967414d18b6b1ba3596c1,mycareersfuture:singapore:f374dcfac83967414d18b6b1ba3596c1
noise,other_industry,singapore,Electrolytic Copper Trader,~nextbeat singapore pte. ltd.,stretch,less_relevant,https://www.mycareersfuture.gov.sg/job/banking-finance/electrolytic-copper-trader-nextbeat-singapore-309a6b774f53cef301262417abe755c6,mycareersfuture:singapore:309a6b774f53cef301262417abe755c6
noise,other_industry,singapore,Commercial & Product Analyst / Data & Insights Analyst,~aeco pacific services singapore pte. ltd.,,,https://www.mycareersfuture.gov.sg/job/others/commercial-product-analyst-data-insights-analyst-aeco-pacific-services-singapore-171bb7fe4259587268aaed126efa4466,mycareersfuture:singapore:171bb7fe4259587268aaed126efa4466
noise,other_industry,singapore,Analyst (Real Estate Insurance),jll.com,,,https://jll.wd1.myworkdayjobs.com/en-US/jllcareers/job/Singapore/Analyst--Real-Estate-Insurance-_REQ526510,workday:jll|wd1|jllcareers:/job/Singapore/Analyst--Real-Estate-Insurance-_REQ526510
noise,other_industry,stockholm,AI Enablement Engineer,~einride swe,,,https://jobbsafari.se/jobb/ai-enablement-engineer-sesin-20477895,jobbsafari:sweden:20477895
noise,other_industry,singapore,6 Months Temp Front Office Assistant *CENTRAL* #HZTK,~recruit express pte ltd,plausible,adjacent,https://www.mycareersfuture.gov.sg/job/healthcare/6-months-temp-front-office-assistant-central-hztk-recruit-express-126708ba3a3655df237348a419bec20e,mycareersfuture:singapore:126708ba3a3655df237348a419bec20e
noise,other_industry,singapore,"Intern, Finance Transformation, AI & Analytics",capitaland.com,plausible,adjacent,https://capitaland.wd3.myworkdayjobs.com/en-US/CapitaLandGroup/job/Singapore-Central-Singapore/Intern--Finance-Transformation--AI---Analytics_JR004880-1,workday:capitaland|wd3|CapitaLandGroup:/job/Singapore-Central-Singapore/Intern--Finance-Transformation--AI---Analytics_JR004880-1
noise,other_industry,stockholm,AI Enablement Engineer,~einride ab,,,https://jobbsafari.se/jobb/ai-enablement-engineer-scsom-20487385,jobbsafari:sweden:20487385
noise,other_industry,stockholm,Kvantitativt inriktad analytiker för verksamhetsuppföljning,~ekobrottsmyndigheten,,,https://jobbsafari.se/jobb/kvantitativt-inriktad-analytiker-for-verksamhetsuppfoljning-sasrb-20475885,jobbsafari:sweden:20475885
noise,other_industry,singapore,[JIM LV TEST – Do NOT Apply] 2027 Management Associate Programme (Business and Support Units),dbs.com,,,https://dbs.wd3.myworkdayjobs.com/en-US/DBS_Careers/job/Singapore---Central/XMLNAME--JIM-LV-TEST---Do-NOT-Apply--2027-Management-Associate-Programme--Business-and-Support-Units-_WD87477,workday:dbs|wd3|DBS_Careers:/job/Singapore---Central/XMLNAME--JIM-LV-TEST---Do-NOT-Apply--2027-Management-Associate-Programme--Business-and-Support-Units-_WD87477
noise,other_industry,singapore,Vegetable Hand Packers,~tvi pte. ltd.,,,https://www.mycareersfuture.gov.sg/job/food-and-beverage/vegetable-hand-packers-tvi-6e27656e7062d85b6cc4af76ea609fb0,mycareersfuture:singapore:6e27656e7062d85b6cc4af76ea609fb0
noise,other_industry,singapore,Trader,~itochu singapore pte ltd,stretch,less_relevant,https://www.mycareersfuture.gov.sg/job/wholesale-trade/trader-itochu-singapore-b6a2a05a6d2506e0d4648755adaa33f2,mycareersfuture:singapore:b6a2a05a6d2506e0d4648755adaa33f2
noise,other_industry,singapore,Temp Front Office Assistant @ Novena #HGAT,~recruit express pte ltd,plausible,adjacent,https://www.mycareersfuture.gov.sg/job/healthcare/temp-front-office-assistant-novena-hgat-recruit-express-997e5fe80bb175d0839576aec4761ae0,mycareersfuture:singapore:997e5fe80bb175d0839576aec4761ae0
noise,other_industry,singapore,"Senior Associate, Group Investments",~esr sg management pte. ltd.,,,https://www.mycareersfuture.gov.sg/job/banking-finance/senior-associate-group-investments-esr-sg-management-d76ee35b3013631b8f90b4c3819836cc,mycareersfuture:singapore:d76ee35b3013631b8f90b4c3819836cc
noise,other_industry,singapore,Commercial & Product Analyst / Data & Insights Analyst,~asia energy company (aeco) pte. ltd.,,,https://www.mycareersfuture.gov.sg/job/others/commercial-product-analyst-data-insights-analyst-asia-energy-company-1e411e3d6c65f7ee1ad67b5517179889,mycareersfuture:singapore:1e411e3d6c65f7ee1ad67b5517179889
noise,other_industry,singapore,Data Architect,~user experience researchers pte. ltd.,,,https://www.mycareersfuture.gov.sg/job/information-technology/data-architect-user-experience-researchers-031622190838f6313aa252487160cc52,mycareersfuture:singapore:031622190838f6313aa252487160cc52
noise,other_industry,singapore,foot reflexology,~star tree health pte. ltd.,,,https://www.mycareersfuture.gov.sg/job/others/foot-reflexology-star-tree-health-d7537f16bafb60c43473da58778360f3,mycareersfuture:singapore:d7537f16bafb60c43473da58778360f3
noise,other_industry,singapore,Workforce Performance Consultant,~business edge personnel services pte ltd,,,https://www.mycareersfuture.gov.sg/job/consulting/workforce-performance-consultant-business-edge-personnel-services-95f6bd4fd4a2fa960676abce0d6e5a76,mycareersfuture:singapore:95f6bd4fd4a2fa960676abce0d6e5a76
noise,other_industry,singapore,Trading Assistant – Coal,~hengyi industries international pte. ltd.,stretch,adjacent,https://www.mycareersfuture.gov.sg/job/wholesale-trade/trading-assistant-%E2%80%93-coal-hengyi-industries-international-04127ad74a9659abdb7ab29b412665b9,mycareersfuture:singapore:04127ad74a9659abdb7ab29b412665b9
noise,other_industry,singapore,Trader (Physical Commodity/ Sales exp/ No exp welcomed!),~trust recruit pte. ltd.,plausible,less_relevant,https://www.mycareersfuture.gov.sg/job/sales/trader-trust-recruit-00234fb9092f0aeacdc93c10deb7a7fa,mycareersfuture:singapore:00234fb9092f0aeacdc93c10deb7a7fa
noise,other_industry,singapore,Quant Trading Engineer,~surf lab pte. ltd.,stretch,less_relevant,https://www.mycareersfuture.gov.sg/job/accounting/quant-trading-engineer-surf-lab-d502db700887d0bccba787e9caca1930,mycareersfuture:singapore:d502db700887d0bccba787e9caca1930
noise,other_industry,singapore,Experienced Oil Derivatives Trader,~fueling maritime (asia) pte. ltd.,stretch,less_relevant,https://www.mycareersfuture.gov.sg/job/banking-finance/experienced-oil-derivatives-trader-fueling-maritime-ea4ee13745d3f5883507265f755030a8,mycareersfuture:singapore:ea4ee13745d3f5883507265f755030a8
noise,other_industry,stockholm,Engineering Support Analyst,~fdj united,,,https://jobbsafari.se/jobb/engineering-support-analyst-scsom-20472187,jobbsafari:sweden:20472187
noise,other_industry,stockholm,Engineering Support Analyst,~kindred people ab,,,https://jobbsafari.se/jobb/engineering-support-analyst-sasrb-20467942,jobbsafari:sweden:20467942
noise,other_industry,stockholm,Engineering Support Analyst,~fdj united,,,https://jobbsafari.se/jobb/engineering-support-analyst-scsom-20469651,jobbsafari:sweden:20469651
noise,other_industry,singapore,Assistant Trader,~liven nutrients pte. ltd.,plausible,less_relevant,https://www.mycareersfuture.gov.sg/job/wholesale-trade/assistant-trader-liven-nutrients-45804877c4d3c45b27020b18c17222a3,mycareersfuture:singapore:45804877c4d3c45b27020b18c17222a3
noise,other_industry,singapore,"Software Engineer (mid-level, L4)",~hotlotz pte. ltd.,,,https://www.mycareersfuture.gov.sg/job/engineering/software-engineer-hotlotz-8af8b635b92a78963c147e2547ace524,mycareersfuture:singapore:8af8b635b92a78963c147e2547ace524
noise,other_industry,singapore,Senior Dry Bulk Market Analyst,~ansun shipping pte. ltd.,,,https://www.mycareersfuture.gov.sg/job/logistics/senior-dry-bulk-market-analyst-ansun-shipping-80008e6cb6443c7af5444512e3ee94df,mycareersfuture:singapore:80008e6cb6443c7af5444512e3ee94df
noise,other_industry,singapore deprioritized,"Grid Connection Technical Expert (Singapore, UK or Spain)",univers.com,,,https://univers.breezy.hr/p/73f226015c6501-grid-connection-technical-expert-singapore-uk-or-spain,breezy:univers:73f226015c6501
noise,other_industry,singapore,AI Engineer,~we-plus pte. ltd.,,,https://www.mycareersfuture.gov.sg/job/information-technology/ai-engineer-we-plus-6c2157f89e1439380d1ed1febc8837f7,mycareersfuture:singapore:6c2157f89e1439380d1ed1febc8837f7
noise,other_industry,singapore,"Research Analyst, Memory Markets",~semianalysis private limited,stretch,adjacent,https://www.mycareersfuture.gov.sg/job/banking-finance/research-analyst-memory-markets-semianalysis-e35d2c4a0057f658d04e5a1e7d0c5d84,mycareersfuture:singapore:e35d2c4a0057f658d04e5a1e7d0c5d84
noise,other_industry,singapore,"Investment Analyst (Start up, deep tech industry, up to $10k) (ID: 708067)",~persol singapore pte. ltd.,stretch,adjacent,https://www.mycareersfuture.gov.sg/job/banking-finance/investment-analyst-persol-singapore-6bf4c2152a7726d8242d582677cb348e,mycareersfuture:singapore:6bf4c2152a7726d8242d582677cb348e
noise,other_industry,singapore,"Associate, Private Capital Markets",capitaland.com,plausible,adjacent,https://capitaland.wd3.myworkdayjobs.com/en-US/CapitaLandGroup/job/Singapore-Central-Singapore/Associate--Private-Capital-Markets_JR004902,workday:capitaland|wd3|CapitaLandGroup:/job/Singapore-Central-Singapore/Associate--Private-Capital-Markets_JR004902
noise,other_industry,singapore,Associate,~digitalbridge apac pte. ltd.,,,https://www.mycareersfuture.gov.sg/job/banking-finance/associate-digitalbridge-apac-99a7e7a971033401791476338112cae8,mycareersfuture:singapore:99a7e7a971033401791476338112cae8
noise,other_industry,singapore,Staff Software Engineer - (Platform & Applications - CloudApps),~motional singapore pte. limited,,,https://www.mycareersfuture.gov.sg/job/engineering/staff-software-engineer--motional-singapore-35daec22a99d39ff725469730c3b897c,mycareersfuture:singapore:35daec22a99d39ff725469730c3b897c
noise,other_industry,singapore,"Senior Associate, Project Finance, Institutional Banking Group",dbs.com,,,https://dbs.wd3.myworkdayjobs.com/en-US/DBS_Careers/job/Singapore---Central/AVP--Project-Finance--Institutional-Banking-Group_WD82991,workday:dbs|wd3|DBS_Careers:/job/Singapore---Central/AVP--Project-Finance--Institutional-Banking-Group_WD82991
noise,other_industry,singapore,Satair - IT Supporter,airbus.com,,,https://ag.wd3.myworkdayjobs.com/en-US/Airbus/job/Singapore-Area/Satair---IT-Supporter_JR10400510,workday:ag|wd3|Airbus:/job/Singapore-Area/Satair---IT-Supporter_JR10400510
noise,other_industry,singapore,Sales Trader,cmcmarkets.com,plausible,adjacent,https://cmcmarkets.wd3.myworkdayjobs.com/en-US/CMC_Markets_Careers/job/Singapore/Sales-Trader_CMC4427-1,workday:cmcmarkets|wd3|CMC_Markets_Careers:/job/Singapore/Sales-Trader_CMC4427-1
noise,other_industry,singapore,"Intern, Investment & Asset Management, CLASML",capitaland.com,plausible,adjacent,https://capitaland.wd3.myworkdayjobs.com/en-US/CapitaLandGroup/job/Singapore-Central-Singapore/Intern--Investment---Asset-Management--CLASML_JR004636-1,workday:capitaland|wd3|CapitaLandGroup:/job/Singapore-Central-Singapore/Intern--Investment---Asset-Management--CLASML_JR004636-1
noise,other_industry,singapore,Integration and Field Support Engineer (IFSE),airbus.com,,,https://ag.wd3.myworkdayjobs.com/en-US/Airbus/job/Singapore-Area/Integration-and-Field-Support-Engineer--IFSE-_JR10414874,workday:ag|wd3|Airbus:/job/Singapore-Area/Integration-and-Field-Support-Engineer--IFSE-_JR10414874
noise,other_industry,singapore,Data Scientist (Supply Chain),~olam international limited,stretch,adjacent,https://www.mycareersfuture.gov.sg/job/logistics/data-scientist-olam-international-4ac6fc76dcba2f05ee0abc59cab2a950,mycareersfuture:singapore:4ac6fc76dcba2f05ee0abc59cab2a950
noise,other_industry,hong kong,"Associate, Private Equity, CLSA Capital Partners",clsa.com,plausible,adjacent,https://citicclsa.wd3.myworkdayjobs.com/en-US/External/job/Hong-Kong/Associate--Private-Equity--CLSA-Capital-Partners_JR003108-3,workday:citicclsa|wd3|External:/job/Hong-Kong/Associate--Private-Equity--CLSA-Capital-Partners_JR003108-3
noise,other_industry,singapore,"Analyst, Portfolio Management",capitaland.com,plausible,adjacent,https://capitaland.wd3.myworkdayjobs.com/en-US/CapitaLandGroup/job/Singapore-Central-Singapore/Analyst--Portfolio-Management_JR004816-2,workday:capitaland|wd3|CapitaLandGroup:/job/Singapore-Central-Singapore/Analyst--Portfolio-Management_JR004816-2
noise,other_industry,stockholm,Senior Data Scientist - Scania Asset Management,~scania group,stretch,adjacent,https://jobbsafari.se/jobb/senior-data-scientist-scania-asset-management-sssca-20408027,jobbsafari:sweden:20408027
noise,other_industry,singapore,Operation Analyst (Dry Bulk) - Contract,~ambition group singapore pte. ltd.,,,https://www.mycareersfuture.gov.sg/job/wholesale-trade/operation-analyst-contract-ambition-group-singapore-acde5e58597b3c58f57b71af75de5d5d,mycareersfuture:singapore:acde5e58597b3c58f57b71af75de5d5d
noise,other_industry,hong kong,Digital Assets Trader,flowtraders.com,plausible,less_relevant,https://job-boards.greenhouse.io/flowtraders/jobs/7770955,greenhouse:flowtraders:7770955
noise,other_industry,stockholm,Senior Spare Parts Pricing Analyst,~husqvarna group,stretch,adjacent,https://jobbsafari.se/jobb/senior-spare-parts-pricing-analyst-scsom-20458499,jobbsafari:sweden:20458499
noise,other_industry,singapore,Asset Management Specialist,~ezsvs singapore (pte.) ltd.,stretch,adjacent,https://www.mycareersfuture.gov.sg/job/information-technology/asset-management-specialist-ezsvs-singapore-3e0cf20c82d64250a8fabe475761a0f2,mycareersfuture:singapore:3e0cf20c82d64250a8fabe475761a0f2
noise,other_industry,singapore,Analyst,~semianalysis private limited,,,https://www.mycareersfuture.gov.sg/job/information-technology/analyst-semianalysis-ebe99a1fe0be7c5e621772567158f82c,mycareersfuture:singapore:ebe99a1fe0be7c5e621772567158f82c
noise,other_industry,singapore,6 Months Temp Front Office Assistant (HOSPITAL),~recruit express pte ltd,plausible,adjacent,https://www.mycareersfuture.gov.sg/job/customer-service/6-months-temp-front-office-assistant-recruit-express-51062c844276694eafe589656528a8b9,mycareersfuture:singapore:51062c844276694eafe589656528a8b9
noise,other_industry,singapore,FULL TIME GARDENER,~universal landscape & construction pte. ltd.,,,https://www.mycareersfuture.gov.sg/job/others/full-time-gardener-universal-landscape-construction-8f9859a53521cc97a6ab3c364f192290,mycareersfuture:singapore:8f9859a53521cc97a6ab3c364f192290
noise,other_industry,singapore,Trader | Crypto,jumptrading.com,stretch,less_relevant,https://www.jumptrading.com/hr/job?gh_jid=4862925,greenhouse:jumptrading:4862925
noise,other_industry,singapore,Research Fellow (Quantitative Research),~national university of singapore,plausible,relevant,https://www.mycareersfuture.gov.sg/job/sciences/research-fellow-national-university-singapore-8783fde5c18a13f7e4432aae525f8fee,mycareersfuture:singapore:8783fde5c18a13f7e4432aae525f8fee
noise,other_industry,singapore,Junior Trader Alcoholic Beverages (Duty Free),~alcools pte. ltd.,strong,less_relevant,https://www.mycareersfuture.gov.sg/job/wholesale-trade/junior-trader-alcoholic-beverages-alcools-2d4a8b3f759b0eb4545f71ad3c438c12,mycareersfuture:singapore:2d4a8b3f759b0eb4545f71ad3c438c12
noise,other_industry,singapore,Analyst,~coliwoo property management pte. ltd.,,,https://www.mycareersfuture.gov.sg/job/real-estate/analyst-coliwoo-property-management-c545ef64f0cbe93100e8b89c45cc8c9d,mycareersfuture:singapore:c545ef64f0cbe93100e8b89c45cc8c9d
noise,other_industry,singapore,Process Integration Engineer,~systems on silicon manufacturing company pte ltd,,,https://www.mycareersfuture.gov.sg/job/engineering/process-integration-engineer-systems-silicon-manufacturing-company-241b74b768c2303af22dbe97dee134ad,mycareersfuture:singapore:241b74b768c2303af22dbe97dee134ad
noise,other_industry,singapore,Software Engineer,~ytl powerseraya pte. limited,,,https://www.mycareersfuture.gov.sg/job/information-technology/software-engineer-ytl-powerseraya-4191837db0461225a2ac9d6195cc96a5,mycareersfuture:singapore:4191837db0461225a2ac9d6195cc96a5
noise,other_industry,singapore,Senior Energy Market Analyst,~energy exemplar (singapore) pte. ltd.,,,https://www.mycareersfuture.gov.sg/job/consulting/senior-energy-market-analyst-energy-exemplar-0e9efead9f90f2bb4a8a73b8b0e66483,mycareersfuture:singapore:0e9efead9f90f2bb4a8a73b8b0e66483
noise,other_industry,singapore,Intern / Analyst / Senior Analys,~vista health pte. ltd.,,,https://www.mycareersfuture.gov.sg/job/consulting/intern-analyst-senior-analys-vista-health-9bcac452e75b1f5c03f35317ab570c96,mycareersfuture:singapore:9bcac452e75b1f5c03f35317ab570c96
noise,other_industry,singapore,"C, C++ Developer",~helius technologies pte. ltd.,,,https://www.mycareersfuture.gov.sg/job/information-technology/c-c-developer-helius-technologies-e89526e61bbb92c120bc0525f6f2e886,mycareersfuture:singapore:e89526e61bbb92c120bc0525f6f2e886
noise,other_industry,singapore,Senior AI Engineer,~allen & gledhill llp,,,https://www.mycareersfuture.gov.sg/job/information-technology/senior-ai-engineer-allen-gledhill-9e84364e7db9e5106a6e5f773c85fb57,mycareersfuture:singapore:9e84364e7db9e5106a6e5f773c85fb57
noise,other_industry,stockholm,Kassa/Service,~nonton ab,,,https://jobbsafari.se/jobb/kassaservice-sasrb-20442213,jobbsafari:sweden:20442213
noise,other_industry,singapore,Business Analyst – Food and Beverage Systems,~goldtech resources pte ltd,,,https://www.mycareersfuture.gov.sg/job/food-and-beverage/business-analyst-%E2%80%93-food-beverage-systems-goldtech-resources-bbc7ff3a5a8ef1cd0ee3f826e5f1be10,mycareersfuture:singapore:bbc7ff3a5a8ef1cd0ee3f826e5f1be10
noise,other_industry,stockholm,Junior Analyst to the Italian Trade Agency in Stockholm,~multimind holding ab,,,https://jobbsafari.se/jobb/junior-analyst-to-the-italian-trade-agency-in-stockholm-sasrb-20421456,jobbsafari:sweden:20421456
noise,other_industry,singapore,Senior Software Engineer - Trading,blockchaincapital.com,stretch,adjacent,https://www.coinbase.com/careers/positions/7866674?gh_jid=7866674,greenhouse:coinbase:7866674
noise,other_industry,stockholm,Vikariat på tandtekniska laboratorium i Södertälje,~sweden dental ab,,,https://jobbsafari.se/jobb/vikariat-pa-tandtekniska-laboratorium-i-sodertalje-sasrb-20399750,jobbsafari:sweden:20399750
noise,other_industry,stockholm,Grid Specialist (German speaking),~flower,,,https://jobbsafari.se/jobb/grid-specialist-german-speaking-scsom-20387937,jobbsafari:sweden:20387937
noise,other_industry,singapore us other deprioritized,Quantitative Researcher,midpointmarkets.com,plausible,relevant,https://job-boards.greenhouse.io/midpointmarkets/jobs/4955603008,greenhouse:midpointmarkets:4955603008
noise,other_industry,singapore us other deprioritized,Quantitative Developer,midpointmarkets.com,plausible,less_relevant,https://job-boards.greenhouse.io/midpointmarkets/jobs/4955615008,greenhouse:midpointmarkets:4955615008
noise,other_industry,stockholm,Private Equity Event Volunteer,~cfo insights,plausible,adjacent,https://jobbsafari.se/jobb/private-equity-event-volunteer-scsom-19236653,jobbsafari:sweden:19236653
noise,other_industry,stockholm,Private Equity Conference Volunteer,~cfo insights,plausible,adjacent,https://jobbsafari.se/jobb/private-equity-conference-volunteer-scsom-19236659,jobbsafari:sweden:19236659
noise,other_industry,stockholm,Senior Data Scientist,~flower infrastructure technologies ab,stretch,adjacent,https://jobbsafari.se/jobb/senior-data-scientist-sasrb-20113085,jobbsafari:sweden:20113085
noise,other_industry,stockholm,ställning byggare,~r k diagonal ab,,,https://jobbsafari.se/jobb/stallning-byggare-sasrb-20076273,jobbsafari:sweden:20076273
noise,other_industry,stockholm,Sommarvikarier,~vardaga ab,,,https://jobbsafari.se/jobb/sommarvikarier-sksee-19152526,jobbsafari:sweden:19152526
noise,sales_relationship,hong kong,"Officer, Relationship Associate (Emerging Corporates), Citi Commercial Bank",citibank.com.sg,,,https://citi.wd5.myworkdayjobs.com/en-US/2/job/Kowloon--Hong-Kong/Relationship-Associate_26985458,workday:citi|wd5|2:/job/Kowloon--Hong-Kong/Relationship-Associate_26985458
noise,sales_relationship,hong kong,"Officer, Relationship Associate (Consumer & Retail and NBFI), Citi Commercial Bank",citibank.com.sg,,,https://citi.wd5.myworkdayjobs.com/en-US/2/job/Kowloon--Hong-Kong/Relationship-Associate--Consumer---Retail-and-NBFI-_26985123,workday:citi|wd5|2:/job/Kowloon--Hong-Kong/Relationship-Associate--Consumer---Retail-and-NBFI-_26985123
noise,sales_relationship,singapore,Telemarketer,~stratify consulting llp,,,https://www.mycareersfuture.gov.sg/job/telecommunications/telemarketer-stratify-consulting-d88d256053bdcefbf466b521641f03dd,mycareersfuture:singapore:d88d256053bdcefbf466b521641f03dd
noise,sales_relationship,singapore,Senior Institutional FX Product Sales - Global Markets Division,bankofsingapore.com,stretch,adjacent,https://ocbc.wd102.myworkdayjobs.com/en-US/External/job/OCBC-Singapore/Senior-FX---CFD-Product-Sales---Global-Markets-Equities_JR00008443,workday:ocbc|wd102|External:/job/OCBC-Singapore/Senior-FX---CFD-Product-Sales---Global-Markets-Equities_JR00008443
noise,sales_relationship,singapore,Sales – Structured Products & AMCs,~amstel securities (asia) pte. ltd.,plausible,adjacent,https://www.mycareersfuture.gov.sg/job/banking-finance/sales-%E2%80%93-structured-products-amcs-amstel-securities-3e772080941e6a14bd306a2c9fc71fb1,mycareersfuture:singapore:3e772080941e6a14bd306a2c9fc71fb1
noise,sales_relationship,singapore,Presales Consultant,~fcs careers pte. ltd.,,,https://www.mycareersfuture.gov.sg/job/consulting/presales-consultant-fcs-careers-f275d119b3e2010bd7875b4fb9a40ee1,mycareersfuture:singapore:f275d119b3e2010bd7875b4fb9a40ee1
noise,sales_relationship,singapore,"Analyst, Private Capital Markets - Sales",~alta alternative investments pte. ltd.,plausible,adjacent,https://www.mycareersfuture.gov.sg/job/accounting/analyst-capital-markets-sales-alta-alternative-investments-0bfd2d0402a3772b320179af3375f452,mycareersfuture:singapore:0bfd2d0402a3772b320179af3375f452
noise,sales_relationship,singapore,Telemarketer (part time),~stratify consulting llp,,,https://www.mycareersfuture.gov.sg/job/telecommunications/telemarketer-stratify-consulting-81e9afaf114df8ea7979173d77272ca5,mycareersfuture:singapore:81e9afaf114df8ea7979173d77272ca5
noise,sales_relationship,singapore,Relationship Management Assistant,schroders.com,,,https://ekbq.fa.em2.oraclecloud.com/hcmUI/CandidateExperience/en/sites/CX_2/job/1920,oracle_hcm:ekbq.fa.em2.oraclecloud.com|CX_2:1920
noise,sales_relationship,singapore,"Relationship & Business Management Associate, Global Financial Institutions (12 mths contract)",bankofsingapore.com,plausible,adjacent,https://ocbc.wd102.myworkdayjobs.com/en-US/External/job/OCBC-Singapore/Relationship---Business-Management-Associate--Global-Financial-Institutions--12-mths-contract-_JR00010394-1,workday:ocbc|wd102|External:/job/OCBC-Singapore/Relationship---Business-Management-Associate--Global-Financial-Institutions--12-mths-contract-_JR00010394-1
noise,sales_relationship,hong kong,"Associate, Fixed Income Sales",td.com,plausible,adjacent,https://td.wd3.myworkdayjobs.com/en-US/TD_Bank_Careers/job/Hong-Kong-Hong-Kong/Fixed-Income-Sales--Associate_R_1503436,workday:td|wd3|TD_Bank_Careers:/job/Hong-Kong-Hong-Kong/Fixed-Income-Sales--Associate_R_1503436
noise,sales_relationship,singapore,Sales and Retention Consultant,~hsbc bank (singapore) limited,,,https://www.mycareersfuture.gov.sg/job/banking-finance/sales-retention-consultant-hsbc-bank-f2297c9d6673e2a9a3213d60a978121f,mycareersfuture:singapore:f2297c9d6673e2a9a3213d60a978121f
noise,sales_relationship,singapore,Sales Trader (English Speaker),otcflow.com,plausible,adjacent,https://otcflow.bamboohr.com/careers/328,bamboohr:otcflow:328
noise,sales_relationship,singapore,SME Business Consultant,~finmart sg pte. ltd.,,,https://www.mycareersfuture.gov.sg/job/banking-finance/sme-business-consultant-finmart-sg-a00e703fc882570b04106924ab07bb45,mycareersfuture:singapore:a00e703fc882570b04106924ab07bb45
noise,sales_relationship,singapore,Global Markets - Voice - Sales Trader,~ubs ag,stretch,adjacent,https://www.mycareersfuture.gov.sg/job/banking-finance/global-markets-voice-sales-trader-ubs-ag-3f4df2ca3c8dd7befe42b7eac657e0a3,mycareersfuture:singapore:3f4df2ca3c8dd7befe42b7eac657e0a3
noise,sales_relationship,singapore,"External Relationship Management - SEA Institutional Client Business, Associate",~blackrock (singapore) limited,,,https://www.mycareersfuture.gov.sg/job/banking-finance/external-relationship-management-sea-institutional-client-business-associate-blackrock-54874743f02c198759d73216ac9a0161,mycareersfuture:singapore:54874743f02c198759d73216ac9a0161
noise,sales_relationship,singapore,"Dealer, Prime Brokerage & Investment Solutions",~cgs international securities singapore pte. ltd.,plausible,adjacent,https://www.mycareersfuture.gov.sg/job/banking-finance/dealer-prime-brokerage-investment-solutions-cgs-international-securities-singapore-633d483733a67b23a795369343445a4e,mycareersfuture:singapore:633d483733a67b23a795369343445a4e
noise,sales_relationship,singapore,"Associate Sales Specialist, Desktops",~ice data services singapore pte. ltd.,,,https://www.mycareersfuture.gov.sg/job/banking-finance/associate-sales-specialist-desktops-ice-data-services-singapore-61d894cc6f430590e72a4e3e2f42b6c5,mycareersfuture:singapore:61d894cc6f430590e72a4e3e2f42b6c5
noise,sales_relationship,singapore,Assistant Trader [Ferrous Raw Materials],~good job creations (singapore) pte. ltd.,stretch,less_relevant,https://www.mycareersfuture.gov.sg/job/banking-finance/assistant-trader-ferrous-raw-materials-good-job-creations-dce7c7aad1493de48e6ff5cf1bfdbedc,mycareersfuture:singapore:dce7c7aad1493de48e6ff5cf1bfdbedc
noise,sales_relationship,singapore,Sales Executive (MNC/Trader/Training provided!),~trust recruit pte. ltd.,plausible,less_relevant,https://www.mycareersfuture.gov.sg/job/manufacturing/sales-executive-trust-recruit-c174829d0b69e52b8004109c5013582c,mycareersfuture:singapore:c174829d0b69e52b8004109c5013582c
noise,sales_relationship,singapore,Presales Consultant,~fcs careers pte. ltd.,,,https://www.mycareersfuture.gov.sg/job/consulting/presales-consultant-fcs-careers-b861a24eee69e394bdcada6c0a9b559e,mycareersfuture:singapore:b861a24eee69e394bdcada6c0a9b559e
noise,sales_relationship,singapore,Investment Analyst,~luca sgp pte. ltd.,stretch,adjacent,https://www.mycareersfuture.gov.sg/job/banking-finance/investment-analyst-luca-sgp-328cd712fa85011571703e85e4b7b162,mycareersfuture:singapore:328cd712fa85011571703e85e4b7b162
noise,sales_relationship,singapore,"Associate - Specialised Finance, Capital Markets Group APAC (Job ID:10078849)",~mufg securities asia limited singapore branch,plausible,adjacent,https://www.mycareersfuture.gov.sg/job/banking-finance/associate-specialised-finance-capital-markets-group-apac-mufg-securities-asia-singapore-branch-ded960b88919b5e01371e2113dbc725d,mycareersfuture:singapore:ded960b88919b5e01371e2113dbc725d
noise,sales_relationship,stockholm,2027 M&A Internship - Stockholm,lazard.com,,,https://icbpjb.fa.ocs.oraclecloud.com/hcmUI/CandidateExperience/en/sites/LazardProfessionalCareers/job/6507,oracle_hcm:icbpjb.fa.ocs.oraclecloud.com|LazardProfessionalCareers:6507
noise,sales_relationship,singapore,Part-Time Sales Consultant,~qxdigital asia pte. ltd.,,,https://www.mycareersfuture.gov.sg/job/customer-service/part-time-sales-consultant-qxdigital-asia-9e74b0bb4edb8610944d2a37fd1a68d7,mycareersfuture:singapore:9e74b0bb4edb8610944d2a37fd1a68d7
noise,sales_relationship,singapore,"Associate, Sales Analyst, Asset Management",clsa.com,plausible,adjacent,https://citicclsa.wd3.myworkdayjobs.com/en-US/External/job/Singapore/Associate--Sales--Asset-Management_JR002272,workday:citicclsa|wd3|External:/job/Singapore/Associate--Sales--Asset-Management_JR002272
noise,sales_relationship,singapore,Senior Sales Coordinator (Ferroalloys & Manganese Trading),~jobally pte. ltd.,stretch,adjacent,https://www.mycareersfuture.gov.sg/job/admin/senior-sales-coordinator-jobally-cafca9dcce37eb60f1dbe55503521f6a,mycareersfuture:singapore:cafca9dcce37eb60f1dbe55503521f6a
noise,sales_relationship,singapore,Business Consultant,~w.l.p pte. ltd.,,,https://www.mycareersfuture.gov.sg/job/accounting/business-consultant-wlp-434d199f2e1f23124a075b9ca9a36244,mycareersfuture:singapore:434d199f2e1f23124a075b9ca9a36244
noise,sales_relationship,singapore,"Associate, Investment Product - Multi-Product",~blackrock (singapore) limited,,,https://www.mycareersfuture.gov.sg/job/banking-finance/associate-investment-product-multi-product-blackrock-1128c0a43d829e68d0f248d27b651314,mycareersfuture:singapore:1128c0a43d829e68d0f248d27b651314
noise,sales_relationship,hong kong,"Analyst, APAC Relationship Management (Hong Kong and Southeast Asia)",ares.com,,,https://aresmgmt.wd1.myworkdayjobs.com/en-US/External/job/Hong-Kong/Analyst--APAC-Relationship-Management--Hong-Kong-and-Southeast-Asia-_R8357-1,workday:aresmgmt|wd1|External:/job/Hong-Kong/Analyst--APAC-Relationship-Management--Hong-Kong-and-Southeast-Asia-_R8357-1
noise,sales_relationship,singapore,"AD/D, Intermediary Distribution (SEA) - Asset Management",~michael page international pte ltd,stretch,adjacent,https://www.mycareersfuture.gov.sg/job/banking-finance/add-intermediary-distribution-asset-management-michael-page-international-a3387d5156fc46cafd8196d1ee4dfb91,mycareersfuture:singapore:a3387d5156fc46cafd8196d1ee4dfb91
noise,sales_relationship,singapore,"Treasury Sales (FMRP, Banking, FX/Derivative Sales, up to $9k) (ID: 710040)",~persol singapore pte. ltd.,plausible,adjacent,https://www.mycareersfuture.gov.sg/job/banking-finance/treasury-sales-persol-singapore-b1c27a3424f1a3a326aa98b80de41dcd,mycareersfuture:singapore:b1c27a3424f1a3a326aa98b80de41dcd
noise,sales_relationship,singapore,"Treasury Sales (Banking Industry, Corp Treasury/FX/Derivatives, $9k) (ID: 710040)",~persol singapore pte. ltd.,plausible,adjacent,https://www.mycareersfuture.gov.sg/job/banking-finance/treasury-sales-persol-singapore-c4135ddffe5b380b2c91bf6c3f2b0c38,mycareersfuture:singapore:c4135ddffe5b380b2c91bf6c3f2b0c38
noise,sales_relationship,singapore,"Global Banking & Markets, Commodities Sales, Analyst, Singapore",~j. aron & company (singapore) pte.,plausible,adjacent,https://www.mycareersfuture.gov.sg/job/banking-finance/global-banking-markets-commodities-sales-analyst-singapore-j-aron-company-6fff7dbeb2705354bcfa7d170412f35a,mycareersfuture:singapore:6fff7dbeb2705354bcfa7d170412f35a
noise,sales_relationship,singapore,Asia Capital Introduction,marex.com,,,https://marex.breezy.hr/p/6019fa37111601-asia-capital-introduction,breezy:marex:6019fa37111601
noise,sales_relationship,singapore,Telemarketer (part time),~stratify consulting llp,,,https://www.mycareersfuture.gov.sg/job/telecommunications/telemarketer-stratify-consulting-7451afde981643f3f6a62d9eb4c50c7d,mycareersfuture:singapore:7451afde981643f3f6a62d9eb4c50c7d
noise,sales_relationship,singapore,Telemarketer (part time),~stratify consulting llp,,,https://www.mycareersfuture.gov.sg/job/telecommunications/telemarketer-stratify-consulting-0ce0fee9672416ba4a553f2b07ea1699,mycareersfuture:singapore:0ce0fee9672416ba4a553f2b07ea1699
noise,sales_relationship,singapore,Sales Executive (MNC/Trader/Training provided!),~trust recruit pte. ltd.,plausible,less_relevant,https://www.mycareersfuture.gov.sg/job/manufacturing/sales-executive-trust-recruit-1f96dc7586c500768330f1b1fea40717,mycareersfuture:singapore:1f96dc7586c500768330f1b1fea40717
noise,sales_relationship,singapore,Management Associate,~cys global remit pte. ltd.,,,https://www.mycareersfuture.gov.sg/job/admin/management-associate-cys-global-remit-264d18aae4eb6cd961013aa88e8b0c76,mycareersfuture:singapore:264d18aae4eb6cd961013aa88e8b0c76
noise,sales_relationship,singapore,"Analyst, Fixed Income Sales",~mizuho securities (singapore) pte. ltd.,stretch,adjacent,https://www.mycareersfuture.gov.sg/job/banking-finance/analyst-fixed-income-sales-mizuho-securities-bb883ef9cf53f8a1b39066e076f38389,mycareersfuture:singapore:bb883ef9cf53f8a1b39066e076f38389
noise,sales_relationship,singapore,Junior Energy Broker,marex.com,,,https://marex.breezy.hr/p/14d979ba751101-junior-energy-broker,breezy:marex:14d979ba751101
noise,sales_relationship,singapore,Institutional Sales (Fund Management),~revup consulting pte. ltd.,stretch,adjacent,https://www.mycareersfuture.gov.sg/job/banking-finance/institutional-sales-revup-consulting-8099d5d1c67a4c0e71fb3b9cb67409db,mycareersfuture:singapore:8099d5d1c67a4c0e71fb3b9cb67409db
noise,sales_relationship,singapore,Bunker Trader/Senior Bunker Trader,~uni-fuels pte. ltd.,stretch,less_relevant,https://www.mycareersfuture.gov.sg/job/logistics/bunker-tradersenior-bunker-trader-uni-fuels-6ae5cadfb9aaf9d45153571cbf5d1c36,mycareersfuture:singapore:6ae5cadfb9aaf9d45153571cbf5d1c36
noise,sales_relationship,singapore,Bitumen Trader,~nw corporation pte. ltd.,stretch,less_relevant,https://www.mycareersfuture.gov.sg/job/others/bitumen-trader-nw-corporation-bf65b2885550a2dbbbfe212f2f403996,mycareersfuture:singapore:bf65b2885550a2dbbbfe212f2f403996
noise,sales_relationship,singapore,Analyst - Credit Sales - Global Markets,~nomura singapore limited,plausible,adjacent,https://www.mycareersfuture.gov.sg/job/banking-finance/analyst-credit-sales-global-markets-nomura-singapore-901c78011b8fc02fe44f632cccdbc6a3,mycareersfuture:singapore:901c78011b8fc02fe44f632cccdbc6a3
noise,sales_relationship,singapore,"Trainee Broker, Global Broking",tpicap.com,,,https://tp.wd107.myworkdayjobs.com/en-US/TP-ICAP/job/Singapore/Trainee-Broker--Global-Broking_R5717,workday:tp|wd107|TP-ICAP:/job/Singapore/Trainee-Broker--Global-Broking_R5717
noise,sales_relationship,stockholm,Executive Researcher - Monterro Talent,monterro.com,plausible,adjacent,https://careers.monterro.com/jobs/8218731-executive-researcher-monterro-talent,teamtailor:careers.monterro.com:3956aa69-35d0-49e0-a54a-99ab8453f607
noise,sales_relationship,singapore,"Junior Rice Trader (Agricultural Commodities) – Up to $7,000 | Regional Markets | Trading",~hrnet ventures pte. ltd.,stretch,less_relevant,https://www.mycareersfuture.gov.sg/job/wholesale-trade/junior-rice-trader-%E2%80%93-7000-regional-markets-trading-hrnet-ventures-3ca84ff66253680152faccc6d5eff8f7,mycareersfuture:singapore:3ca84ff66253680152faccc6d5eff8f7
noise,sales_relationship,singapore,"Junior Rice Trader (Agricultural Commodities) – Up to $7,000 | Regional Markets | Trading",~hrnet ventures pte. ltd.,stretch,less_relevant,https://www.mycareersfuture.gov.sg/job/wholesale-trade/junior-rice-trader-%E2%80%93-7000-regional-markets-trading-hrnet-ventures-4d4ac61c4317abc8c9a809b23efa767a,mycareersfuture:singapore:4d4ac61c4317abc8c9a809b23efa767a
noise,sales_relationship,singapore,Commercial Sales,~microsoft operations pte ltd,,,https://www.mycareersfuture.gov.sg/job/professional-services/commercial-sales-microsoft-operations-3456f3423175983ee9cda63886f64468,mycareersfuture:singapore:3456f3423175983ee9cda63886f64468
noise,sales_relationship,singapore,Telemarketer (part time),~stratify consulting llp,,,https://www.mycareersfuture.gov.sg/job/telecommunications/telemarketer-stratify-consulting-5faa5ee572a0c8b9382ef61a39219bec,mycareersfuture:singapore:5faa5ee572a0c8b9382ef61a39219bec
noise,sales_relationship,singapore,Sales Trader,~fndr headhunting pte. ltd.,stretch,adjacent,https://www.mycareersfuture.gov.sg/job/banking-finance/sales-trader-fndr-headhunting-1e96cf5a6ad987b3a6d7e761022219c6,mycareersfuture:singapore:1e96cf5a6ad987b3a6d7e761022219c6
noise,sales_relationship,singapore,Sales Coordinator,~ann kiong enterprises pte. ltd.,,,https://www.mycareersfuture.gov.sg/job/wholesale-trade/sales-coordinator-ann-kiong-enterprises-2f28366b78b4a17134a0d3e7b5d07a06,mycareersfuture:singapore:2f28366b78b4a17134a0d3e7b5d07a06
noise,sales_relationship,singapore,Graduate Trainee –  Institutional Clients & Transaction Banking Sales,~commerzbank aktiengesellschaft,,,https://www.mycareersfuture.gov.sg/job/banking-finance/graduate-trainee-%E2%80%93-institutional-clients-transaction-banking-sales-commerzbank-aktiengesellschaft-56defdf72c4267b37c8d8f5bd6f6b0d8,mycareersfuture:singapore:56defdf72c4267b37c8d8f5bd6f6b0d8
noise,sales_relationship,singapore,Fundraising (Asset Management),~revup consulting pte. ltd.,stretch,adjacent,https://www.mycareersfuture.gov.sg/job/banking-finance/fundraising-revup-consulting-856f40e1fa3c0570360f4503b117f608,mycareersfuture:singapore:856f40e1fa3c0570360f4503b117f608
noise,sales_relationship,singapore,Business Consultant (Business Loans),~canworkone.sg employment pte. ltd.,,,https://www.mycareersfuture.gov.sg/job/consulting/business-consultant-canworkonesg-employment-ff572a5da6e478bb402801241d783d19,mycareersfuture:singapore:ff572a5da6e478bb402801241d783d19
noise,sales_relationship,hong kong,"Associate, Investor Services",ares.com,stretch,adjacent,https://aresmgmt.wd1.myworkdayjobs.com/en-US/External/job/Hong-Kong/Associate--Investor-Services_R8057-1,workday:aresmgmt|wd1|External:/job/Hong-Kong/Associate--Investor-Services_R8057-1
noise,sales_relationship,hong kong,"Analyst/Associate, APAC Relationship Management",ares.com,,,https://aresmgmt.wd1.myworkdayjobs.com/en-US/External/job/Hong-Kong/Analyst-Associate--APAC-Relationship-Management_R8232-1,workday:aresmgmt|wd1|External:/job/Hong-Kong/Analyst-Associate--APAC-Relationship-Management_R8232-1
noise,sales_relationship,singapore,Telemarketer (Part Time),~stratify consulting llp,,,https://www.mycareersfuture.gov.sg/job/telecommunications/telemarketer-stratify-consulting-9306b760ede6828ed65067ab22062e4b,mycareersfuture:singapore:9306b760ede6828ed65067ab22062e4b
noise,sales_relationship,singapore,Consultant - Loans,~gravitas capital group pte. ltd.,,,https://www.mycareersfuture.gov.sg/job/banking-finance/consultant-loans-gravitas-capital-group-6c821c7b9bac09f314b3a9ded4038ca5,mycareersfuture:singapore:6c821c7b9bac09f314b3a9ded4038ca5
noise,sales_relationship,singapore,Commodities Broker (Agricultural) | Hunter + OTC Hedging,~temp-team pte ltd,stretch,adjacent,https://www.mycareersfuture.gov.sg/job/consulting/commodities-broker-hunter-otc-hedging-temp-team-ef71d063b3f66c40159ca3b4836cc6ed,mycareersfuture:singapore:ef71d063b3f66c40159ca3b4836cc6ed
noise,sales_relationship,hong kong,"Account Analyst, HK Institutional",pimco.com,,,https://pimco.wd1.myworkdayjobs.com/en-US/pimco-careers/job/Hong-Kong/Account-Analyst--HK-Institutional_R106598,workday:pimco|wd1|pimco-careers:/job/Hong-Kong/Account-Analyst--HK-Institutional_R106598
noise,sales_relationship,singapore,"Analyst, Global Banking",santander.com,,,https://santander.wd3.myworkdayjobs.com/en-US/SantanderCareers/job/Singapore/Analyst--Global-Banking_Req1599181,workday:santander|wd3|SantanderCareers:/job/Singapore/Analyst--Global-Banking_Req1599181
noise,sales_relationship,hong kong,Sales Structured Solutions Financial Institutions,vontobel.com,plausible,adjacent,https://vontobel.wd3.myworkdayjobs.com/en-US/Vontobel_External_Career/job/Hong-Kong-AM--1901-Gloucester-Tower-The-Landmark-15-Queens-Road/Sales-Structured-Solutions-Financial-Institutions_9304-2,workday:vontobel|wd3|Vontobel_External_Career:/job/Hong-Kong-AM--1901-Gloucester-Tower-The-Landmark-15-Queens-Road/Sales-Structured-Solutions-Financial-Institutions_9304-2
noise,sales_relationship,singapore,Relationship Management Assistant,schroders.com,,,https://ekbq.fa.em2.oraclecloud.com/hcmUI/CandidateExperience/en/sites/CX_2/job/1682,oracle_hcm:ekbq.fa.em2.oraclecloud.com|CX_2:1682
noise,sales_relationship,singapore,Fixed Income Sales Analyst,~cmbi (singapore) pte. limited,plausible,adjacent,https://www.mycareersfuture.gov.sg/job/banking-finance/fixed-income-sales-analyst-cmbi-832a6a50a42c6cc9219253c60f09f2ef,mycareersfuture:singapore:832a6a50a42c6cc9219253c60f09f2ef
noise,sales_relationship,stockholm,Associate in GC & IMM,"~hsbc continental europe bank, sweden filial",,,https://jobbsafari.se/jobb/associate-in-gc-imm-sasrb-20470851,jobbsafari:sweden:20470851
noise,sales_relationship,singapore,Telemarketer,~stratify consulting llp,,,https://www.mycareersfuture.gov.sg/job/telecommunications/telemarketer-stratify-consulting-08800dff18195c8304f0a86a49eada1b,mycareersfuture:singapore:08800dff18195c8304f0a86a49eada1b
noise,sales_relationship,singapore,R0445222 IB - ICG GFX Sales - Analyst,~deutsche bank aktiengesellschaft,,,https://www.mycareersfuture.gov.sg/job/banking-finance/r0445222-ib-icg-gfx-sales-analyst-deutsche-bank-aktiengesellschaft-36ae57e6bd9665f13ccf5e3c8c0af7d2,mycareersfuture:singapore:36ae57e6bd9665f13ccf5e3c8c0af7d2
noise,sales_relationship,singapore,Institutional Sales – Derivatives,~kgi securities (singapore) pte. ltd.,stretch,adjacent,https://www.mycareersfuture.gov.sg/job/banking-finance/institutional-sales-%E2%80%93-derivatives-kgi-securities-fb54fe48f5cefeddd1d0ac8a0f7e27f9,mycareersfuture:singapore:fb54fe48f5cefeddd1d0ac8a0f7e27f9
noise,sales_relationship,singapore,Institutional Sales - Derivatives (MENA),~kgi securities (singapore) pte. ltd.,stretch,adjacent,https://www.mycareersfuture.gov.sg/job/banking-finance/institutional-sales-derivatives-kgi-securities-67ea87b670861fee0073cd9e7f3c15c2,mycareersfuture:singapore:67ea87b670861fee0073cd9e7f3c15c2
noise,sales_relationship,singapore,Commodities Derivatives Clearing Sales,~kgi securities (singapore) pte. ltd.,plausible,adjacent,https://www.mycareersfuture.gov.sg/job/banking-finance/commodities-derivatives-clearing-sales-kgi-securities-0d17b861df63571d8b06cacbbc6575f1,mycareersfuture:singapore:0d17b861df63571d8b06cacbbc6575f1
noise,sales_relationship,singapore,Investment Associate (Bank and Finance),~staffella recruitment agency,plausible,adjacent,https://www.mycareersfuture.gov.sg/job/banking-finance/investment-associate-staffella-recruitment-agency-d9bb4f19a2a79b11a39dcb38c8536186,mycareersfuture:singapore:d9bb4f19a2a79b11a39dcb38c8536186
noise,sales_relationship,singapore,Grants Sales Consultant (Full Commission),~miss niu tech private limited,,,https://www.mycareersfuture.gov.sg/job/admin/grants-sales-consultant-miss-niu-tech-6dad350761369726cd8317e6414d8e0c,mycareersfuture:singapore:6dad350761369726cd8317e6414d8e0c
noise,sales_relationship,singapore,Cross Commodities Sales (VN2878),marex.com,plausible,adjacent,https://marex.breezy.hr/p/7f7dbe53327c01-cross-commodities-sales-vn2878,breezy:marex:7f7dbe53327c01
noise,sales_relationship,singapore,Corporate Banking RM (Indonesia coverage),~revup consulting pte. ltd.,stretch,adjacent,https://www.mycareersfuture.gov.sg/job/banking-finance/corporate-banking-rm-revup-consulting-01d06f88be9c267b281d799fdd84f412,mycareersfuture:singapore:01d06f88be9c267b281d799fdd84f412
noise,sales_relationship,singapore,Institutional Equities Sales,~revup consulting pte. ltd.,stretch,adjacent,https://www.mycareersfuture.gov.sg/job/banking-finance/institutional-equities-sales-revup-consulting-d7af32529d04055a4d491c33d81fdf19,mycareersfuture:singapore:d7af32529d04055a4d491c33d81fdf19
noise,sales_relationship,singapore,Equity Trader (Brokerage),~revup consulting pte. ltd.,stretch,adjacent,https://www.mycareersfuture.gov.sg/job/banking-finance/equity-trader-revup-consulting-ded85b0e8824cc4925e07162f623d05e,mycareersfuture:singapore:ded85b0e8824cc4925e07162f623d05e
noise,sales_relationship,singapore,"Treasury Sales Dealer, Sales & Structured Solutions",hlbank.com.sg,stretch,adjacent,https://hlb.wd3.myworkdayjobs.com/en-US/HLBCareers/job/Singapore/Execution---Dealer_JR0000025518,workday:hlb|wd3|HLBCareers:/job/Singapore/Execution---Dealer_JR0000025518
noise,sales_relationship,singapore,Treasury Sales (Banking),~revup consulting pte. ltd.,stretch,adjacent,https://www.mycareersfuture.gov.sg/job/banking-finance/treasury-sales-revup-consulting-0e91b21c9571bdcc4dae4b4b822a550b,mycareersfuture:singapore:0e91b21c9571bdcc4dae4b4b822a550b
noise,sales_relationship,singapore,Treasury Sales,"~china merchants bank co., ltd",plausible,adjacent,https://www.mycareersfuture.gov.sg/job/banking-finance/treasury-sales-china-merchants-bank-co-9816b420c1db5ed5735b5c4867e24d19,mycareersfuture:singapore:9816b420c1db5ed5735b5c4867e24d19
noise,sales_relationship,singapore,"Sr. Specialist, Customer Acquisition - API (Korean Speaker)",concentrix.com,,,https://cnx.wd1.myworkdayjobs.com/en-US/external_global/job/SGP-Singapore---80-Pasir-Panjang-Road-15-8384-Mapletree-Business-City-2/Sr-Specialist--Customer-Acquisition---API--Korean-Speaker-_R1744533,workday:cnx|wd1|external_global:/job/SGP-Singapore---80-Pasir-Panjang-Road-15-8384-Mapletree-Business-City-2/Sr-Specialist--Customer-Acquisition---API--Korean-Speaker-_R1744533
noise,sales_relationship,singapore,"Senior Sales Trader, Institutional Equities",clsa.com,stretch,adjacent,https://citicclsa.wd3.myworkdayjobs.com/en-US/External/job/Singapore/Senior-Sales-Trader--Institutional-Equities_JR003079-1,workday:citicclsa|wd3|External:/job/Singapore/Senior-Sales-Trader--Institutional-Equities_JR003079-1
noise,sales_relationship,hong kong deprioritized,Senior Sales Consultant - China Institutional clients,troweprice.com,,,https://troweprice.wd5.myworkdayjobs.com/en-US/TRowePriceInternational/job/Hong-Kong/Senior-Sales-Consultant---China-Institutional-clients_82391,workday:troweprice|wd5|TRowePriceInternational:/job/Hong-Kong/Senior-Sales-Consultant---China-Institutional-clients_82391
noise,sales_relationship,hong kong,"Senior Associate/ AD, Equity Derivatives Sales, Equity Derivatives",clsa.com,stretch,adjacent,https://citicclsa.wd3.myworkdayjobs.com/en-US/External/job/Hong-Kong/Senior-Associate--AD--Equity-Derivatives-Sales--Equity-Derivatives_JR002424,workday:citicclsa|wd3|External:/job/Hong-Kong/Senior-Associate--AD--Equity-Derivatives-Sales--Equity-Derivatives_JR002424
noise,sales_relationship,stockholm copenhagen,"Sales Specialist, Commodities",lseg.com,plausible,adjacent,https://lseg.wd3.myworkdayjobs.com/en-US/Careers/job/NOR-Oslo-Dronning-Eufemias-Gate-16/Sales-Specialist--Commodities_R0120609-1,workday:lseg|wd3|Careers:/job/NOR-Oslo-Dronning-Eufemias-Gate-16/Sales-Specialist--Commodities_R0120609-1
noise,sales_relationship,hong kong deprioritized,"Sales Specialist, Analytics & AI Solutions",lseg.com,plausible,adjacent,https://lseg.wd3.myworkdayjobs.com/en-US/Careers/job/HKG-Hong-Kong-ICBC-Tower/Sales-Specialist--Analytics---AI-Solutions_R0121678-1,workday:lseg|wd3|Careers:/job/HKG-Hong-Kong-ICBC-Tower/Sales-Specialist--Analytics---AI-Solutions_R0121678-1
noise,sales_relationship,hong kong,Relationship Analyst,wellington.com,,,https://wellington.wd5.myworkdayjobs.com/en-US/External/job/Central-Hong-Kong-Hong-Kong/Relationship-Analyst_R93975,workday:wellington|wd5|External:/job/Central-Hong-Kong-Hong-Kong/Relationship-Analyst_R93975
noise,sales_relationship,singapore,"Product Specialist, Structured Products",bankofsingapore.com,plausible,adjacent,https://ocbc.wd102.myworkdayjobs.com/en-US/External/job/BOS-Singapore/Product-Specialist--Structured-Products_JR00007617-1,workday:ocbc|wd102|External:/job/BOS-Singapore/Product-Specialist--Structured-Products_JR00007617-1
noise,sales_relationship,hong kong,Fixed Income Sales,dbs.com,stretch,adjacent,https://dbs.wd3.myworkdayjobs.com/en-US/DBS_Careers/job/One-Island-East/Fixed-Income-Sales_WD85901,workday:dbs|wd3|DBS_Careers:/job/One-Island-East/Fixed-Income-Sales_WD85901
noise,sales_relationship,hong kong deprioritized,China Sales,janestreet.com,stretch,adjacent,https://www.janestreet.com/join-jane-street/apply/8209005002?gh_jid=8209005002,greenhouse:janestreet:8209005002
noise,sales_relationship,hong kong deprioritized,China Business Development,janestreet.com,stretch,adjacent,https://www.janestreet.com/join-jane-street/apply/8429265002?gh_jid=8429265002,greenhouse:janestreet:8429265002
noise,sales_relationship,hong kong,"Associate/ Senior Associate, Retail Sales, Asset Management",clsa.com,stretch,adjacent,https://citicclsa.wd3.myworkdayjobs.com/en-US/External/job/Hong-Kong/Associate-Director--Wholesale--Distributor-Sales--Asset-Management_JR001582,workday:citicclsa|wd3|External:/job/Hong-Kong/Associate-Director--Wholesale--Distributor-Sales--Asset-Management_JR001582
noise,sales_relationship,hong kong,"Associate, Fixed Income Sales, Fixed Income",clsa.com,plausible,adjacent,https://citicclsa.wd3.myworkdayjobs.com/en-US/External/job/Hong-Kong/Associate--Fixed-Income-Sales--Fixed-Income_JR002486,workday:citicclsa|wd3|External:/job/Hong-Kong/Associate--Fixed-Income-Sales--Fixed-Income_JR002486
noise,sales_relationship,singapore,"Associate, Equity Derivatives Sales, Equity Derivatives",clsa.com,plausible,adjacent,https://citicclsa.wd3.myworkdayjobs.com/en-US/External/job/Singapore/Associate--Equity-Derivatives-Sales_JR003053,workday:citicclsa|wd3|External:/job/Singapore/Associate--Equity-Derivatives-Sales_JR003053
noise,sales_relationship,hong kong,"Associate, Client Strategy, Institutional Equities",clsa.com,stretch,adjacent,https://citicclsa.wd3.myworkdayjobs.com/en-US/External/job/Hong-Kong/Associate--Client-Strategy--Institutional-Equities_JR003067,workday:citicclsa|wd3|External:/job/Hong-Kong/Associate--Client-Strategy--Institutional-Equities_JR003067
noise,sales_relationship,hong kong,"Analyst/ Associate, EQD Sales, Equity Derivatives",clsa.com,stretch,adjacent,https://citicclsa.wd3.myworkdayjobs.com/en-US/External/job/Hong-Kong/Analyst--Associate--EQD-Sales--Equity-Derivatives_JR002617,workday:citicclsa|wd3|External:/job/Hong-Kong/Analyst--Associate--EQD-Sales--Equity-Derivatives_JR002617
noise,sales_relationship,hong kong,"Analyst, Program Sales Trading, Trading",clsa.com,plausible,adjacent,https://citicclsa.wd3.myworkdayjobs.com/en-US/External/job/Hong-Kong/Analyst--Program-Sales-Trading--Trading_JR003064,workday:citicclsa|wd3|External:/job/Hong-Kong/Analyst--Program-Sales-Trading--Trading_JR003064
noise,sales_relationship,hong kong,"Analyst, Fixed Income Sales, Fixed Income",clsa.com,stretch,adjacent,https://citicclsa.wd3.myworkdayjobs.com/en-US/External/job/Hong-Kong/Analyst--Fixed-Income-Sales--Fixed-Income_JR003094-1,workday:citicclsa|wd3|External:/job/Hong-Kong/Analyst--Fixed-Income-Sales--Fixed-Income_JR003094-1
noise,sales_relationship,singapore,Telemarketer (part time),~stratify consulting llp,,,https://www.mycareersfuture.gov.sg/job/telecommunications/telemarketer-stratify-consulting-c91357e3d4a8bb326c3241674b8a7e72,mycareersfuture:singapore:c91357e3d4a8bb326c3241674b8a7e72
noise,sales_relationship,singapore,"Analyst, Private Capital Markets - Sales",~altax pte. ltd.,plausible,adjacent,https://www.mycareersfuture.gov.sg/job/banking-finance/analyst-capital-markets-sales-altax-e7385e2bb599960a3832ae879504b01a,mycareersfuture:singapore:e7385e2bb599960a3832ae879504b01a
noise,sales_relationship,singapore,Sales Trader,~goldsilver central pte. ltd.,plausible,adjacent,https://www.mycareersfuture.gov.sg/job/banking-finance/sales-trader-goldsilver-central-8dda5ff595dd390ac75e4f3e15f02f8a,mycareersfuture:singapore:8dda5ff595dd390ac75e4f3e15f02f8a
noise,sales_relationship,singapore,SME Business Consultant,~finmart sg pte. ltd.,,,https://www.mycareersfuture.gov.sg/job/banking-finance/sme-business-consultant-finmart-sg-50713d1150b3559bc628a5f213d283df,mycareersfuture:singapore:50713d1150b3559bc628a5f213d283df
noise,sales_relationship,singapore,Assistant Trader [Ferrous Raw Materials],~good job creations (singapore) pte. ltd.,stretch,less_relevant,https://www.mycareersfuture.gov.sg/job/banking-finance/assistant-trader-ferrous-raw-materials-good-job-creations-1dfa054aabf47feaf4d98b422619499d,mycareersfuture:singapore:1dfa054aabf47feaf4d98b422619499d
noise,sales_relationship,singapore,Telemarketer,~stratify consulting llp,,,https://www.mycareersfuture.gov.sg/job/telecommunications/telemarketer-stratify-consulting-c0980ff2d2835ffab02fb5efd844ba7d,mycareersfuture:singapore:c0980ff2d2835ffab02fb5efd844ba7d
noise,sales_relationship,singapore,Senior Structured Products Sales,~leonteq securities (singapore) pte. ltd.,stretch,adjacent,https://www.mycareersfuture.gov.sg/job/banking-finance/senior-structured-products-sales-leonteq-securities-2f763a83271800a0fb1ade0a3a177512,mycareersfuture:singapore:2f763a83271800a0fb1ade0a3a177512
noise,sales_relationship,singapore,Relationship Associate - Singapore,gmo.com,,,https://jobs.lever.co/gmo/c997fd75-41a7-41a5-b106-878ac99cec5d,lever:gmo:c997fd75-41a7-41a5-b106-878ac99cec5d
noise,sales_relationship,stockholm,Pre-Sales Specialist Trading and Investor Solutions (m/f/d),~infront,plausible,adjacent,https://jobbsafari.se/jobb/pre-sales-specialist-trading-and-investor-solutions-mfd-scsom-20459069,jobbsafari:sweden:20459069
noise,sales_relationship,stockholm,Pre-Sales Specialist Trading and Investor Solutions (m/f/d),~infront,plausible,adjacent,https://jobbsafari.se/jobb/pre-sales-specialist-trading-and-investor-solutions-mfd-scsom-20459070,jobbsafari:sweden:20459070
noise,sales_relationship,singapore,Telemarketer (part time),~stratify consulting llp,,,https://www.mycareersfuture.gov.sg/job/telecommunications/telemarketer-stratify-consulting-4e7874048b980554b7acc913501b5926,mycareersfuture:singapore:4e7874048b980554b7acc913501b5926
noise,sales_relationship,singapore,Telemarketer (part time),~stratify consulting llp,,,https://www.mycareersfuture.gov.sg/job/telecommunications/telemarketer-stratify-consulting-f52636f823e6b0f65cbf0bccaff56efa,mycareersfuture:singapore:f52636f823e6b0f65cbf0bccaff56efa
noise,sales_relationship,singapore,Analyst - OTC Cross Asset Sales,marex.com,,,https://marex.breezy.hr/p/c2c97966c32e01-analyst-otc-cross-asset-sales,breezy:marex:c2c97966c32e01
noise,sales_relationship,stockholm,Pre-Sales Specialist Trading and Investor Solutions,~infront sweden ab,plausible,adjacent,https://jobbsafari.se/jobb/pre-sales-specialist-trading-and-investor-solutions-sasrb-20442421,jobbsafari:sweden:20442421
noise,sales_relationship,stockholm,"Commodities Sales to FICC Markets | SEB, Stockholm",~seb,plausible,adjacent,https://jobbsafari.se/jobb/commodities-sales-to-ficc-markets-seb-stockholm-ssseb-20479537,jobbsafari:sweden:20479537
noise,sales_relationship,hong kong,"Virtu Execution Services (“VES”): Electronic Trading Sales, Coverage",itgeurope.com,stretch,adjacent,https://job-boards.greenhouse.io/virtu/jobs/7098757002,greenhouse:virtu:7098757002
noise,student_only,singapore,Trading Intern,~lobb heng pte ltd,plausible,adjacent,https://www.mycareersfuture.gov.sg/job/others/trading-intern-lobb-heng-4e118bd93e6a99f5afc8ecf69d6a67f6,mycareersfuture:singapore:4e118bd93e6a99f5afc8ecf69d6a67f6
noise,student_only,hong kong deprioritized,Quantitative Researcher - Intern,~point72,plausible,relevant,https://boards.greenhouse.io/point72/jobs/7297657002?gh_jid=7297657002,greenhouse:point72:7297657002
noise,student_only,singapore,Point72 Academy Investment Analyst Program for Upcoming Graduates (2027 – SG),~point72,plausible,adjacent,https://boards.greenhouse.io/point72/jobs/8572401002?gh_jid=8572401002,greenhouse:point72:8572401002
noise,student_only,hong kong,Point72 Academy Investment Analyst Program for Upcoming Graduates (2027 – HK),~point72,plausible,adjacent,https://boards.greenhouse.io/point72/jobs/8572402002?gh_jid=8572402002,greenhouse:point72:8572402002
noise,student_only,singapore,"Intern, HR",bosch.com,,,,smartrecruiters:BoschGroup:744000144697745
noise,student_only,hong kong,Cubist Quantitative Researcher Intern,~point72,plausible,relevant,https://boards.greenhouse.io/point72/jobs/7297611002?gh_jid=7297611002,greenhouse:point72:7297611002
noise,student_only,singapore,Cubist Quantitative Researcher Intern,~point72,plausible,relevant,https://boards.greenhouse.io/point72/jobs/7297598002?gh_jid=7297598002,greenhouse:point72:7297598002
noise,student_only,hong kong,"Corporate Access, off-cycle internship (6-months) – Japanese speaking",~point72,,,https://boards.greenhouse.io/point72/jobs/8603979002?gh_jid=8603979002,greenhouse:point72:8603979002
noise,student_only,singapore,2027 Point72 Academy Investment Analyst Summer Internship Program - Singapore,~point72,plausible,adjacent,https://boards.greenhouse.io/point72/jobs/8491128002?gh_jid=8491128002,greenhouse:point72:8491128002
noise,student_only,hong kong,2027 Point72 Academy Investment Analyst Summer Internship Program - Hong Kong,~point72,plausible,adjacent,https://boards.greenhouse.io/point72/jobs/8491055002?gh_jid=8491055002,greenhouse:point72:8491055002
noise,student_only,stockholm,Fondadministratör på deltid till vår studentpool,isec.com,plausible,adjacent,https://isec.careers.haileyhr.app/en-GB/job/5d764da5-4994-422c-931b-1405c47e52cb/667bb3fc-d3ce-4f17-b066-d32896c4c8e6/cab567ab-08d0-4eab-86e0-2c727061d88c,hailey:isec:667bb3fc-d3ce-4f17-b066-d32896c4c8e6
noise,student_only,stockholm,Student Client Credit Manager to Stockholm,nordea.com,,,https://www.nordea.com/en/positions/student-client-credit-manager-to-stockholm,site:nordea:85326
noise,student_only,hong kong,Quantitative Researcher Internship - 2027 [Hong Kong],quantbot.com,out_of_scope,relevant,https://www.quantbot.com/careers/4348629009?gh_jid=4348629009,greenhouse:quantbot-technologies:4348629009
noise,student_only,singapore,PhD student (Wearable Mobility Sensing ),~tum create limited,,,https://www.mycareersfuture.gov.sg/job/engineering/phd-student-tum-create-19705c722c7e7011495b60fa1b490d2d,mycareersfuture:singapore:19705c722c7e7011495b60fa1b490d2d
noise,student_only,singapore,2027 Summer Internship - Global Markets - Singapore,~ubs ag,plausible,adjacent,https://www.mycareersfuture.gov.sg/job/banking-finance/2027-summer-internship-global-markets-singapore-ubs-ag-380e9154a25f8217400dbef11aaf6e9a,mycareersfuture:singapore:380e9154a25f8217400dbef11aaf6e9a
noise,student_only,singapore,"Sales, Trading and Structuring Summer Internship Programme 2027 Singapore",cards.barclaycardus.com,plausible,adjacent,https://barclays.wd3.myworkdayjobs.com/en-US/External_Career_Site_Barclays/job/Singapore-Marina-Bay-Financial-Tower-2/Sales--Trading-and-Structuring-Summer-Internship-Programme-2027-Singapore_JR-0000117562,workday:barclays|wd3|External_Career_Site_Barclays:/job/Singapore-Marina-Bay-Financial-Tower-2/Sales--Trading-and-Structuring-Summer-Internship-Programme-2027-Singapore_JR-0000117562
noise,student_only,hong kong,"Sales, Trading and Structuring Summer Internship Programme 2027 Hong Kong",cards.barclaycardus.com,plausible,adjacent,https://barclays.wd3.myworkdayjobs.com/en-US/External_Career_Site_Barclays/job/Hong-Kong-Cheung-Kong-Center/Sales--Trading-and-Structuring-Summer-Internship-Programme-2027-Hong-Kong_JR-0000117559,workday:barclays|wd3|External_Career_Site_Barclays:/job/Hong-Kong-Cheung-Kong-Center/Sales--Trading-and-Structuring-Summer-Internship-Programme-2027-Hong-Kong_JR-0000117559
noise,student_only,hong kong,Electronic Trading Associate Summer Internship Programme 2027 Hong Kong,cards.barclaycardus.com,plausible,adjacent,https://barclays.wd3.myworkdayjobs.com/en-US/External_Career_Site_Barclays/job/Hong-Kong-Cheung-Kong-Center/Electronic-Trading-Associate-Summer-Internship-Programme-2027-Hong-Kong_JR-0000117566,workday:barclays|wd3|External_Career_Site_Barclays:/job/Hong-Kong-Cheung-Kong-Center/Electronic-Trading-Associate-Summer-Internship-Programme-2027-Hong-Kong_JR-0000117566
noise,student_only,singapore,2027 Internship – Software Engineer,itgeurope.com,,,https://job-boards.greenhouse.io/virtu/jobs/5513756002,greenhouse:virtu:5513756002
noise,student_only,singapore,2027 Internship - Quantitative Trading,itgeurope.com,plausible,less_relevant,https://job-boards.greenhouse.io/virtu/jobs/5208637002,greenhouse:virtu:5208637002
noise,student_only,singapore,2027 Internship - Quantitative Strategist,itgeurope.com,plausible,less_relevant,https://job-boards.greenhouse.io/virtu/jobs/7617953002,greenhouse:virtu:7617953002
noise,student_only,singapore,2025 HKEX Summer Internship - Singapore Office,hkexgroup.com,,,https://hkex.wd3.myworkdayjobs.com/en-US/HKEXCareerPage/job/HK-TWO-ES-8F/XMLNAME-2025-HKEX-Summer-Internship---Singapore-Office_R002311,workday:hkex|wd3|HKEXCareerPage:/job/HK-TWO-ES-8F/XMLNAME-2025-HKEX-Summer-Internship---Singapore-Office_R002311
noise,student_only,singapore,Women's Winternship,itgeurope.com,,,https://job-boards.greenhouse.io/virtu/jobs/6426915002,greenhouse:virtu:6426915002
noise,student_only,stockholm,Are you a student with a genuine passion for equities and analysis?,~inderes,plausible,adjacent,https://jobbsafari.se/jobb/are-you-a-student-with-a-genuine-passion-for-equities-and-analysis-scsom-20415071,jobbsafari:sweden:20415071
noise,student_only,stockholm,Capital Markets Analyst Off Cycle Internship 2024 Stockholm,~barclays,plausible,adjacent,https://jobbsafari.se/jobb/capital-markets-analyst-off-cycle-internship-2024-stockholm-scsom-18314412,jobbsafari:sweden:18314412
noise,too_senior,singapore,Precious Metals Trading,~jin li industrial international pte. ltd.,stretch,adjacent,https://www.mycareersfuture.gov.sg/job/banking-finance/precious-metals-trading-jin-li-industrial-international-b986e360ad8cbf1803702b11d308d073,mycareersfuture:singapore:b986e360ad8cbf1803702b11d308d073
noise,too_senior,singapore,"Head, Corporate Treasury",bankofsingapore.com,stretch,adjacent,https://ocbc.wd102.myworkdayjobs.com/en-US/External/job/BOS-Singapore/Head--Corporate-Treasury_JR00010319,workday:ocbc|wd102|External:/job/BOS-Singapore/Head--Corporate-Treasury_JR00010319
noise,too_senior,singapore,Executive / Senior Executive - Quantitative Strategist,~eastspring investments (singapore) limited,stretch,relevant,https://www.mycareersfuture.gov.sg/job/banking-finance/executive-senior-executive-quantitative-strategist-eastspring-investments-e38b502373cd6a7f61e97f941bd39fc1,mycareersfuture:singapore:e38b502373cd6a7f61e97f941bd39fc1
noise,too_senior,singapore,Murex Market Risk Consultant,~digital disruption pte. ltd.,stretch,less_relevant,https://www.mycareersfuture.gov.sg/job/consulting/murex-market-risk-consultant-digital-disruption-eeec2d44df4ad3e52ae5be1c0cc02716,mycareersfuture:singapore:eeec2d44df4ad3e52ae5be1c0cc02716
noise,too_senior,singapore,Deputy Treasury Head,~revup consulting pte. ltd.,stretch,adjacent,https://www.mycareersfuture.gov.sg/job/banking-finance/deputy-treasury-head-revup-consulting-ff270f29c3bc94dec27ca6dd295c7552,mycareersfuture:singapore:ff270f29c3bc94dec27ca6dd295c7552
noise,too_senior,singapore,"MGR, eFX Trading - Global Markets Division",bankofsingapore.com,plausible,adjacent,https://ocbc.wd102.myworkdayjobs.com/en-US/External/job/OCBC-Singapore/Forex-Trading---MGR_JR00009977,workday:ocbc|wd102|External:/job/OCBC-Singapore/Forex-Trading---MGR_JR00009977
noise,too_senior,singapore,Temenos TAP (Triple A Plus) Developer,~trinity consulting services pte. ltd.,,,https://www.mycareersfuture.gov.sg/job/information-technology/temenos-tap-developer-trinity-consulting-services-dacd5e01346df4c7a272fdf6367f25f5,mycareersfuture:singapore:dacd5e01346df4c7a272fdf6367f25f5
noise,too_senior,singapore,Business Head (Trading & Investments) – Malaysia based,~nextbeat singapore pte. ltd.,stretch,adjacent,https://www.mycareersfuture.gov.sg/job/banking-finance/business-head-%E2%80%93-malaysia-based-nextbeat-singapore-dbb9b8972d0ebe68bd5180859f9072f1,mycareersfuture:singapore:dbb9b8972d0ebe68bd5180859f9072f1
noise,too_senior,singapore,Business Head (Trading & Investments) – Indonesia based,~nextbeat singapore pte. ltd.,stretch,adjacent,https://www.mycareersfuture.gov.sg/job/banking-finance/business-head-%E2%80%93-indonesia-based-nextbeat-singapore-d37681e6a9a354b15012effe69b0eeda,mycareersfuture:singapore:d37681e6a9a354b15012effe69b0eeda
noise,too_senior,stockholm,Expert / Staff Data Scientist - Generative / Agentic AI,nordea.com,,,https://www.nordea.com/en/positions/expert-staff-data-scientist-generative-agentic-ai,site:nordea:85061
noise,too_senior,singapore,Process Analyst,~trinity consulting services pte. ltd.,,,https://www.mycareersfuture.gov.sg/job/information-technology/process-analyst-trinity-consulting-services-68d46825a1d0357b80fcb60b0bcf747d,mycareersfuture:singapore:68d46825a1d0357b80fcb60b0bcf747d
noise,too_senior,singapore,Process Analyst,~trinity consulting services pte. ltd.,,,https://www.mycareersfuture.gov.sg/job/information-technology/process-analyst-trinity-consulting-services-bb54d4409377d764cdfe800cc8bb61ab,mycareersfuture:singapore:bb54d4409377d764cdfe800cc8bb61ab
noise,too_senior,singapore,Experienced Trader,dvtrading.co,stretch,less_relevant,https://job-boards.greenhouse.io/dvtrading/jobs/4702373005,greenhouse:dvtrading:4702373005
noise,too_senior,switzerland hong kong singapore new york boston us other deprioritized,Senior Quant Researcher - Volatility,squarepoint-capital.com,stretch,relevant,https://www.squarepoint-capital.com/open-opportunities?id=253414&gh_jid=253414,greenhouse:squarepointcapital:253414
noise,too_senior,switzerland hong kong singapore new york boston us other deprioritized,Senior Quant Researcher - Intraday Statistical Arbitrage,squarepoint-capital.com,stretch,relevant,https://www.squarepoint-capital.com/open-opportunities?id=253413&gh_jid=253413,greenhouse:squarepointcapital:253413
noise,too_senior,switzerland hong kong singapore new york boston us other deprioritized,Senior Quant Researcher - Fixed Income,squarepoint-capital.com,stretch,relevant,https://www.squarepoint-capital.com/open-opportunities?id=1163559&gh_jid=1163559,greenhouse:squarepointcapital:1163559
noise,too_senior,switzerland hong kong singapore new york boston us other deprioritized,Senior Quant Researcher - Equity Mid/Low Frequency,squarepoint-capital.com,stretch,relevant,https://www.squarepoint-capital.com/open-opportunities?id=253411&gh_jid=253411,greenhouse:squarepointcapital:253411
noise,too_senior,switzerland hong kong singapore new york boston us other deprioritized,Senior Quant Researcher - CTA/Short-Term,squarepoint-capital.com,stretch,relevant,https://www.squarepoint-capital.com/open-opportunities?id=253410&gh_jid=253410,greenhouse:squarepointcapital:253410
noise,too_senior,singapore,Senior Treasury Dealer,~bangkok bank public company limited,stretch,adjacent,https://www.mycareersfuture.gov.sg/job/banking-finance/senior-treasury-dealer-bangkok-bank-public-company-32094e9a79bd7480d1b6015dcfe8563c,mycareersfuture:singapore:32094e9a79bd7480d1b6015dcfe8563c
noise,too_senior,singapore,Global Desk Head - Panamax,~rio tinto shipping (asia) pte. ltd.,,,https://www.mycareersfuture.gov.sg/job/logistics/global-desk-head-panamax-rio-tinto-shipping-84c61f743bbc97066f2abe2accede48a,mycareersfuture:singapore:84c61f743bbc97066f2abe2accede48a
noise,too_senior,singapore,Global Desk Head - Handy/Supramax,~rio tinto shipping (asia) pte. ltd.,,,https://www.mycareersfuture.gov.sg/job/logistics/global-desk-head-handysupramax-rio-tinto-shipping-907de1cd712fb532ff33488c5d7843a4,mycareersfuture:singapore:907de1cd712fb532ff33488c5d7843a4
noise,too_senior,singapore,Executive / Senior Executive – Quantitative Strategist,eastspring.com,stretch,relevant,https://prudential.wd3.myworkdayjobs.com/en-US/prudential_eastspring/job/Singapore/Senior-Manager---Quantitative-Strategist--Analytics-Specialist-_26040609,workday:prudential|wd3|prudential_eastspring:/job/Singapore/Senior-Manager---Quantitative-Strategist--Analytics-Specialist-_26040609
noise,too_senior,singapore,Investment Professional (Part-time),~ambition group singapore pte. ltd.,,,https://www.mycareersfuture.gov.sg/job/banking-finance/investment-professional-ambition-group-singapore-0c45b471103dec7df0de810376f37cdf,mycareersfuture:singapore:0c45b471103dec7df0de810376f37cdf
noise,too_senior,singapore,Senior AI Engineer,~attix apac pte. ltd.,,,https://www.mycareersfuture.gov.sg/job/information-technology/senior-ai-engineer-attix-apac-32167531b0aa3e10a9b9b8c1698e637e,mycareersfuture:singapore:32167531b0aa3e10a9b9b8c1698e637e
noise,too_senior,singapore,Senior Software Engineer,~airwallex (singapore) pte. ltd.,,,https://www.mycareersfuture.gov.sg/job/information-technology/senior-software-engineer-airwallex-1b23f331c4a7e5aa723dc4e069d0cb35,mycareersfuture:singapore:1b23f331c4a7e5aa723dc4e069d0cb35
noise,too_senior,singapore,"Senior Software Engineer, Org & Identity",airwallex.com,,,https://jobs.ashbyhq.com/airwallex/aa6d6432-8871-4aea-9c8c-50f60e2bffa2,ashby:airwallex:aa6d6432-8871-4aea-9c8c-50f60e2bffa2
noise,too_senior,singapore,"Team Head, Wealth Management",schroders.com,plausible,adjacent,https://ekbq.fa.em2.oraclecloud.com/hcmUI/CandidateExperience/en/sites/CX_2/job/1689,oracle_hcm:ekbq.fa.em2.oraclecloud.com|CX_2:1689
noise,wealth_retail,singapore,International Private Bank - Investment Business Management - Associate,"~jpmorgan chase bank, n.a.",plausible,adjacent,https://www.mycareersfuture.gov.sg/job/banking-finance/international-bank-investment-business-management-associate-jpmorgan-chase-bank-na-b6b27a943a890cb73a21157104a4d758,mycareersfuture:singapore:b6b27a943a890cb73a21157104a4d758
noise,wealth_retail,hong kong,"Wealth - Private Bank, Summer Analyst, Hong Kong, 2027",citibank.com.sg,plausible,adjacent,https://citi.wd5.myworkdayjobs.com/en-US/2/job/Hong-Kong--Hong-Kong/Wealth---Private-Bank--Summer-Analyst--Hong-Kong--2027_26988478,workday:citi|wd5|2:/job/Hong-Kong--Hong-Kong/Wealth---Private-Bank--Summer-Analyst--Hong-Kong--2027_26988478
noise,wealth_retail,singapore,"Wealth - Private Bank, Summer Analyst,  Singapore, 2027",citibank.com.sg,plausible,adjacent,https://citi.wd5.myworkdayjobs.com/en-US/2/job/Singapore--Singapore/Wealth---Private-Bank--Summer-Analyst---Singapore--2027_26988484,workday:citi|wd5|2:/job/Singapore--Singapore/Wealth---Private-Bank--Summer-Analyst---Singapore--2027_26988484
noise,wealth_retail,hong kong,Investment Associate - Citi Private Bank - Asia North,citibank.com.sg,plausible,adjacent,https://citi.wd5.myworkdayjobs.com/en-US/2/job/Hong-Kong--Hong-Kong/Investment-Associate---Citi-Private-Bank_26933458,workday:citi|wd5|2:/job/Hong-Kong--Hong-Kong/Investment-Associate---Citi-Private-Bank_26933458
noise,wealth_retail,singapore,Wealth Solutions Consultant,~ozia media pte. ltd.,,,https://www.mycareersfuture.gov.sg/job/banking-finance/wealth-solutions-consultant-ozia-media-582f5e2431ace20fcd45e170d539bfe5,mycareersfuture:singapore:582f5e2431ace20fcd45e170d539bfe5
noise,wealth_retail,singapore,"Investment Advisor, WM",~standard chartered bank (singapore) limited,,,https://www.mycareersfuture.gov.sg/job/banking-finance/investment-advisor-wm-standard-chartered-bank-bf6c1247464e40023bc53c9e26366dbd,mycareersfuture:singapore:bf6c1247464e40023bc53c9e26366dbd
noise,wealth_retail,singapore,Wealth Management Associate,~co wealth advisory group pte. ltd.,stretch,adjacent,https://www.mycareersfuture.gov.sg/job/consulting/wealth-management-associate-wealth-advisory-group-3dc390b3027a69aa6c7397c3544433d8,mycareersfuture:singapore:3dc390b3027a69aa6c7397c3544433d8
noise,wealth_retail,singapore,Mortgage Consultant,~star career consulting pte. ltd.,,,https://www.mycareersfuture.gov.sg/job/banking-finance/mortgage-consultant-star-career-consulting-6b5ccc56f294f7a34120aa5f41ec5dca,mycareersfuture:singapore:6b5ccc56f294f7a34120aa5f41ec5dca
noise,wealth_retail,singapore,Investment Consultant (Private Banking),~revup consulting pte. ltd.,,,https://www.mycareersfuture.gov.sg/job/banking-finance/investment-consultant-revup-consulting-6bab9fd3cafa04536e604d9647cf4659,mycareersfuture:singapore:6bab9fd3cafa04536e604d9647cf4659
noise,wealth_retail,singapore,Associate - Private Wealth Management,~haitong international securities (singapore) pte. ltd.,stretch,adjacent,https://www.mycareersfuture.gov.sg/job/banking-finance/associate-wealth-management-haitong-international-securities-851842612dcb8b1298679bd9306dc592,mycareersfuture:singapore:851842612dcb8b1298679bd9306dc592
noise,wealth_retail,singapore,Associate - Private Clients,~harvest advisors financial holdings pte. ltd.,,,https://www.mycareersfuture.gov.sg/job/banking-finance/associate-clients-harvest-advisors-financial-holdings-cd78e24864ec2ac7ce9a2e59274ddc16,mycareersfuture:singapore:cd78e24864ec2ac7ce9a2e59274ddc16
noise,wealth_retail,singapore,Investment Strategist (Private Banking | CACS License),~career story pte. ltd.,,,https://www.mycareersfuture.gov.sg/job/banking-finance/investment-strategist-career-story-10884e51ed2ea3ef50bd9ed0c0093e7f,mycareersfuture:singapore:10884e51ed2ea3ef50bd9ed0c0093e7f
noise,wealth_retail,singapore,"Analyst/Associate, Product Specialist – APAC Private Markets",~macquarie infrastructure and real assets (singapore) pte. limited,plausible,adjacent,https://www.mycareersfuture.gov.sg/job/banking-finance/analystassociate-product-specialist-%E2%80%93-apac-markets-macquarie-infrastructure-real-assets-20d3331e4836d8085057fed76e70b6b0,mycareersfuture:singapore:20d3331e4836d8085057fed76e70b6b0
noise,wealth_retail,singapore,Wealth Adviser,~st. james's place (singapore) private limited,,,https://www.mycareersfuture.gov.sg/job/banking-finance/wealth-adviser-st-jamess-place-2ee42cb046139d54273c9c598068b566,mycareersfuture:singapore:2ee42cb046139d54273c9c598068b566
noise,wealth_retail,singapore,Multi-Strat and Investment AI Specialist,~bank of singapore limited,strong,less_relevant,https://www.mycareersfuture.gov.sg/job/banking-finance/multi-strat-investment-ai-specialist-bank-singapore-96b08896225e7132a849f1f06be5ce77,mycareersfuture:singapore:96b08896225e7132a849f1f06be5ce77
noise,wealth_retail,singapore,Mortgage Consultant,~star career consulting pte. ltd.,,,https://www.mycareersfuture.gov.sg/job/banking-finance/mortgage-consultant-star-career-consulting-22d6a484808d29332bb1381efcf047ed,mycareersfuture:singapore:22d6a484808d29332bb1381efcf047ed
noise,wealth_retail,singapore,Investment Strategist (Advisory) - Singapore & Australia Market,moomoo.com,,,https://apply.workable.com/j/E1DC226DD4,workable:moomoo:E1DC226DD4
noise,wealth_retail,singapore,Investment Counsellor (Fixed Income Specialist),~kimberley consulting pte. ltd.,stretch,adjacent,https://www.mycareersfuture.gov.sg/job/banking-finance/investment-counsellor-kimberley-consulting-4c95c2be6e388f3d7db4b1a33cac8438,mycareersfuture:singapore:4c95c2be6e388f3d7db4b1a33cac8438
noise,wealth_retail,singapore,FX Dealer,~moolahgo pte. ltd.,plausible,adjacent,https://www.mycareersfuture.gov.sg/job/accounting/fx-dealer-moolahgo-e78d4e963cb50b68c2936262dc0282d8,mycareersfuture:singapore:e78d4e963cb50b68c2936262dc0282d8
noise,wealth_retail,singapore,Bank Associate / Branch Officer (Investment / Trading Company),~trust recruit pte. ltd.,plausible,adjacent,https://www.mycareersfuture.gov.sg/job/banking-finance/bank-associate-branch-officer-trust-recruit-94b1b5c5d00f6ddf728ba8e16a14881e,mycareersfuture:singapore:94b1b5c5d00f6ddf728ba8e16a14881e
noise,wealth_retail,singapore,Associate Asset/Portfolio Management,~abacus asia wealth management pte. ltd.,stretch,adjacent,https://www.mycareersfuture.gov.sg/job/banking-finance/associate-assetportfolio-management-abacus-asia-wealth-management-8f8f546a38209c9d73e1e3dcca4f4f6b,mycareersfuture:singapore:8f8f546a38209c9d73e1e3dcca4f4f6b
noise,wealth_retail,singapore,Graduate Associate (Finance),~prestige corporate services pte. ltd.,,,https://www.mycareersfuture.gov.sg/job/banking-finance/graduate-associate-prestige-corporate-services-0a0c4d5539d9d3952a064b3e23c7e951,mycareersfuture:singapore:0a0c4d5539d9d3952a064b3e23c7e951
noise,wealth_retail,singapore,Estate Planning Consultant,~wola recruitment pte. ltd.,,,https://www.mycareersfuture.gov.sg/job/banking-finance/estate-planning-consultant-wola-recruitment-6dbcd11872b7a06acc26f65606b377b7,mycareersfuture:singapore:6dbcd11872b7a06acc26f65606b377b7
noise,wealth_retail,singapore,CLIENT RELATIONS ASSOCIATE,"~bdo unibank, inc. (singapore branch)",,,https://www.mycareersfuture.gov.sg/job/banking-finance/client-relations-associate-bdo-unibank-0488fd63770f8372290fbbe6b9c33145,mycareersfuture:singapore:0488fd63770f8372290fbbe6b9c33145
noise,wealth_retail,singapore,CLIENT RELATIONS ASSOCIATE,"~bdo unibank, inc. (singapore branch)",,,https://www.mycareersfuture.gov.sg/job/banking-finance/client-relations-associate-bdo-unibank-ba7fb5d9351ad09550c132c4ea6b8ad2,mycareersfuture:singapore:ba7fb5d9351ad09550c132c4ea6b8ad2
noise,wealth_retail,singapore,Business Analyst (Private Banking) (Contract),~randstad pte. limited,,,https://www.mycareersfuture.gov.sg/job/banking-finance/business-analyst-randstad-e9442e0e4ffb9f8f7125669cc6a1bcae,mycareersfuture:singapore:e9442e0e4ffb9f8f7125669cc6a1bcae
noise,wealth_retail,singapore,Wealth Advisory Associate — Investment Track,~manulife financial advisers pte. ltd.,plausible,adjacent,https://www.mycareersfuture.gov.sg/job/banking-finance/wealth-advisory-associate-%E2%80%94-investment-track-manulife-financial-advisers-3b97615294919f13b80563d4009ceee1,mycareersfuture:singapore:3b97615294919f13b80563d4009ceee1
noise,wealth_retail,singapore,Private Bank and Wealth Management Graduate Programme 2027 Singapore,cards.barclaycardus.com,plausible,adjacent,https://barclays.wd3.myworkdayjobs.com/en-US/External_Career_Site_Barclays/job/Singapore-Marina-Bay-Financial-Tower-2/Private-Bank-and-Wealth-Management-Graduate-Programme-2027-Singapore_JR-0000128136,workday:barclays|wd3|External_Career_Site_Barclays:/job/Singapore-Marina-Bay-Financial-Tower-2/Private-Bank-and-Wealth-Management-Graduate-Programme-2027-Singapore_JR-0000128136
noise,wealth_retail,singapore,PORTFOLIO CONSULTANT,~vanguard recruitment pte. ltd.,,,https://www.mycareersfuture.gov.sg/job/banking-finance/portfolio-consultant-vanguard-recruitment-ec5c1ae6878e63f86cfb8d5cc33c10cb,mycareersfuture:singapore:ec5c1ae6878e63f86cfb8d5cc33c10cb
noise,wealth_retail,singapore,Investment Analyst Intern,~luca sgp pte. ltd.,stretch,adjacent,https://www.mycareersfuture.gov.sg/job/banking-finance/investment-analyst-intern-luca-sgp-273768bd92071c1f01349bd9aaf5605b,mycareersfuture:singapore:273768bd92071c1f01349bd9aaf5605b
noise,wealth_retail,singapore,INVESTMENT STRATEGIST,~vanguard recruitment pte. ltd.,,,https://www.mycareersfuture.gov.sg/job/consulting/investment-strategist-vanguard-recruitment-01094510c644f8fd85ecd6c035e0a35a,mycareersfuture:singapore:01094510c644f8fd85ecd6c035e0a35a
noise,wealth_retail,singapore,INVESTMENT CONSULTANT,~vanguard recruitment pte. ltd.,,,https://www.mycareersfuture.gov.sg/job/banking-finance/investment-consultant-vanguard-recruitment-7e7797b61161bf1d6c83af6b9f6f35d4,mycareersfuture:singapore:7e7797b61161bf1d6c83af6b9f6f35d4
noise,wealth_retail,singapore,Wealth Solutions Consultant (Basic + Commission),~fort financial pte. ltd.,,,https://www.mycareersfuture.gov.sg/job/banking-finance/wealth-solutions-consultant-fort-financial-e28305d4c8238211b8fa157e7e7dd95b,mycareersfuture:singapore:e28305d4c8238211b8fa157e7e7dd95b
noise,wealth_retail,singapore,Wealth Management Consultant (Investment),~placement professionals,plausible,adjacent,https://www.mycareersfuture.gov.sg/job/banking-finance/wealth-management-consultant-placement-professionals-e04ade9101744854777dadcbc48dff76,mycareersfuture:singapore:e04ade9101744854777dadcbc48dff76
noise,wealth_retail,singapore,Wealth Management Consultant (Investment),~placement professionals,plausible,adjacent,https://www.mycareersfuture.gov.sg/job/banking-finance/wealth-management-consultant-placement-professionals-8e4aaf46eb5aa4c394923130bdc02c31,mycareersfuture:singapore:8e4aaf46eb5aa4c394923130bdc02c31
noise,wealth_retail,singapore,Wealth Management Consultant (Investment),~placement professionals,plausible,adjacent,https://www.mycareersfuture.gov.sg/job/banking-finance/wealth-management-consultant-placement-professionals-04b07715ad18fdb7e65cdd1e8897ef5c,mycareersfuture:singapore:04b07715ad18fdb7e65cdd1e8897ef5c
noise,wealth_retail,singapore,Wealth Management Consultant (Investment),~placement professionals,plausible,adjacent,https://www.mycareersfuture.gov.sg/job/banking-finance/wealth-management-consultant-placement-professionals-d4d3f8469684366f4b2824412a0b6a4f,mycareersfuture:singapore:d4d3f8469684366f4b2824412a0b6a4f
noise,wealth_retail,singapore,Personal Portfolio Strategist,~ace ascentia pte. ltd.,,,https://www.mycareersfuture.gov.sg/job/consulting/personal-portfolio-strategist-ace-ascentia-8806df8295a44f8c82201d0941ec5534,mycareersfuture:singapore:8806df8295a44f8c82201d0941ec5534
noise,wealth_retail,singapore,Mortgage Consultant,~star career consulting pte. ltd.,,,https://www.mycareersfuture.gov.sg/job/banking-finance/mortgage-consultant-star-career-consulting-ebb5d7b8eb01a773b75e0eba22d47eb5,mycareersfuture:singapore:ebb5d7b8eb01a773b75e0eba22d47eb5
noise,wealth_retail,singapore,Graduate Associate Program in Wealth Management,~placement professionals,plausible,adjacent,https://www.mycareersfuture.gov.sg/job/banking-finance/graduate-associate-program-wealth-management-placement-professionals-aad9238135c6d1f951c888e4db14738f,mycareersfuture:singapore:aad9238135c6d1f951c888e4db14738f
noise,wealth_retail,singapore,Graduate Associate Program in Wealth Management,~placement professionals,plausible,adjacent,https://www.mycareersfuture.gov.sg/job/banking-finance/graduate-associate-program-wealth-management-placement-professionals-20945fcd533a9af6f3cb9940a666a151,mycareersfuture:singapore:20945fcd533a9af6f3cb9940a666a151
noise,wealth_retail,singapore,Graduate Associate Program (Wealth Management),~pinnacle global assets pte. ltd.,plausible,adjacent,https://www.mycareersfuture.gov.sg/job/banking-finance/graduate-associate-program-pinnacle-global-assets-847dad31eb41e2e1efaa639faf289909,mycareersfuture:singapore:847dad31eb41e2e1efaa639faf289909
noise,wealth_retail,singapore,Graduate Associate Program (Investment),~pinnacle global assets pte. ltd.,,,https://www.mycareersfuture.gov.sg/job/banking-finance/graduate-associate-program-pinnacle-global-assets-299111419769588bfc4fe62c39882e72,mycareersfuture:singapore:299111419769588bfc4fe62c39882e72
noise,wealth_retail,singapore,Credit Analyst | Private Banking | UP4000 | Contract,~persol singapore pte. ltd.,,,https://www.mycareersfuture.gov.sg/job/accounting/credit-analyst-banking-up4000-contract-persol-singapore-5b871d4820b39bed9fcf4836d2f843d3,mycareersfuture:singapore:5b871d4820b39bed9fcf4836d2f843d3
noise,wealth_retail,singapore,Asset Management Consultant,~ace ascentia pte. ltd.,stretch,adjacent,https://www.mycareersfuture.gov.sg/job/consulting/asset-management-consultant-ace-ascentia-0249fe5e033dfc3af9bec6deb3415f9e,mycareersfuture:singapore:0249fe5e033dfc3af9bec6deb3415f9e
noise,wealth_retail,singapore,Securities Dealer,"~bdo unibank, inc. (singapore branch)",stretch,adjacent,https://www.mycareersfuture.gov.sg/job/banking-finance/securities-dealer-bdo-unibank-502aac1cad1c1c8adbfb7e6a0a520d28,mycareersfuture:singapore:502aac1cad1c1c8adbfb7e6a0a520d28
noise,wealth_retail,singapore,Securities Dealer,"~bdo unibank, inc. (singapore branch)",stretch,adjacent,https://www.mycareersfuture.gov.sg/job/banking-finance/securities-dealer-bdo-unibank-c49ec66706af5147fbea444bc12c6296,mycareersfuture:singapore:c49ec66706af5147fbea444bc12c6296
noise,wealth_retail,singapore,Junior Securities Dealer (Capital Market),~career story pte. ltd.,plausible,adjacent,https://www.mycareersfuture.gov.sg/job/banking-finance/junior-securities-dealer-career-story-ce4f1519caf2b841c2cc82f20b0f64a3,mycareersfuture:singapore:ce4f1519caf2b841c2cc82f20b0f64a3
noise,wealth_retail,singapore,Investment Strategist (Private Banking | CACS License),~career story pte. ltd.,,,https://www.mycareersfuture.gov.sg/job/banking-finance/investment-strategist-career-story-7fc2e3cef9cfe9f634e64584187ca016,mycareersfuture:singapore:7fc2e3cef9cfe9f634e64584187ca016
noise,wealth_retail,singapore,Investment Counsellor,~revup consulting pte. ltd.,,,https://www.mycareersfuture.gov.sg/job/banking-finance/investment-counsellor-revup-consulting-33b3abbe6c2d2c8fde2c3c7820c6cc2e,mycareersfuture:singapore:33b3abbe6c2d2c8fde2c3c7820c6cc2e
noise,wealth_retail,singapore deprioritized,"International Private Bank, Professional for China Market, based in Singapore","~jpmorgan chase bank, n.a.",stretch,adjacent,https://www.mycareersfuture.gov.sg/job/banking-finance/international-bank-professional-china-market-based-singapore-jpmorgan-chase-bank-na-006f04030aa5adf5006d02a9c534f51a,mycareersfuture:singapore:006f04030aa5adf5006d02a9c534f51a
noise,wealth_retail,stockholm,"2027 | EMEA | Stockholm | Wealth Management, Private Wealth Management | Seasonal/Off-Cycle Internsh","~goldman sachs, inc.",plausible,adjacent,https://jobbsafari.se/jobb/2027-emea-stockholm-wealth-management-private-wealth-management-seasonaloff-cycle-internsh-scsom-20492070,jobbsafari:sweden:20492070
noise,wealth_retail,singapore,"Analyst, Client Relationship Management",brookfield.com,,,https://brookfield.wd5.myworkdayjobs.com/en-US/brookfield/job/Singapore/Analyst--Client-Relationship-Management_R2052075,workday:brookfield|wd5|brookfield:/job/Singapore/Analyst--Client-Relationship-Management_R2052075
noise,wealth_retail,singapore,Investment Counsellor (Fixed Income Specialist),~kimberley consulting pte. ltd.,stretch,adjacent,https://www.mycareersfuture.gov.sg/job/banking-finance/investment-counsellor-kimberley-consulting-51b10866a81b0c31ce22dead9ce99a9d,mycareersfuture:singapore:51b10866a81b0c31ce22dead9ce99a9d
noise,wealth_retail,singapore,R0446074 Private Bank Emerging Market Strategy - Associate,~deutsche bank aktiengesellschaft,stretch,adjacent,https://www.mycareersfuture.gov.sg/job/banking-finance/r0446074-bank-emerging-market-strategy-associate-deutsche-bank-aktiengesellschaft-b160a9fd5ecb4cd018847253b424a108,mycareersfuture:singapore:b160a9fd5ecb4cd018847253b424a108
noise,wealth_retail,singapore,Personal Portfolio Strategist,~ace ascentia pte. ltd.,,,https://www.mycareersfuture.gov.sg/job/consulting/personal-portfolio-strategist-ace-ascentia-2759294f51eb0274be0c92e4a6f0552f,mycareersfuture:singapore:2759294f51eb0274be0c92e4a6f0552f
noise,wealth_retail,hong kong,"Associate, Digital Infrastructure Investments",ares.com,,,https://aresmgmt.wd1.myworkdayjobs.com/en-US/External/job/Tokyo-Japan/Associate--Digital-Infrastructure-Investments_R7770-2,workday:aresmgmt|wd1|External:/job/Tokyo-Japan/Associate--Digital-Infrastructure-Investments_R7770-2
noise,wealth_retail,singapore,Asset Management Consultant,~ace ascentia pte. ltd.,stretch,adjacent,https://www.mycareersfuture.gov.sg/job/consulting/asset-management-consultant-ace-ascentia-e7713c127f1a2ca5177224d885cf09a8,mycareersfuture:singapore:e7713c127f1a2ca5177224d885cf09a8
noise,wealth_retail,hong kong,"Analyst, Product Management and Investor Relations, Real Estate",ares.com,plausible,adjacent,https://aresmgmt.wd1.myworkdayjobs.com/en-US/External/job/Hong-Kong/Analyst--Product-Management-and-Investor-Relations--Real-Estate_R8207-1,workday:aresmgmt|wd1|External:/job/Hong-Kong/Analyst--Product-Management-and-Investor-Relations--Real-Estate_R8207-1
noise,wealth_retail,singapore,Wealth Management Consultant (Local Bank),~just hire pte. ltd.,plausible,adjacent,https://www.mycareersfuture.gov.sg/job/banking-finance/wealth-management-consultant-just-hire-3bb544d773b3f5427db1d99415d34948,mycareersfuture:singapore:3bb544d773b3f5427db1d99415d34948
noise,wealth_retail,singapore,"Senior associate, Orange movement",~impact investment exchange pte. ltd.,,,https://www.mycareersfuture.gov.sg/job/consulting/senior-associate-orange-movement-impact-investment-exchange-00278641bc97808668ba506d85a52597,mycareersfuture:singapore:00278641bc97808668ba506d85a52597
noise,wealth_retail,singapore deprioritized,"International Private Bank, Analyst - China Market, based in Singapore","~jpmorgan chase bank, n.a.",stretch,adjacent,https://www.mycareersfuture.gov.sg/job/banking-finance/international-bank-analyst-china-market-based-singapore-jpmorgan-chase-bank-na-31904ff748aa5efa372b01d6581cbb49,mycareersfuture:singapore:31904ff748aa5efa372b01d6581cbb49
noise,wealth_retail,singapore,Insurance Specialist (iFAST Global Markets),~ifast financial pte. ltd.,plausible,adjacent,https://www.mycareersfuture.gov.sg/job/banking-finance/insurance-specialist-ifast-financial-d75cd683aac2daeff42c60e233ac4fbe,mycareersfuture:singapore:d75cd683aac2daeff42c60e233ac4fbe
noise,wealth_retail,singapore,Mortgage Consultant,~star career consulting pte. ltd.,,,https://www.mycareersfuture.gov.sg/job/banking-finance/mortgage-consultant-star-career-consulting-fab87860cb0dd3281404af99ade4be8f,mycareersfuture:singapore:fab87860cb0dd3281404af99ade4be8f
noise,wealth_retail,singapore,Wealth Adviser,~placement professionals,,,https://www.mycareersfuture.gov.sg/job/banking-finance/wealth-adviser-placement-professionals-844ca60b80e76317142c3016260ca104,mycareersfuture:singapore:844ca60b80e76317142c3016260ca104
noise,wealth_retail,hong kong,Investment Consultant,bankofsingapore.com,,,https://ocbc.wd102.myworkdayjobs.com/en-US/External/job/OCBC-Hong-Kong/Investment-Consultant_JR00007159,workday:ocbc|wd102|External:/job/OCBC-Hong-Kong/Investment-Consultant_JR00007159
noise,wealth_retail,singapore,Investment Advisory Intern,~wealth asia llp,,,https://www.mycareersfuture.gov.sg/job/banking-finance/investment-advisory-intern-wealth-asia-b57f1ea2a6abf90405cf9468c6a5adb3,mycareersfuture:singapore:b57f1ea2a6abf90405cf9468c6a5adb3
noise,wealth_retail,singapore,Management Associate Consultant,~lks private wealth pte. ltd.,,,https://www.mycareersfuture.gov.sg/job/banking-finance/management-associate-consultant-lks-wealth-b8f9e291913800e770e4e6918311de48,mycareersfuture:singapore:b8f9e291913800e770e4e6918311de48
noise,wealth_retail,singapore,Wealth Solutions Consultant (Basic + Commission),~fort financial pte. ltd.,,,https://www.mycareersfuture.gov.sg/job/banking-finance/wealth-solutions-consultant-fort-financial-ef33e6db67684210e38d7eb7ac771e00,mycareersfuture:singapore:ef33e6db67684210e38d7eb7ac771e00
noise,wealth_retail,singapore,HSBC Wealth Solutions Consultant,~ozia media pte. ltd.,,,https://www.mycareersfuture.gov.sg/job/banking-finance/hsbc-wealth-solutions-consultant-ozia-media-b12aad4ef984ab25b1fba03c4e7e2149,mycareersfuture:singapore:b12aad4ef984ab25b1fba03c4e7e2149
noise,wealth_retail,singapore,Client Relationship Associate,~maybank singapore limited,,,https://www.mycareersfuture.gov.sg/job/banking-finance/client-relationship-associate-maybank-singapore-8e3f2a028d3218d45d97cafbdbf81c1c,mycareersfuture:singapore:8e3f2a028d3218d45d97cafbdbf81c1c
noise,wealth_retail,singapore,Wealth Management - Investment Consultant,~cmbi (singapore) pte. limited,plausible,adjacent,https://www.mycareersfuture.gov.sg/job/banking-finance/wealth-management-investment-consultant-cmbi-d5bb81fc56188ef5e872f3feecc648c6,mycareersfuture:singapore:d5bb81fc56188ef5e872f3feecc648c6
noise,wealth_retail,singapore,Mortgage Consultant,~star career consulting pte. ltd.,,,https://www.mycareersfuture.gov.sg/job/banking-finance/mortgage-consultant-star-career-consulting-55a30aafb49965af23c6c4badc671c4b,mycareersfuture:singapore:55a30aafb49965af23c6c4badc671c4b
noise,wealth_retail,hong kong,Treasury Specilaist,dbs.com,stretch,adjacent,https://dbs.wd3.myworkdayjobs.com/en-US/DBS_Careers/job/One-Island-East/Treasury-Specilaist_WD85993,workday:dbs|wd3|DBS_Careers:/job/One-Island-East/Treasury-Specilaist_WD85993
noise,wealth_retail,hong kong,"Treasury Specialist, Treasures (Licensed, Sales Incentive)",dbs.com,stretch,adjacent,https://dbs.wd3.myworkdayjobs.com/en-US/DBS_Careers/job/One-Island-East/Treasury-Specialist--Treasures--Licensed--Sales-Incentive-_26000048,workday:dbs|wd3|DBS_Careers:/job/One-Island-East/Treasury-Specialist--Treasures--Licensed--Sales-Incentive-_26000048
noise,wealth_retail,hong kong,"Treasury Specialist, Treasures (Licensed, Sales Incentive)",dbs.com,stretch,adjacent,https://dbs.wd3.myworkdayjobs.com/en-US/DBS_Careers/job/One-Island-East/Treasury-Specialist--Treasures--Licensed--Sales-Incentive-_WD85990,workday:dbs|wd3|DBS_Careers:/job/One-Island-East/Treasury-Specialist--Treasures--Licensed--Sales-Incentive-_WD85990
noise,wealth_retail,hong kong,Treasury Specialist,dbs.com,stretch,adjacent,https://dbs.wd3.myworkdayjobs.com/en-US/DBS_Careers/job/One-Island-East/Treasury-Specialist_WD85001-1,workday:dbs|wd3|DBS_Careers:/job/One-Island-East/Treasury-Specialist_WD85001-1
noise,wealth_retail,hong kong,"Structured Product Specialist, Product and Investment Solutions, Wealth Management",clsa.com,plausible,adjacent,https://citicclsa.wd3.myworkdayjobs.com/en-US/External/job/Hong-Kong/Structured-Product-Specialist--Product-and-Investment-Solutions--Wealth-Management_JR002613,workday:citicclsa|wd3|External:/job/Hong-Kong/Structured-Product-Specialist--Product-and-Investment-Solutions--Wealth-Management_JR002613
noise,wealth_retail,hong kong,"Sales Trader, Wealth Management",clsa.com,plausible,adjacent,https://citicclsa.wd3.myworkdayjobs.com/en-US/External/job/Hong-Kong/Sales-Trader--Wealth-Management_JR002243,workday:citicclsa|wd3|External:/job/Hong-Kong/Sales-Trader--Wealth-Management_JR002243
noise,wealth_retail,hong kong,"Product Specialist, Product and Investment Solutions, Wealth Management",clsa.com,plausible,adjacent,https://citicclsa.wd3.myworkdayjobs.com/en-US/External/job/Hong-Kong/Product-Specialist--Product-and-Investment-Solutions--Wealth-Management_JR002815-1,workday:citicclsa|wd3|External:/job/Hong-Kong/Product-Specialist--Product-and-Investment-Solutions--Wealth-Management_JR002815-1
noise,wealth_retail,singapore,Private Bank and Wealth Management Summer Internship Programme 2027 Singapore,cards.barclaycardus.com,plausible,adjacent,https://barclays.wd3.myworkdayjobs.com/en-US/External_Career_Site_Barclays/job/Singapore-Marina-Bay-Financial-Tower-2/Private-Bank-and-Wealth-Management-Summer-Internship-Programme-2027-Singapore_JR-0000117561,workday:barclays|wd3|External_Career_Site_Barclays:/job/Singapore-Marina-Bay-Financial-Tower-2/Private-Bank-and-Wealth-Management-Summer-Internship-Programme-2027-Singapore_JR-0000117561
noise,wealth_retail,hong kong,"Investment Specialist, Product Solutions, Wealth Management",clsa.com,plausible,adjacent,https://citicclsa.wd3.myworkdayjobs.com/en-US/External/job/Hong-Kong/Investment-Specialist--Product-Solutions--Wealth-Management_JR002809,workday:citicclsa|wd3|External:/job/Hong-Kong/Investment-Specialist--Product-Solutions--Wealth-Management_JR002809
noise,wealth_retail,singapore,Investment Counselor,~rich forever family office pte. ltd.,,,https://www.mycareersfuture.gov.sg/job/banking-finance/investment-counselor-rich-forever-family-office-752ff8b14325c1729c2ee478902c1ece,mycareersfuture:singapore:752ff8b14325c1729c2ee478902c1ece
noise,wealth_retail,singapore,"Analyst, Client Reporting",cambridgeassociates.com,,,https://cambridgeassociates.wd5.myworkdayjobs.com/en-US/Cambridge_Associates/job/Singapore/Analyst--Client-Reporting_JR0000156-1,workday:cambridgeassociates|wd5|Cambridge_Associates:/job/Singapore/Analyst--Client-Reporting_JR0000156-1
noise,wealth_retail,singapore,Wealth Management Associate,~co wealth advisory group pte. ltd.,stretch,adjacent,https://www.mycareersfuture.gov.sg/job/consulting/wealth-management-associate-wealth-advisory-group-d53dc35cd9cec3326c697312ac04b74e,mycareersfuture:singapore:d53dc35cd9cec3326c697312ac04b74e
noise,wealth_retail,singapore,Branch Associate / Branch Officer (Investment / Trading Company),~trust recruit pte. ltd.,plausible,adjacent,https://www.mycareersfuture.gov.sg/job/banking-finance/branch-associate-branch-officer-trust-recruit-e4ddb9afac1a0c68f1deab9e1d9f2c14,mycareersfuture:singapore:e4ddb9afac1a0c68f1deab9e1d9f2c14
noise,wealth_retail,singapore,Wealth Management Consultant (Local Bank),~just hire pte. ltd.,plausible,adjacent,https://www.mycareersfuture.gov.sg/job/banking-finance/wealth-management-consultant-just-hire-cefb91318521bda3fda2540ad44c38af,mycareersfuture:singapore:cefb91318521bda3fda2540ad44c38af
noise,wealth_retail,singapore,"Associate, Trusts",~precepts trustee ltd.,,,https://www.mycareersfuture.gov.sg/job/consulting/associate-trusts-precepts-trustee-38ade2ababebfa71e6672aaba818c0a4,mycareersfuture:singapore:38ade2ababebfa71e6672aaba818c0a4
noise,wealth_retail,singapore,Wealth Adviser,~st. james's place (singapore) private limited,,,https://www.mycareersfuture.gov.sg/job/banking-finance/wealth-adviser-st-jamess-place-adca6545fb14122fad0a804373a0ade8,mycareersfuture:singapore:adca6545fb14122fad0a804373a0ade8
noise,wealth_retail,singapore,Mortgage Consultant,~star career consulting pte. ltd.,,,https://www.mycareersfuture.gov.sg/job/banking-finance/mortgage-consultant-star-career-consulting-7a9edd31486656d4ceba15655a6d0ace,mycareersfuture:singapore:7a9edd31486656d4ceba15655a6d0ace
noise,wealth_retail,singapore,Mortgage Consultant,~star career consulting pte. ltd.,,,https://www.mycareersfuture.gov.sg/job/banking-finance/mortgage-consultant-star-career-consulting-4e8b264921a315d604a0883de2f5cad0,mycareersfuture:singapore:4e8b264921a315d604a0883de2f5cad0
noise,wealth_retail,singapore,Securities Dealer,"~bdo unibank, inc. (singapore branch)",stretch,adjacent,https://www.mycareersfuture.gov.sg/job/banking-finance/securities-dealer-bdo-unibank-6d256c884bb4688a7b9e801af112019d,mycareersfuture:singapore:6d256c884bb4688a7b9e801af112019d
noise,wealth_retail,singapore,Securities Dealer,"~bdo unibank, inc. (singapore branch)",stretch,adjacent,https://www.mycareersfuture.gov.sg/job/banking-finance/securities-dealer-bdo-unibank-2e765c72d3bc9c0ce31d09364bffbce3,mycareersfuture:singapore:2e765c72d3bc9c0ce31d09364bffbce3
noise,wealth_retail,stockholm,"Private Wealth Management, Financial Analyst, Analyst, Stockholm","~goldman sachs, inc.",plausible,adjacent,https://jobbsafari.se/jobb/private-wealth-management-financial-analyst-analyst-stockholm-scsom-20395076,jobbsafari:sweden:20395076
