n,relevance,seniority,note,title,firm,location,department,url,ats,token,job_id
1,rejected,,from the board,Inköpare för UBW Inköp support,centio.teamtailor.com,"Stockholm, Stockholms län",Inköpare,https://arbetsformedlingen.se/platsbanken/annonser/31367846,jobtech,jobstream,31367846
2,rejected,,THis is an ai scraping job - totally wrong,AI Training Contributor - Cantonese - Remote,clear.ventures,Taiwan (Remote),LiltLancer Community,https://jobs.ashbyhq.com/lilt-production/00e0e527-2b8a-4b62-98a9-1beee5b5ba58,ashby,lilt-production,00e0e527-2b8a-4b62-98a9-1beee5b5ba58
3,,,,Experienced Options Trader – Singapore Office,belvederetrading.com,Singapore,Experienced,https://jobs.lever.co/belvederetrading/25963deb-5dfd-42da-88b4-3cd3b5d8d5ef,lever,belvederetrading,25963deb-5dfd-42da-88b4-3cd3b5d8d5ef
4,,,,Private Markets Specialist,cmcmarkets.com,London,,https://cmcmarkets.wd3.myworkdayjobs.com/en-US/CMC_Markets_Careers/job/London/Private-Markets-Specialist_CMC4653,workday,cmcmarkets|wd3|CMC_Markets_Careers,/job/London/Private-Markets-Specialist_CMC4653
5,adjacent,mid_3_5,relevant-but not what i am looking for as this is not a market role-its a credit role,Senior quantitative analyst within credit risk and capital,swedbank.com,"Stockholm Region, Sundbyberg, Sweden","Risk management, compliance and legal",https://jobs.swedbank.com/jobs/27496-senior-quantitative-analyst-within-credit-risk-and-capital,teamtailor,jobs.swedbank.com,43ead79f-9243-43a4-b725-f871ce109d36
6,,,,Senior Product Data Scientist ,accomplice.co,UK,Technology,https://jobs.ashbyhq.com/zoe/4a8410a5-6abb-4570-a0af-04e5452b8c39,ashby,zoe,4a8410a5-6abb-4570-a0af-04e5452b8c39
7,,,,Junior Quantitative Analyst (Credit & Financial Risk),dualinsurance.com,Switzerland - Bodmerstrasse 9,,https://hyperiongrp.wd3.myworkdayjobs.com/en-US/hyperion_external/job/Switzerland---Bodmerstrasse-9/Junior-Quantitative-Analyst--Credit---Financial-Risk-_R0018956,workday,hyperiongrp|wd3|hyperion_external,/job/Switzerland---Bodmerstrasse-9/Junior-Quantitative-Analyst--Credit---Financial-Risk-_R0018956
8,,,,"Associate, Equity Derivatives Structuring, Equity Derivatives",clsa.com,Hong Kong,,https://citicclsa.wd3.myworkdayjobs.com/en-US/External/job/Hong-Kong/Associate--Equity-Derivatives-Structuring--Equity-Derivatives_JR002605-1,workday,citicclsa|wd3|External,/job/Hong-Kong/Associate--Equity-Derivatives-Structuring--Equity-Derivatives_JR002605-1
9,,,,Trading Assistant (Emerging Markets),bluecrestcapital.com,"Singapore, Central Singapore, Singapore",Emerging Markets,https://job-boards.greenhouse.io/bluecrestcapitalmanagement/jobs/7544700003,greenhouse,bluecrestcapitalmanagement,7544700003
10,rejected,,This is a compliance (legal job). Totally irrelevant,"Compliance Monitoring Officer, Payward Europe Solutions Ltd",payward.com,Ireland,Compliance,https://jobs.ashbyhq.com/kraken.com/026130b9-40b0-4222-bae7-2b632bb37623,ashby,kraken.com,026130b9-40b0-4222-bae7-2b632bb37623
11,rejected,,from the board,Part-Time Sales Consultants,sweden,Stockholm,,https://jobbsafari.se/jobb/part-time-sales-consultants-scsom-20454218,jobbsafari,sweden,20454218
12,,,,Senior Quantitative Researcher - Options Market Making,mavensecurities.com,London,Options Market Making,https://job-boards.greenhouse.io/mavensecuritiesholdingltd/jobs/4238630,greenhouse,mavensecuritiesholdingltd,4238630
13,rejected,mid_3_5,not relevant because of frontend - consumer facing software development,"Software Engineer, Frontend (Coinbase Advisor - Agentic Trading)",blockchaincapital.com,Remote - USA,Engineering - Frontend,https://www.coinbase.com/careers/positions/8070574?gh_jid=8070574,greenhouse,coinbase,8070574
14,rejected,mid_3_5,rejected beacause of loans and analyst - this is a lawyer/accountant job,Distressed Loan Analyst,eaglepointcredit.com,"Greenwich, CT",Investment,https://jobs.lever.co/eaglepointcredit/fac881ad-f2e3-4ca1-8762-0b4e8a1a013e,lever,eaglepointcredit,fac881ad-f2e3-4ca1-8762-0b4e8a1a013e
15,rejected,,from the board,Masterdatakoortinator Data Cleansing - Martin & Servera Restauranghandel,sweden,Stockholm,,https://jobbsafari.se/jobb/masterdatakoortinator-data-cleansing-martin-servera-restauranghandel-sksee-20436028,jobbsafari,sweden,20436028
16,,,,Market Data Business Analyst,cards.barclaycardus.com,Glasgow Campus,,https://barclays.wd3.myworkdayjobs.com/en-US/External_Career_Site_Barclays/job/Glasgow-Campus/Market-Data-Business-Analyst_JR-0000093534,workday,barclays|wd3|External_Career_Site_Barclays,/job/Glasgow-Campus/Market-Data-Business-Analyst_JR-0000093534
17,rejected,,from the board,Miljösamordnare,sweden,Stockholm,,https://jobbsafari.se/jobb/miljosamordnare-sasrb-20482984,jobbsafari,sweden,20482984
18,rejected,,real estate job,"Associate, Equity Investments & Asset Management",berkshireresidentialinvestments.com,San Francisco Office,Equity Investments,https://job-boards.greenhouse.io/berkshiregroupllc/jobs/4320684009,greenhouse,berkshiregroupllc,4320684009
19,,,,Depositary Officer - Alternative Assets,apexgroup.com,Farum,,https://theapexgroup.wd3.myworkdayjobs.com/en-US/apexgroupcareers/job/Farum/Depositary-Officer---Alternative-Assets_JR-0023691,workday,theapexgroup|wd3|apexgroupcareers,/job/Farum/Depositary-Officer---Alternative-Assets_JR-0023691
20,rejected,,business analyst,Business Analyst,afsgroup.nl,"Amsterdam, Netherlands",,https://afsgroup.recruitee.com/o/business-analyst,recruitee,afsgroup,2689057
21,rejected,,administrative job,"Client Service Associate (Springfield, MO) ",tuftoncapital.com,"Remote, USA; Springfield",Wealth Solutions - Brokerage Solutions,https://job-boards.greenhouse.io/merceradvisors/jobs/5288309008,greenhouse,merceradvisors,5288309008
22,,,,Structural Analyst II,reveillevc.com,Los Angeles,Reactor Hardware Engineering,https://jobs.ashbyhq.com/Antares/45fcab03-3f4e-4018-8650-23f80cab0c9f,ashby,Antares,45fcab03-3f4e-4018-8650-23f80cab0c9f
23,,,,"Quantitative & Risk Analytics – ESG Analytics, Senior Associate",barings.com,"London, United Kingdom; Charlotte,  NC, United States",,https://barings.wd1.myworkdayjobs.com/en-US/Barings/job/London-United-Kingdom/Quantitative---Risk-Analytics---ESG-Analytics--Senior-Associate_JR_006613,workday,barings|wd1|Barings,/job/London-United-Kingdom/Quantitative---Risk-Analytics---ESG-Analytics--Senior-Associate_JR_006613
24,,,,Women in Trading & Technology Insight Programme - 2027,gsa-coral.com,London,Onsite events,https://www.gsacapital.com/careers/gh/?gh_jid=8518528002,greenhouse,gsacapital,8518528002
25,,,,Quantitative Strategist (PhD),itgeurope.com,"Austin, TX; New York",Research,https://job-boards.greenhouse.io/virtu/jobs/4205353002,greenhouse,virtu,4205353002
26,,,,Early Career Next Gen Quant Equity Researcher,robeco.com,Robeco Institutional Asset Management US Inc. - Boston,,https://robeco.wd3.myworkdayjobs.com/en-US/robecoexternalcareers/job/Robeco-Institutional-Asset-Management-US-Inc---Boston/Early-Career-Next-Gen-Quant-Equity-Researcher_R2068,workday,robeco|wd3|robecoexternalcareers,/job/Robeco-Institutional-Asset-Management-US-Inc---Boston/Early-Career-Next-Gen-Quant-Equity-Researcher_R2068
27,rejected,senior_6_10,This is a lawyer role,Commercial Counsel,monarch.com,Remote (US),Operations,https://jobs.ashbyhq.com/monarchmoney/056379f5-d447-47cd-bca9-fad91ab55ba7,ashby,monarchmoney,056379f5-d447-47cd-bca9-fad91ab55ba7
28,,,,Senior Data Scientist,khim.com,"Irving, TX 75062 Vizient Corporate HQ; Chicago, IL 60607; Centennial, CO 80111",,https://vizient.wd1.myworkdayjobs.com/en-US/Vizient_Careers/job/Irving-TX-75062-Vizient-Corporate-HQ/Senior-Data-Scientist_34796R,workday,vizient|wd1|Vizient_Careers,/job/Irving-TX-75062-Vizient-Corporate-HQ/Senior-Data-Scientist_34796R
29,,,,Product Specialist - Cash Equity & Market Data,euronext.com,2 Locations,,https://hrhub.wd3.myworkdayjobs.com/en-US/Euronext_Career_Page/job/Paris/Product-Specialist---Cash-Equity---Market-Data_R25957-1,workday,hrhub|wd3|Euronext_Career_Page,/job/Paris/Product-Specialist---Cash-Equity---Market-Data_R25957-1
30,,,,Quantitative Researcher ,headlandstech.com,Amsterdam; Chicago; London; New York,Monetization,https://job-boards.greenhouse.io/headlandstechnologiesllc/jobs/4194144009,greenhouse,headlandstechnologiesllc,4194144009
31,,,,"Quantitative Researcher, PhD ",aquatic.com,Chicago; New York,Research,https://job-boards.greenhouse.io/aquaticcapitalmanagement/jobs/8387685002,greenhouse,aquaticcapitalmanagement,8387685002
32,adjacent,junior_0_2,trading job,Prime Sales Trader,blockchaincapital.com,Remote - USA,"Institutional Sales, Trading, and Prime Services",https://www.coinbase.com/careers/positions/8013951?gh_jid=8013951,greenhouse,coinbase,8013951
33,rejected,,rejected because of reliability - nothing to do with finance,Senior Site Reliability Engineer,oceans.ventures,"Somerville, MA",Engineering,https://tulip.co/careers/job-posting/?gh_jid=7814583003,greenhouse,tulip,7814583003
34,,,,Quantitative Engineer – Risk Analytics,swissquant.com,Zürich,Product,https://swissquant.bamboohr.com/careers/116,bamboohr,swissquant,116
35,,,,Quantitative Researcher - Macro,manhong.com.hk,London,Core,https://job-boards.eu.greenhouse.io/mangroup/jobs/4724414101,greenhouse,mangroup,4724414101
36,rejected,,not in finance,Midlevel User Researcher,paradoxinteractive.com,"Stockholm, Sweden, Stockholm, Sweden",User Research,https://career.paradoxplaza.com/jobs/7884736-midlevel-user-researcher,teamtailor,career.paradoxplaza.com,870f4f0a-3765-4f06-95cf-68bebaceb4fd
37,,,,"Investment Analyst, Victory Solutions",vcm.com,"VCM TX HQ 3RD FLOOR, Boston, MA - Amundi",Solutions Victory Shares,https://recruiting.ultipro.com/VIC1003/JobBoard/11134378-1d50-0a15-afaf-715c22796301/OpportunityDetail?opportunityId=0dc8398b-6de9-49ef-bb40-80c74e1368e8,ukg,VIC1003|11134378-1d50-0a15-afaf-715c22796301,0dc8398b-6de9-49ef-bb40-80c74e1368e8
38,rejected,,from the board,Inköpare för UBW Inköp support,sweden,Stockholm,,https://jobbsafari.se/jobb/inkopare-for-ubw-inkop-support-sasrb-20501246,jobbsafari,sweden,20501246
39,,,,"Associate II, Fixed Income Trading Desk Support",northlandsecurities.com,"Minneapolis, MN - Northland Securities Office",,https://firstnational.wd12.myworkdayjobs.com/en-US/northlandcareers/job/Minneapolis-MN---Northland-Securities-Office/Associate-II--Fixed-Income-Trading-Desk-Support_R-20261445-2,workday,firstnational|wd12|northlandcareers,/job/Minneapolis-MN---Northland-Securities-Office/Associate-II--Fixed-Income-Trading-Desk-Support_R-20261445-2
40,less_relevant,mid_3_5,traing job but with focus on quant strategies (algorithmic) and a little bit of model development,Algorithmic Trader,eagleseven.com,,Trading,https://apply.workable.com/j/2041460262,workable,eagle-seven,2041460262
41,,,,"Sr. Staff Software Engineer, Observability ",dcvc.com,"Mountain View, California",Engineering,https://databricks.com/company/careers/open-positions/job?gh_jid=8391889002,greenhouse,databricks,8391889002
42,,,,Senior Platform Engineer,systematica.com,London,,https://systematica.pinpointhq.com/en/postings/a59e017b-731a-48f9-a365-5dcbf1fd385a,pinpoint,systematica,544190
43,,,,Sr. Consumer Research Analyst,columbia.com,"Portland, Oregon, United States of America",,https://columbiasportswearcompany.wd5.myworkdayjobs.com/en-US/CSC_Careers/job/Portland-Oregon-United-States-of-America/Sr-Consumer-Research-Analyst_R-025737-1,workday,columbiasportswearcompany|wd5|CSC_Careers,/job/Portland-Oregon-United-States-of-America/Sr-Consumer-Research-Analyst_R-025737-1
44,,,,Junior Research Associate,polencapital.com,Waltham,Investment Research,https://recruiting.ultipro.com/POL1011POLC/JobBoard/c5f932a4-d083-46c2-94a7-de31e39021c4/OpportunityDetail?opportunityId=108e19c2-42a3-4ac1-8d6a-20f6c64417d9,ukg,POL1011POLC|c5f932a4-d083-46c2-94a7-de31e39021c4,108e19c2-42a3-4ac1-8d6a-20f6c64417d9
45,,,,Alternative Investments Analyst - Cigna Investment Management - Hybrid,cigna.com,"Bloomfield, CT",,https://cigna.wd5.myworkdayjobs.com/en-US/cignacareers/job/Bloomfield-CT/Alternative-Investments-Analyst---Cigna-Investment-Management---Hybrid_26007329,workday,cigna|wd5|cignacareers,/job/Bloomfield-CT/Alternative-Investments-Analyst---Cigna-Investment-Management---Hybrid_26007329
46,rejected,junior_0_2,data engineering job - nothing to do fiwht finance,Data Management Analyst – Data Governance (12 Month FTC),priceforbes.com,"Ardonagh Specialty, London, United Kingdom",Ardonagh Specialty - IT,https://ardonaghspeciality.teamtailor.com/jobs/8032050-data-management-analyst-data-governance-12-month-ftc,teamtailor,ardonaghspeciality,3a0107c7-07fa-43c4-b1ec-639c4038c0b6
47,,,,"Associate, Real Estate Portfolio Management",baincapitallifesciences.com,Boston,,https://baincapital.wd1.myworkdayjobs.com/en-US/External_Public/job/Boston/Associate--Real-Estate-Portfolio-Management_REQ_108164,workday,baincapital|wd1|External_Public,/job/Boston/Associate--Real-Estate-Portfolio-Management_REQ_108164
48,rejected,,from the board,Inköpare  UBW Inköpssupport,jobstream,"Sundbyberg, Stockholms län",Inköpare,https://arbetsformedlingen.se/platsbanken/annonser/31375602,jobtech,jobstream,31375602
49,rejected,mid_3_5,AI engineering job - nothing to do with finance,Customer-facing Applied AI Engineer,aifund.ai,"Mountain View, CA",GTM,https://jobs.lever.co/AIFund/01654e18-7b7f-4f0d-84b4-9e090fbc73be,lever,AIFund,01654e18-7b7f-4f0d-84b4-9e090fbc73be
50,,,,PORTFOLIO ANALYST - ALTERNATIVE & RISK MITIGATION - PARIS or GENEVE,keplercheuvreux.com,"France - Paris, Paris, France, Switzerland - Genève, Genève, Switzerland",Ellipsis AM,https://keplercheuvreux.teamtailor.com/jobs/8215471-portfolio-analyst-alternative-risk-mitigation-paris-or-geneve,teamtailor,keplercheuvreux,87d3513f-ef67-4aa1-942f-10b8205f90a1
51,rejected,head_or_md,filter out becuase VP role,"VP, Corporate Development",castleisland.vc,"Miami, FL, United States",Corporate Development,https://ripple.com/careers/all-jobs/job/7622906?gh_jid=7622906,greenhouse,ripple,7622906
52,,,,COE Pricing Analyst,europcar.com,,,https://europcar.wd103.myworkdayjobs.com/en-US/EuropcarCareerPage/job/Madrid/COE-Pricing-Analyst_JR114426-1,workday,europcar|wd103|EuropcarCareerPage,/job/Madrid/COE-Pricing-Analyst_JR114426-1
53,,,,"Application Developer, Equity, Global Financial Markets",dbs.com,Guangzhou,,https://dbs.wd3.myworkdayjobs.com/en-US/DBS_Careers/job/Guangzhou/Application-Developer--Equity--Global-Financial-Markets_WD87971,workday,dbs|wd3|DBS_Careers,/job/Guangzhou/Application-Developer--Equity--Global-Financial-Markets_WD87971
54,,,,Quant Engineer - Capital Market Technologies,swissquant.com,Zürich,Capital Market Technologies,https://swissquant.bamboohr.com/careers/109,bamboohr,swissquant,109
55,,,,Credit Model Development Quantitative Expert,wilmingtontrust.com,"Buffalo, NY; Washington, DC; Baltimore, MD; Iselin, NJ; Wilmington, DE; New York, NY; Bridgeport, CT",,https://mtb.wd5.myworkdayjobs.com/en-US/WTExternal/job/Buffalo-NY/Credit-Model-Development-Quantitative-Expert_R87678,workday,mtb|wd5|WTExternal,/job/Buffalo-NY/Credit-Model-Development-Quantitative-Expert_R87678
56,,,,Senior Quantitative Analyst (US),td.com,"Mount Laurel, New Jersey; Charlotte, North Carolina",,https://td.wd3.myworkdayjobs.com/en-US/TD_Bank_Careers/job/Mount-Laurel-New-Jersey/Senior-Quantitative-Analyst--US-_R_1504854-1,workday,td|wd3|TD_Bank_Careers,/job/Mount-Laurel-New-Jersey/Senior-Quantitative-Analyst--US-_R_1504854-1
57,,,,Riskanalytiker inom kapitalförvaltning,pensionsmyndigheten.se,,,https://pensionsmyndigheten.varbi.com/en/what:job/jobID:940673/,varbi,pensionsmyndigheten,940673
58,rejected,,from the board,Kampanjplanerare till Hemköp!,jobstream,"Stockholm, Stockholms län",Kategorichef/Kategoriansvarig,https://arbetsformedlingen.se/platsbanken/annonser/31359112,jobtech,jobstream,31359112
59,,,,"Sr. Analyst, Brokerage Placement - Personal Lines",bridgespecialtygroup.com,Remote - USA,,https://bbinsurance.wd1.myworkdayjobs.com/en-US/BSGCareers/job/Remote---USA/Sr-Analyst--Brokerage-Placement---Personal-Lines_R26_0000002537,workday,bbinsurance|wd1|BSGCareers,/job/Remote---USA/Sr-Analyst--Brokerage-Placement---Personal-Lines_R26_0000002537
60,rejected,junior_0_2,This is a investment banking job - nothing to do with quantitative finance,Equity Research Analyst,moomoo.com,,,https://apply.workable.com/j/DC2EE88E36,workable,moomoo,DC2EE88E36
61,,,,"Associate, Client Service Operations",bridgewater.com,"Westport, CT",Client Service,https://job-boards.greenhouse.io/bridgewater89/jobs/8394740002,greenhouse,bridgewater89,8394740002
62,rejected,,from the board,Make-Ready Specialist - Greenwood at Katy,greystar.com,"Greenwood at Katy, Katy, TX",,https://greystar.wd1.myworkdayjobs.com/en-US/External/job/Greenwood-at-Katy-Katy-TX/Make-Ready-Specialist---Greenwood-at-Katy_R0196933,workday,greystar|wd1|External,/job/Greenwood-at-Katy-Katy-TX/Make-Ready-Specialist---Greenwood-at-Katy_R0196933
63,relevant,mid_3_5,highly relevant - builiding and researching quantitative models,Experienced Quantitative Researcher,flowtraders.com,Hong Kong,Trading,https://job-boards.greenhouse.io/flowtraders/jobs/4003450,greenhouse,flowtraders,4003450
64,rejected,,financial advisory - nothing to do with quant finance,Wealth Advisor,waverly-advisors.com,"Atlanta, GA",Wealth Advisors,https://job-boards.greenhouse.io/waverlyadvisorsllc/jobs/4169857009,greenhouse,waverlyadvisorsllc,4169857009
65,,,,Senior Data Scientist,firstminute.capital,London; Sunnyvale,"Simulation, Evaluation, Validation",https://wayve.firststage.co/jobs?gh_jid=8487888002,greenhouse,wayve,8487888002
66,,,,Junior Derivatives Trader,valkyrietrading.com,"Chicago, IL",Trading,https://jobs.lever.co/valkyrietrading/1a6e6202-5fdd-4051-9a23-c6518cf4fdad,lever,valkyrietrading,1a6e6202-5fdd-4051-9a23-c6518cf4fdad
67,rejected,,this is it compliance for an ai company not even in finance,Head of Security & AI Governance,scopvc.com,Los Angeles ,Engineering,https://job-boards.greenhouse.io/flip/jobs/5363827008,greenhouse,flip,5363827008
68,,,,Opportunities in Structured Products,golubcapital.com,,,https://wd501.myworkdaysite.com/en-US/Golub_Capital_Careers/job/Opportunities-in-Structured-Products_R-10380,workday,golubcapital|wd501|Golub_Capital_Careers|myworkdaysite.com,/job/Opportunities-in-Structured-Products_R-10380
69,,,,"Senior Analyst, Trading ",atlanticwp.com,United States,Investment Solutions,https://jobs.ashbyhq.com/mariner-careers/56efbb73-e418-4ba8-9d97-f9e2f25513a8,ashby,mariner-careers,56efbb73-e418-4ba8-9d97-f9e2f25513a8
70,,,,"Associate or Sr. Analyst, Asset Management",btprop.com,Los Angeles  or Boston,Asset Management,https://btprop.com/career-opportunities/?gh_jid=5366312008,greenhouse,breakthroughproperties,5366312008
71,rejected,,from the board,Inköpare för UBW Inköp support,sweden,Stockholm,,https://jobbsafari.se/jobb/inkopare-for-ubw-inkop-support-sasrb-20504168,jobbsafari,sweden,20504168
72,rejected,,leadership position for clud software develpement,Alliance Director,dcvc.com,"London, United Kingdom",Business Development,https://databricks.com/company/careers/open-positions/job?gh_jid=8688836002,greenhouse,databricks,8688836002
73,,,,Senior Software Engineer - Trading Development,webbtraders.nl,"Amsterdam, Netherlands",IT,https://webbtraders.recruitee.com/o/senior-software-engineer-trading-development,recruitee,webbtraders,2426900
74,,,,"Senior Fullstack Engineer, Portfolio Tools Engineering",acadian-asset.com,"Boston, Massachusetts, United States",Investment Analytics & Data,https://www.acadian-asset.com/careers/open-positions?gh_jid=4697886006,greenhouse,acadianassetmanagementllc,4697886006
75,rejected,,from the board,Electrical Power Engineer,sweden,Stockholm,,https://jobbsafari.se/jobb/electrical-power-engineer-sasrb-20476866,jobbsafari,sweden,20476866
76,,,,Solutions Analyst,wellington.com,"Boston, MA, United States",,https://wellington.wd5.myworkdayjobs.com/en-US/External/job/Boston-MA-United-States/Investment-Strategy-Analyst--Multi-Asset-Solutions_R92611-1,workday,wellington|wd5|External,/job/Boston-MA-United-States/Investment-Strategy-Analyst--Multi-Asset-Solutions_R92611-1
77,,,,Quantitative Developer,quadraturecapital,"London, United Kingdom, Singapore",Full-time,https://job-boards.greenhouse.io/quadraturecapital/jobs/8048585,greenhouse,quadraturecapital,8048585
78,rejected,,AI job in a non finance field,"Staff Software Engineer, Machine Learning ",hydeparkvp.com,United States,Engineering,https://job-boards.greenhouse.io/attentive/jobs/4244729009,greenhouse,attentive,4244729009
79,,,,"Associate, Treasury Operations",cambridgeassociates.com,London,,https://cambridgeassociates.wd5.myworkdayjobs.com/en-US/Cambridge_Associates/job/London/Associate--Treasury-Operations_JR0000379,workday,cambridgeassociates|wd5|Cambridge_Associates,/job/London/Associate--Treasury-Operations_JR0000379
80,,,,Quantitative Researcher – New Grad ,headlandstech.com,Amsterdam; Chicago; London; New York,Monetization,https://job-boards.greenhouse.io/headlandstechnologiesllc/jobs/4227566009,greenhouse,headlandstechnologiesllc,4227566009
81,,,,Platform Engineer,systematica.com,London,,https://systematica.pinpointhq.com/en/postings/af67febb-488c-4a65-b8ef-aa707492f573,pinpoint,systematica,544389
82,,,,Senior Strategist,resolute.com,"Birmingham, Michigan, United States of America",,https://interpublic.wd5.myworkdayjobs.com/en-US/OMC/job/Birmingham-Michigan-United-States-of-America/Sr-Strategist-1_6722-AM,workday,interpublic|wd5|OMC,/job/Birmingham-Michigan-United-States-of-America/Sr-Strategist-1_6722-AM
83,,,,Quantitative Researcher,manhong.com.hk,Massachusetts,Trading,https://job-boards.eu.greenhouse.io/mangroup/jobs/4737145101,greenhouse,mangroup,4737145101
84,,,,Residential Credit Trader,pretium.com,"New York, New York",Residential Credit,https://job-boards.greenhouse.io/pretiumpartnersllc/jobs/8184355002,greenhouse,pretiumpartnersllc,8184355002
85,rejected,,from the board,Make-Ready Specialist - Huntcliff,greystar.com,"Huntcliff, League City, TX",,https://greystar.wd1.myworkdayjobs.com/en-US/External/job/Huntcliff-League-City-TX/Make-Ready-Specialist---Huntcliff_R0196131,workday,greystar|wd1|External,/job/Huntcliff-League-City-TX/Make-Ready-Specialist---Huntcliff_R0196131
86,,,,WORKING STUDENT TECHNICAL CLIENT SERVICES (f/m/d),360t.com,Frankfurt am Main,Trading Services,https://360t.jobs.personio.de/job/749895,personio,360t,749895
87,,,,Quantitative Model Analyst 2,usbank.com,"Chicago, IL; Charlotte, NC; Columbus, OH; Minneapolis, MN",,https://usbank.wd1.myworkdayjobs.com/en-US/US_Bank_Careers/job/Chicago-IL/Quantitative-Model-Analyst-2_2026-0014257,workday,usbank|wd1|US_Bank_Careers,/job/Chicago-IL/Quantitative-Model-Analyst-2_2026-0014257
88,rejected,,from the board,Reference Data Specialist,singapore,"Singapore, D01 Marina, Raffles Place, People's Park, Cecil",,https://www.mycareersfuture.gov.sg/job/banking-finance/reference-data-specialist-lgt-bank-79a385a9c664a7dd1680b2612e05219d,mycareersfuture,singapore,79a385a9c664a7dd1680b2612e05219d
89,,,,"Associate, Financial Resource Management (FRM) – xVA Structuring and Optimization",td.com,"New York, New York",,https://td.wd3.myworkdayjobs.com/en-US/TD_Bank_Careers/job/New-York-New-York/Associate--Financial-Resource-Management--FRM----xVA-Structuring-and-Optimization_R_1502454,workday,td|wd3|TD_Bank_Careers,/job/New-York-New-York/Associate--Financial-Resource-Management--FRM----xVA-Structuring-and-Optimization_R_1502454
90,,,,Portfolio and Trading Associate,savvywealth.com,NYC Office,Operations,https://jobs.ashbyhq.com/savvy/694cb8df-f0ea-4ab5-9523-b6960551c727,ashby,savvy,694cb8df-f0ea-4ab5-9523-b6960551c727
91,adjacent,mid_3_5,trading job,Senior Trading Associate,kaleelcompany.com,"Hybrid - New York, NY",Trading Operations,https://job-boards.greenhouse.io/fartherfinance/jobs/4674164005,greenhouse,fartherfinance,4674164005
92,rejected,,from the board,Inköpare med fokus på UBW-support,sweden,Stockholm,,https://jobbsafari.se/jobb/inkopare-med-fokus-pa-ubw-support-sasrb-20498533,jobbsafari,sweden,20498533
93,,,,"Global Markets Solutions, Corporate Access Coordinator, NY",rothschildandco.com,New York,,https://rothschildandco.wd3.myworkdayjobs.com/en-US/RothschildAndCo_Lateral/job/New-York/Global-Markets-Solutions--Corporate-Access-Coordinator--NY_JR016293,workday,rothschildandco|wd3|RothschildAndCo_Lateral,/job/New-York/Global-Markets-Solutions--Corporate-Access-Coordinator--NY_JR016293
94,,,,"Enterprise Implementation Consultant - WFM, Inventory, Back-Office",fourth.com,"Austin, United States",Professional Services,https://careers.fourth.com/jobs/7223385-enterprise-implementation-consultant-wfm-inventory-back-office,teamtailor,careers.fourth.com,c46c6169-7199-4545-9c18-2ed25215b9c5
95,,,,Performance Engineer,akunacapital.com,"Chicago, IL",Perf Eng,https://www.akunacapital.com/careers/job/7496414/?gh_jid=7496414,greenhouse,akunacapital,7496414
96,,,,CONTROLLER - FUND ACCOUNTING,pathwaycapital.com,"Irvine, CA, Irvine, CA, US",,https://workforcenow.adp.com/mascsr/default/mdf/recruitment/recruitment.html?cid=f9df0183-e5ad-43ac-a487-f056102d06b4&jobId=9202710668196_1,adp,f9df0183-e5ad-43ac-a487-f056102d06b4,9202710668196_1
97,,,,Default Specialist,arixacapital.com,Los Angeles,Asset Management,https://www.arixacapital.com/careers/open-roles?gh_jid=5361754008,greenhouse,arixacapital,5361754008
98,rejected,,,"Real Estate & Land Acquisition Manager, Data Center アクイジションマネージャー",esr.com,,Japan,https://apply.workable.com/j/001EB68A79,workable,esr-group,001EB68A79
99,,,,"Sr. Data Scientist, Programmatic Algorithms",impact.com,"Seattle, WA",Product,https://job-boards.greenhouse.io/impact/jobs/8525233002,greenhouse,impact,8525233002
100,,,,C++ Software Engineer,wolve.com,"Chicago, IL",,https://careers.wolve.com/en/postings/856f5215-88c8-4c1b-bd47-5106b33ed37f,pinpoint,wolve,446898
101,,,,Client Support Specialist- Trading & Cost Basis,orion.com,Greater Omaha Area; Greater Philadelphia Area; Lehi,,https://orionadvisor.wd1.myworkdayjobs.com/en-US/Orion_Careers/job/Greater-Omaha-Area/Client-Support-Specialist--Cost-Basis_R2833-1,workday,orionadvisor|wd1|Orion_Careers,/job/Greater-Omaha-Area/Client-Support-Specialist--Cost-Basis_R2833-1
102,,,,Associate - Strategic Advisory (Capital Markets - ECM),pjtpartners.com,London,,https://pjtpartners.wd1.myworkdayjobs.com/en-US/Careers/job/London/Associate---Strategic-Advisory--Capital-Markets-_R0003382,workday,pjtpartners|wd1|Careers,/job/London/Associate---Strategic-Advisory--Capital-Markets-_R0003382
103,rejected,,from the board,"International Private Bank, Analyst - China Market, based in Singapore",singapore,Singapore,,https://www.mycareersfuture.gov.sg/job/banking-finance/international-bank-analyst-china-market-based-singapore-jpmorgan-chase-bank-na-31904ff748aa5efa372b01d6581cbb49,mycareersfuture,singapore,31904ff748aa5efa372b01d6581cbb49
104,rejected,head_or_md,leadership position for a non financial institution (fintech platform) [normalised seniority senior_6_10->head_or_md: same grade word as row 264 (head_or_md)],Director of Trading,taptapsend.com,London,Treasury,https://jobs.ashbyhq.com/TaptapSend/53c911a4-9c36-4e38-a489-43caa2c674b4,ashby,TaptapSend,53c911a4-9c36-4e38-a489-43caa2c674b4
105,,,,Senior Treasury Management Sales Officer,wintrustwealth.com,"Grand Rapids, MI",,https://wintrust.wd1.myworkdayjobs.com/en-US/Search/job/Grand-Rapids-MI/Senior-Treasury-Management-Sales-Officer--Commercial_261256,workday,wintrust|wd1|Search,/job/Grand-Rapids-MI/Senior-Treasury-Management-Sales-Officer--Commercial_261256
106,,,,Product Specialist Solutions - Associate ,icapitalnetwork.com,"Salt Lake City, Utah, United States",Compliance Solutions,https://job-boards.greenhouse.io/icapitalnetwork/jobs/8604556002,greenhouse,icapitalnetwork,8604556002
107,rejected,mid_3_5,investment analysis - investment banking job,Portfolio Associate,octopusenergygeneration.com,London (GB),Fund Management,https://jobs.lever.co/octoenergy/2f9317fe-0fb4-4fb0-bae2-19123912204d,lever,octoenergy,2f9317fe-0fb4-4fb0-bae2-19123912204d
108,relevant,student_intern,very relevant - but student only internship,"Quantitative Researcher, Intern (Summer 2027) ",aquatic.com,Chicago; London,Research,https://job-boards.greenhouse.io/aquaticcapitalmanagement/jobs/8489186002,greenhouse,aquaticcapitalmanagement,8489186002
109,,,,Data & AI Engineer – Equities Technology,williamblair.com,"Chicago, Illinois, United States",817 IT Dedicated Capital Markets,https://www.williamblair.com/Careers/job-description?gh_jid=5102983007,greenhouse,williamblair,5102983007
110,,,,Quantitative Researcher ,xantium.com,"London, New York City, Salt Lake City",Quantitative Research,https://job-boards.greenhouse.io/xantium/jobs/4178738009,greenhouse,xantium,4178738009
111,rejected,,software consultant,NetSuite Consultant- NSAW,bpm.com,United States,Technology Solution Services (TSS),https://jobs.lever.co/bpmcpa/3b4c09bf-258e-4da5-a7b6-ee7421e1e70f,lever,bpmcpa,3b4c09bf-258e-4da5-a7b6-ee7421e1e70f
112,,,,"Senior Software Engineer, Global Treasury Payment Network",airwallex.com,SG - Singapore,Engineering,https://jobs.ashbyhq.com/airwallex/5c8e057a-9089-45f4-a8b2-4bf2fc05cbce,ashby,airwallex,5c8e057a-9089-45f4-a8b2-4bf2fc05cbce
113,,,,2027 Bain Capital Real Estate Analyst,baincapitallifesciences.com,Boston,,https://baincapital.wd1.myworkdayjobs.com/en-US/External_Public/job/Boston/XMLNAME-2027-Bain-Capital-Real-Estate-Analyst_REQ_108273,workday,baincapital|wd1|External_Public,/job/Boston/XMLNAME-2027-Bain-Capital-Real-Estate-Analyst_REQ_108273
114,,,,Senior Software Engineer - AI Enablement Compliance,payward.com,United States,Engineering,https://jobs.ashbyhq.com/kraken.com/0be714ef-6101-4a58-b837-1c06b317bcfe,ashby,kraken.com,0be714ef-6101-4a58-b837-1c06b317bcfe
115,,,,Internship – Equity Research,paretosec.com,"Frankfurt, Frankfurt am Main, Germany",,https://paretosecurities.teamtailor.com/jobs/8197132-internship-equity-research,teamtailor,paretosecurities,a288fdb0-a618-4070-b69c-9b1f9ab9e9cd
116,,,,Low Latency Quantitative Researcher,tudor.com,"New York City, London, Singapore",Macro Pipeline,https://job-boards.greenhouse.io/tudorgroup/jobs/5358163,greenhouse,tudorgroup,5358163
117,,,,Post-Trade Officer till Securities Brokerage Operations,nordnetab.com,"Stockholm, Sweden",Securities Brokerage,https://career.nordnetab.com/jobs/8167193-post-trade-officer-till-securities-brokerage-operations,teamtailor,career.nordnetab.com,8a00fe6d-dcf7-4f54-87b9-f5830407a5d8
118,rejected,,this job is based in malaysia and indonesia - not a traditional financial institution - and more of an analysis role than quant role,Senior Data Analyst - Portfolio & Risk Analytics,fundingsocieties.com,,Data,https://apply.workable.com/j/304F70ACF1,workable,fundingsocieties,304F70ACF1
119,rejected,,from the board,Analytics Engineer,sweden,Stockholm,,https://jobbsafari.se/jobb/analytics-engineer-scsom-20326199,jobbsafari,sweden,20326199
120,,,,Front Office Software Engineer,cmcmarkets.com,London,,https://cmcmarkets.wd3.myworkdayjobs.com/en-US/CMC_Markets_Careers/job/London/Front-Office-Software-Engineer_CMC5628,workday,cmcmarkets|wd3|CMC_Markets_Careers,/job/London/Front-Office-Software-Engineer_CMC5628
121,,,,Quantitative Researcher Internship - 2027 [New York],quantbot.com,New York,Internships,https://www.quantbot.com/careers/4299496009?gh_jid=4299496009,greenhouse,quantbot-technologies,4299496009
122,,,,Securities Transfer Specialist (80-100%) (12-month contract),lombardodier.com,Geneva,,https://lombardodier.wd3.myworkdayjobs.com/en-US/Lombard_Odier_Careers/job/Geneva/Securities-Transfer-Specialist--80-100----12-month-contract-_R0007204,workday,lombardodier|wd3|Lombard_Odier_Careers,/job/Geneva/Securities-Transfer-Specialist--80-100----12-month-contract-_R0007204
123,rejected,,from the board,"Junior Associate, Antitrust & Competition - Stockholm",sweden,Stockholm,,https://jobbsafari.se/jobb/junior-associate-antitrust-competition-stockholm-scsom-20501361,jobbsafari,sweden,20501361
124,,,,Experienced Trader,davinciderivatives.com,"Amsterdam, North Holland, Netherlands",Trading,https://job-boards.eu.greenhouse.io/davinciderivatives/jobs/4050868101,greenhouse,davinciderivatives,4050868101
125,,,,"Staff Software Engineer, Strategy Platform",voleon.com,"Berkeley, CA",Software,https://jobs.ashbyhq.com/voleon/296da785-bbbe-4a44-b58e-e55419c3eeea,ashby,voleon,296da785-bbbe-4a44-b58e-e55419c3eeea
126,,,,Treasury Funding and Liquidity Sr. Analyst,toyotafinancial.com,"Plano, Texas",,https://toyota.wd503.myworkdayjobs.com/en-US/TMNA/job/Plano-Texas/Treasury-Funding-and-Liquidity-Sr-Analyst_10331135,workday,toyota|wd503|TMNA,/job/Plano-Texas/Treasury-Funding-and-Liquidity-Sr-Analyst_10331135
127,,,,Senior Data Scientist - Metrics,mavenventures.com,"Ann Arbor, MI",Autonomy Engineering,https://job-boards.greenhouse.io/maymobility/jobs/8318003002,greenhouse,maymobility,8318003002
128,rejected,,this is a stock competition for students,Walleye Stock Competition (2026),walleyecapital.com,"New York, New York ",Fundamental Strategies,https://job-boards.greenhouse.io/walleyecapital-external-students/jobs/4696426006,greenhouse,walleyecapital-external-students,4696426006
129,,,,Software Engineer Intern (AI Internal Tools) ,gardacp.com,"Geneva, Geneva, Switzerland; Zug, Zug, Switzerland",Research & Technology (Internship),https://job-boards.greenhouse.io/gardacp/jobs/6146408004,greenhouse,gardacp,6146408004
130,,,,Asset-Backed Securities Analyst/Trader,americancentury.com,"New York, New York",,https://americancentury.wd5.myworkdayjobs.com/en-US/AmericanCenturyInvestments/job/New-York-New-York/Asset-Backed-Securities-Analyst-Trader_R0005652,workday,americancentury|wd5|AmericanCenturyInvestments,/job/New-York-New-York/Asset-Backed-Securities-Analyst-Trader_R0005652
131,,,,Middle Office Associate (Operations) (VN2820),marex.com,"Chicago, United States",Operations,https://marex.breezy.hr/p/0188a1e8927001-middle-office-associate-operations-vn2820,breezy,marex,0188a1e8927001
132,rejected,mid_3_5,data scientist role for a medical company,Staff Data Scientist,tauventures.com,"Cambridge, Massachusetts, United States, New York, New York, United States",Engineering,https://job-boards.greenhouse.io/iterativehealth/jobs/4666589006,greenhouse,iterativehealth,4666589006
133,,,,"Consultant I, Treasury (Hybrid)",trustage.com,"Madison, WI",,https://trustage.wd1.myworkdayjobs.com/en-US/TruStage/job/Madison-WI/Consultant-I--Treasury--Hybrid-_R-012092,workday,trustage|wd1|TruStage,/job/Madison-WI/Consultant-I--Treasury--Hybrid-_R-012092
134,,,,Portfolio Management Analyst/Associate,apollo.com,"El Segundo, California",,https://athene.wd5.myworkdayjobs.com/en-US/Apollo_Careers/job/El-Segundo-California/Portfolio-Management-Associate_R253019,workday,athene|wd5|Apollo_Careers,/job/El-Segundo-California/Portfolio-Management-Associate_R253019
135,rejected,,investment job for a fund - nothing to do with quant,Senior Investment Analyst,waverly-advisors.com,"Seattle, WA",Research and Investments,https://job-boards.greenhouse.io/waverlyadvisorsllc/jobs/4368462009,greenhouse,waverlyadvisorsllc,4368462009
136,,,,Senior Autonomy Release Engineer II,mavenventures.com,"Ann Arbor, MI",Autonomy Engineering,https://job-boards.greenhouse.io/maymobility/jobs/8465980002,greenhouse,maymobility,8465980002
137,,,,"Associate II, Cash Flow & Investor Services",acadian-asset.com,"Boston, Massachusetts, United States",Cash Flow & Investor Services,https://www.acadian-asset.com/careers/open-positions?gh_jid=4690334006,greenhouse,acadianassetmanagementllc,4690334006
138,,,,"Senior Managing Consultant, Advisors & Consulting Services, Strategy & Transformation - P&L Optimization SME",ethoca.com,"Arlington, Virginia",,https://mastercard.wd1.myworkdayjobs.com/en-US/CorporateCareers/job/Arlington-Virginia/Senior-Managing-Consultant--Advisors---Consulting-Services--Strategy---Transformation---P-L-Optimization-SME_R-279185,workday,mastercard|wd1|CorporateCareers,/job/Arlington-Virginia/Senior-Managing-Consultant--Advisors---Consulting-Services--Strategy---Transformation---P-L-Optimization-SME_R-279185
139,,,,Senior Mid-Frequency Quantitative Trader,transmarketgroup.com,"Chicago, Illinois, United States",Quantitative Trading,https://job-boards.greenhouse.io/transmarketgroup/jobs/5151556007?gh_jid=5151556007,greenhouse,transmarketgroup,5151556007
140,,,,Trading Support Specialist,valic.com,TX-Houston,,https://corebridgefinancial.wd1.myworkdayjobs.com/en-US/CorebridgeFinancial/job/TX-Houston/Trading-Support-Specialist_JR2600716,workday,corebridgefinancial|wd1|CorebridgeFinancial,/job/TX-Houston/Trading-Support-Specialist_JR2600716
141,,,,Medior Model Developer,ayvens.com,Amsterdam; Paris,,https://ayvens.wd3.myworkdayjobs.com/en-US/AyvensCareers/job/Amsterdam/Medior-Model-Developer_JR_10040963-2,workday,ayvens|wd3|AyvensCareers,/job/Amsterdam/Medior-Model-Developer_JR_10040963-2
142,relevant,student_intern,ai for finance - higly relevantt,AI Research Internship - XTY Labs,xtxmarkets.com,New York,Quantitative Research,https://job-boards.greenhouse.io/xtxmarketstechnologies/jobs/6274458003,greenhouse,xtxmarketstechnologies,6274458003
143,less_relevant,mid_3_5,"trading role [normalised relevance adjacent->less_relevant: pure trading seat, as rows 246/131]",Experienced FX/Forex Trader,gelbergroup.com,"Amsterdam, North Holland, Netherlands",Trading,https://job-boards.greenhouse.io/gelbergroup/jobs/4638971006,greenhouse,gelbergroup,4638971006
144,,,,Trading Operations Analyst (Asia Market Hours),pdtpartners.com,"New York, NY",Technology,https://job-boards.greenhouse.io/pdtpartners/jobs/4452703,greenhouse,pdtpartners,4452703
145,rejected,,from the board,IT-säkerhetsansvarig,sweden,Stockholm,,https://jobbsafari.se/jobb/it-sakerhetsansvarig-till-green-cargo-scsom-20345819,jobbsafari,sweden,20345819
146,,,,NERA: Associate Analyst/ Analyst (m/w/d) Energy and Natural Resources (Berlin/ Frankfurt),marshmma.com,Berlin - Linden 14; Frankfurt - Friedrich,,https://mmc.wd1.myworkdayjobs.com/en-US/MMC/job/Berlin---Linden-14/NERA-Economic-Consulting-Research-Officer--m-w-d--Energy--Environment--Communications---Infrastructure_R_110004-1,workday,mmc|wd1|MMC,/job/Berlin---Linden-14/NERA-Economic-Consulting-Research-Officer--m-w-d--Energy--Environment--Communications---Infrastructure_R_110004-1
147,,,,Intern Debt Financing & Capital Markets (m/f/d),aurelius-group.com,,,https://aureliusinvest.wd3.myworkdayjobs.com/en-US/AURELIUS/job/Munich/Intern-Debt-Financing---Capital-Markets--m-f-d-_JR100225,workday,aureliusinvest|wd3|AURELIUS,/job/Munich/Intern-Debt-Financing---Capital-Markets--m-f-d-_JR100225
148,,,,"Officer, ETF Services",hkexgroup.com,HK-CMP 6/F,,https://hkex.wd3.myworkdayjobs.com/en-US/HKEXCareerPage/job/HK-CMP-6F/Officer--ETF-Services_R003834,workday,hkex|wd3|HKEXCareerPage,/job/HK-CMP-6F/Officer--ETF-Services_R003834
149,,,,Financial Analyst - Portfolio Management,fairfieldresidential.com,"San Diego, California",,https://ffres.wd1.myworkdayjobs.com/en-US/fairfieldcareers/job/San-Diego-California/Financial-Analyst---Portfolio-Management_R0011487,workday,ffres|wd1|fairfieldcareers,/job/San-Diego-California/Financial-Analyst---Portfolio-Management_R0011487
150,,,,Markets Analyst ( 12-month contract),euronext.com,Amsterdam,,https://hrhub.wd3.myworkdayjobs.com/en-US/Euronext_Career_Page/job/Amsterdam/Markets-Analyst_R27088,workday,hrhub|wd3|Euronext_Career_Page,/job/Amsterdam/Markets-Analyst_R27088
151,,,,Quantitative Developer,arrowstreetcapital.com,Boston,,https://arrowstreetcapital.wd5.myworkdayjobs.com/en-US/Campus_Careers/job/Boston/Quantitative-Developer_R1433,workday,arrowstreetcapital|wd5|Campus_Careers,/job/Boston/Quantitative-Developer_R1433
152,,,,Fundamental Analyst - Volatility (Full Time),walleyecapital.com,"New York, New York",Single Stock - Volatility,https://job-boards.greenhouse.io/walleyecapital-external-students/jobs/4676290006,greenhouse,walleyecapital-external-students,4676290006
153,rejected,,engineering job at non finance company,"Senior Director, Quality Engineering",rre.com,New York (Hybrid),Technology,https://job-boards.greenhouse.io/springhealth66/jobs/4723013005,greenhouse,springhealth66,4723013005
154,rejected,,from the board,Make Ready Specialist - Lakesound,greystar.com,"Lakesound, Hickory Creek, TX",,https://greystar.wd1.myworkdayjobs.com/en-US/External/job/Lakesound-Hickory-Creek-TX/Make-Ready-Specialist---Lakesound_R0195037,workday,greystar|wd1|External,/job/Lakesound-Hickory-Creek-TX/Make-Ready-Specialist---Lakesound_R0195037
155,rejected,,from the board,Analytiker I EY Parthenon Corporate Finance | Stockholm,jobstream,"Stockholm, Stockholms län",Företagskonsult,https://arbetsformedlingen.se/platsbanken/annonser/31384633,jobtech,jobstream,31384633
156,rejected,,,Technical Support Analyst,switzerland,"Zürich, ZH",,https://www.job-room.ch/job-search/42c75416-9fa3-4bcc-b161-4e8697fb0efa,jobroom,switzerland,42c75416-9fa3-4bcc-b161-4e8697fb0efa
157,,,,Quantitative Researcher - Hong Kong,schonfeld.com,"Hong Kong, Hong Kong",Internal Portfolio Managers & Analysts,https://job-boards.greenhouse.io/schonfeld/jobs/5460823,greenhouse,schonfeld,5460823
158,,,,Operations Associate Fixed Income Settlements,1919ic.com,,,https://careers-stifel.icims.com/jobs/9535/operations-associate--fixed-income-settlements/job,icims,stifel,9535
159,,,,Fixed Income Operations Analyst ,vestmark.com,"Wakefield, MA (Hybrid)",Vestmark's Outsourced Services (VOS),https://job-boards.greenhouse.io/vestmark/jobs/7616449,greenhouse,vestmark,7616449
160,rejected,,from the board,Informationssäkerhetsansvarig till Energiföretagen,sweden,Stockholm,,https://jobbsafari.se/jobb/informationssakerhetsansvarig-till-energiforetagen-sbsra-20463169,jobbsafari,sweden,20463169
161,,,,Brokerage Operations Coordinator,ryanspecialty.com,New York - New York - 1166 Ave of Americas,,https://ryansg.wd5.myworkdayjobs.com/en-US/Ryan_Specialty_Career_Site/job/New-York---New-York---1166-Ave-of-Americas/Brokerage-Operations-Coordinator_JR26-5050,workday,ryansg|wd5|Ryan_Specialty_Career_Site,/job/New-York---New-York---1166-Ave-of-Americas/Brokerage-Operations-Coordinator_JR26-5050
162,rejected,,from the board,Logistikkoordinator,sweden,Täby,,https://jobbsafari.se/jobb/logistikkoordinator-sasrb-20464335,jobbsafari,sweden,20464335
163,,,,"AI Validation Engineer, Macro Technology",point72,"New York, NY; Stamford, CT",Technology,https://boards.greenhouse.io/point72/jobs/8448402002?gh_jid=8448402002,greenhouse,point72,8448402002
164,,,,"Treasury Analyst, Global Treasury Operations",oaktreecapital.com,"Los Angeles, California",,https://oaktree.wd1.myworkdayjobs.com/en-US/Oaktree/job/Los-Angeles-California/Treasury-Analyst--Global-Treasury-Operations_2026-351-1,workday,oaktree|wd1|Oaktree,/job/Los-Angeles-California/Treasury-Analyst--Global-Treasury-Operations_2026-351-1
165,,,,(Senior) Systems Analyst - Post-Trade Systems (Derivatives Clearing) - IT,hkexgroup.com,CN-Shenzhen-HyQ,,https://hkex.wd3.myworkdayjobs.com/en-US/HKEXCareerPage/job/CN-Shenzhen-HyQ/XMLNAME--Senior--Systems-Analyst---Post-Trade-Systems--Derivatives-Clearing----IT_R003941,workday,hkex|wd3|HKEXCareerPage,/job/CN-Shenzhen-HyQ/XMLNAME--Senior--Systems-Analyst---Post-Trade-Systems--Derivatives-Clearing----IT_R003941
166,,,,Investment Strategy Analyst,profunds.com,"New York, NY",Investment Strategy,https://boards.greenhouse.io/proshares/jobs/5998367004?gh_jid=5998367004,greenhouse,proshares,5998367004
167,,,,Collateral Specialist - Lien Perfection,wintrustwealth.com,"Rosemont, IL",,https://wintrust.wd1.myworkdayjobs.com/en-US/Search/job/Rosemont-IL/Collateral-Specialist---Lien-Perfection_26809,workday,wintrust|wd1|Search,/job/Rosemont-IL/Collateral-Specialist---Lien-Perfection_26809
168,,,,"Portfolio Risk Associate, Risk & Analytics",avant.com,Chicago HQ,,https://avant.wd503.myworkdayjobs.com/en-US/External_Careers/job/Chicago-HQ/Portfolio-Risk-Associate--Risk---Analytics_JR100502,workday,avant|wd503|External_Careers,/job/Chicago-HQ/Portfolio-Risk-Associate--Risk---Analytics_JR100502
169,,,,"Analyst/Associate, Commercial Real Estate (CRE) Debt",pimco.com,"London, GBR",,https://pimco.wd1.myworkdayjobs.com/en-US/pimco-careers/job/London-GBR/Analyst-Associate--Commercial-Real-Estate--CRE--Debt_R106454,workday,pimco|wd1|pimco-careers,/job/London-GBR/Analyst-Associate--Commercial-Real-Estate--CRE--Debt_R106454
170,,,,"Senior Technical Sales Specialist, ETF Capital Market Support",seic.com,USA - NY - New York; USA - PA - Oaks,,https://seic.wd1.myworkdayjobs.com/en-US/SEI_Global_Services/job/USA---NY---New-York/Senior-Technical-Sales-Specialist--ETF-Capital-Market-Support_R0036856-1,workday,seic|wd1|SEI_Global_Services,/job/USA---NY---New-York/Senior-Technical-Sales-Specialist--ETF-Capital-Market-Support_R0036856-1
171,rejected,,from the board,Lönekonsult på 50% till Redovisningskompaniet,sweden,Stockholm,,https://jobbsafari.se/jobb/lonekonsult-pa-50-till-redovisningskompaniet-sasrb-20498684,jobbsafari,sweden,20498684
172,,,,"Staff Data Scientist, Planning and Forecasting",basisset.com,"Palo Alto, California, United States",Forecasting and Planning Engineering,https://job-boards.greenhouse.io/quince/jobs/5323879008,greenhouse,quince,5323879008
173,,,,"Treasury Sales Dealer, Sales & Structured Solutions",hlbank.com.sg,Singapore   |   SG-Global Markets,,https://hlb.wd3.myworkdayjobs.com/en-US/HLBCareers/job/Singapore/Execution---Dealer_JR0000025518,workday,hlb|wd3|HLBCareers,/job/Singapore/Execution---Dealer_JR0000025518
174,rejected,,from the board,Bolagsjurist med erfarenhet i Ukraina,sweden,Stockholm,,https://jobbsafari.se/jobb/bolagsjurist-med-erfarenhet-i-ukraina-sasrb-20484087,jobbsafari,sweden,20484087
175,,,,"Associate, Model Development",santander.com,Austin,,https://santander.wd3.myworkdayjobs.com/en-US/SantanderCareers/job/Austin/Associate--Model-Development_Req1607771,workday,santander|wd3|SantanderCareers,/job/Austin/Associate--Model-Development_Req1607771
176,,,,Technical Consultant – Machine Learning,fidelity.co.uk,,,https://fil.wd3.myworkdayjobs.com/en-US/001/job/Dalian-Office/Technical-Consultant---Machine-Learning_J66458,workday,fil|wd3|001,/job/Dalian-Office/Technical-Consultant---Machine-Learning_J66458
177,,,,"Specialist, Application Developer, Global Financial Markets",dbs.com,Guangzhou,,https://dbs.wd3.myworkdayjobs.com/en-US/DBS_Careers/job/Guangzhou/Specialist--Application-Developer--Global-Financial-Markets_WD87596,workday,dbs|wd3|DBS_Careers,/job/Guangzhou/Specialist--Application-Developer--Global-Financial-Markets_WD87596
178,rejected,head_or_md,"partner for PE - not relevant at all [normalised seniority senior_6_10->head_or_md: partner, per the recorded rule]","Partner, Private Equity",interplay.vc,New York,Interplay,https://jobs.ashbyhq.com/interplay/26ca2769-0db4-4576-9945-00bbc13e6dc9,ashby,interplay,26ca2769-0db4-4576-9945-00bbc13e6dc9
179,,,,Portfolio Analyst,northerntrust.com,"Chicago, IL",,https://ntrs.wd1.myworkdayjobs.com/en-US/northerntrust/job/Chicago-IL/Portfolio-Analyst_R155413,workday,ntrs|wd1|northerntrust,/job/Chicago-IL/Portfolio-Analyst_R155413
180,,,,Machine Learning Analyst ,bracebridgecapital.com,"Boston, MA",Machine Learning,https://job-boards.greenhouse.io/bracebridgecapital/jobs/4715042005,greenhouse,bracebridgecapital,4715042005
181,,,,Credit Risk Model Development Quantitative Analyst II - Consumer Portfolio (Hybrid - see job description for potential work locations),wilmingtontrust.com,"Buffalo, NY; Baltimore, MD; Wilmington, DE; New York, NY; Washington, DC; Bridgeport, CT",,https://mtb.wd5.myworkdayjobs.com/en-US/WTExternal/job/Buffalo-NY/Credit-Risk-Model-Development-Quantitative-Analyst-II---Consumer-Portfolio--Hybrid---see-job-description-for-potential-work-locations-_R83338-2,workday,mtb|wd5|WTExternal,/job/Buffalo-NY/Credit-Risk-Model-Development-Quantitative-Analyst-II---Consumer-Portfolio--Hybrid---see-job-description-for-potential-work-locations-_R83338-2
182,,,,AI Forward Deployed Engineer,bullish.com,Hong Kong,,https://bullish.wd3.myworkdayjobs.com/en-US/Bullish/job/Hong-Kong/AI-Engineer_JR2001256,workday,bullish|wd3|Bullish,/job/Hong-Kong/AI-Engineer_JR2001256
183,,,,Treasury Operations Analyst - 12 Month FTC,octopusenergygeneration.com,London (GB),Finance,https://jobs.lever.co/octoenergy/3b5502ca-ab06-4dbb-9570-3ee651286521,lever,octoenergy,3b5502ca-ab06-4dbb-9570-3ee651286521
184,rejected,,from the board,Informationssäkerhetssamordnare till Svenska institutet,medmerabank.se,"Stockholm, Sweden",Security,https://career.computerswedenrecruitment.se/jobs/7977612-informationssakerhetssamordnare-till-svenska-institutet,teamtailor,career.computerswedenrecruitment.se,a0c96473-afbf-46ca-a3a3-2eafc59440dc
185,,,,Fair and Responsible Banking Analyst –Testing Program Governance,usbank.com,"Charlotte, NC; Minneapolis, MN; Cincinnati, OH; Tempe, AZ",,https://usbank.wd1.myworkdayjobs.com/en-US/US_Bank_Careers/job/Charlotte-NC/Fair-and-Responsible-Banking-Analyst--Testing-Program-Governance_2026-0019838,workday,usbank|wd1|US_Bank_Careers,/job/Charlotte-NC/Fair-and-Responsible-Banking-Analyst--Testing-Program-Governance_2026-0019838
186,rejected,,from the board,Inköpare för UBW Inköp support,techrytera.se,"Stockholm, Stockholms län",Inköpare,https://arbetsformedlingen.se/platsbanken/annonser/31368190,jobtech,jobstream,31368190
187,,,,Treasury Analyst,greystar.com,"City Office Dallas (Southlake), Southlake, TX; Remote Texas, Remote Texas, TX",,https://greystar.wd1.myworkdayjobs.com/en-US/External/job/City-Office-Dallas-Southlake-Southlake-TX/Treasury-Analyst_R0189167,workday,greystar|wd1|External,/job/City-Office-Dallas-Southlake-Southlake-TX/Treasury-Analyst_R0189167
188,,,,Solutions Architect,blockchaincapital.com,"Hybrid - New York, NY","Institutional Sales, Trading, and Prime Services",https://www.coinbase.com/careers/positions/8056065?gh_jid=8056065,greenhouse,coinbase,8056065
189,,,,Senior SAP Treasury & Risk Management (TRM) consultant,concentrix.com,USA Bellevue 13555 SE 36th Street,,https://cnx.wd1.myworkdayjobs.com/en-US/external_global/job/USA-Bellevue-13555-SE-36th-Street/Senior-SAP-Treasury---Risk-Management--TRM--consultant_R1752427,workday,cnx|wd1|external_global,/job/USA-Bellevue-13555-SE-36th-Street/Senior-SAP-Treasury---Risk-Management--TRM--consultant_R1752427
190,,,,Equity Delta-One & TRF Trader ,geneva-trading.com,Chicago Office; Dublin Ireland Office,GTM - Chicago Trading,https://job-boards.greenhouse.io/genevatrading/jobs/5175118007,greenhouse,genevatrading,5175118007
191,,,,"Senior Data Scientist, Costing",cherry.vc,"North Bethesda, MD",Data Science and Engineering ,https://job-boards.greenhouse.io/xometry/jobs/4774826007,greenhouse,xometry,4774826007
192,,,,"Sr. Specialist, Customer Acquisition - API (Korean Speaker)",concentrix.com,"SGP Singapore - 80 Pasir Panjang Road, 15-83/84 Mapletree Business City #2",,https://cnx.wd1.myworkdayjobs.com/en-US/external_global/job/SGP-Singapore---80-Pasir-Panjang-Road-15-8384-Mapletree-Business-City-2/Sr-Specialist--Customer-Acquisition---API--Korean-Speaker-_R1744533,workday,cnx|wd1|external_global,/job/SGP-Singapore---80-Pasir-Panjang-Road-15-8384-Mapletree-Business-City-2/Sr-Specialist--Customer-Acquisition---API--Korean-Speaker-_R1744533
193,rejected,,from the board,Delivery Managers - Tieto Banktech (m/f/d),sweden,Solna,,https://jobbsafari.se/jobb/delivery-managers-tieto-banktech-mfd-stsie-20477045,jobbsafari,sweden,20477045
194,rejected,,from the board,Söker anställed som servitis,sweden,Stockholm,,https://jobbsafari.se/jobb/soker-anstalled-som-servitis-sasrb-20485430,jobbsafari,sweden,20485430
195,,,,"Associate, Private Wealth Solutions",hamiltonlane.com,"Conshohocken, PA, USA",,https://hamiltonlane.wd108.myworkdayjobs.com/en-US/search/job/Conshohocken-PA-USA/Associate--Private-Wealth-Solutions_R002966,workday,hamiltonlane|wd108|search,/job/Conshohocken-PA-USA/Associate--Private-Wealth-Solutions_R002966
196,,,,Senior Quantitative Investment Risk Modeler,pacificlife.com,Newport Beach CA-700,,https://pacificlife.wd1.myworkdayjobs.com/en-US/PacificLifeCareers/job/Newport-Beach-CA-700/Senior-Quantitative-Investment-Risk-Modeler_R17514,workday,pacificlife|wd1|PacificLifeCareers,/job/Newport-Beach-CA-700/Senior-Quantitative-Investment-Risk-Modeler_R17514
197,rejected,,this is so far off it can get. also not in stockholm,Arbetsledare Handel & Hyra | Vikariat,jobba.kungsberget.se,"Sandviken, Gävleborgs län",Uthyrare,https://arbetsformedlingen.se/platsbanken/annonser/31350528,jobtech,jobstream,31350528
198,,,,AI Platform Engineer,cards.barclaycardus.com,"Glasgow Campus; Canary Wharf, 1 Churchill Place",,https://barclays.wd3.myworkdayjobs.com/en-US/External_Career_Site_Barclays/job/Glasgow-Campus/AI-Platform-Engineer_JR-0000083798,workday,barclays|wd3|External_Career_Site_Barclays,/job/Glasgow-Campus/AI-Platform-Engineer_JR-0000083798
199,,,,"Senior Investment Professional, Private Credit ",aksia.com,New York,Private Credit,https://job-boards.greenhouse.io/aksia/jobs/7498568002,greenhouse,aksia,7498568002
200,,,,"Senior Analyst, Asset Management",bridge33capital.com,,Asset Management,https://apply.workable.com/j/DD6F2892EC,workable,bridge33capital,DD6F2892EC
201,,,,"Analyst II, Asset Management",spcm.com,"Boston, MA",,https://orix.wd5.myworkdayjobs.com/en-US/External_ORIX/job/Boston-MA/Analyst-II--Asset-Management_R0004220,workday,orix|wd5|External_ORIX,/job/Boston-MA/Analyst-II--Asset-Management_R0004220
202,,,,Intern - Global Markets (Structured Solutions),hlbank.com.sg,Singapore   |   SG-Global Markets,,https://hlb.wd3.myworkdayjobs.com/en-US/HLBCareers/job/Singapore/Intern---Global-Markets--Structured-Solutions-_JR0000025854,workday,hlb|wd3|HLBCareers,/job/Singapore/Intern---Global-Markets--Structured-Solutions-_JR0000025854
203,,,,Quantitative Trader,akunacapital.com,Singapore,Trading,https://www.akunacapital.com/careers/job/6527972/?gh_jid=6527972,greenhouse,akunacapital,6527972
204,,,,Middle/Back Office Support,pandtong.com,,,https://pandtong.com/joblistEn?name=3&lan=En,site,pandtong,3
205,,,,"Analyst/Associate, Investments & Portfolio Management",rclco.com,"Los Angeles, Denver, San Francisco, Washington, D.C.",RCLCO Fund Advisors,https://job-boards.greenhouse.io/rclco/jobs/6774491,greenhouse,rclco,6774491
206,rejected,,mechanical engieering job,"Principal Computational Engineer, 3D CAD & Geometric Intelligence",cherry.vc,"North Bethesda, MD",Technology,https://job-boards.greenhouse.io/xometry/jobs/5153077007,greenhouse,xometry,5153077007
207,,,,"Intern, Middle & Back office function",eastspring.com,Shanghai,,https://prudential.wd3.myworkdayjobs.com/en-US/prudential_eastspring/job/Shanghai/Intern--Middle---Back-office-function_26070313,workday,prudential|wd3|prudential_eastspring,/job/Shanghai/Intern--Middle---Back-office-function_26070313
208,,,,Trading Support Analyst (VN3038),marex.com,"Chicago, United States",Trade Support,https://marex.breezy.hr/p/0114a9b47c3701-trading-support-analyst-vn3038,breezy,marex,0114a9b47c3701
209,,,,Data Scientist inom AI och automatisering,garantum.se,"Stockholm, Sweden",Invest | Fondkommission,https://karriar.garantum.se/jobs/7954377-data-scientist-inom-ai-och-automatisering,teamtailor,karriar.garantum.se,b082d278-65b2-4d52-9578-391d929357fb
210,,,,"Associate, Debt Asset Management, Real Estate",kayneanderson.com,,,https://apply.workable.com/j/A099FAB32E,workable,kaynecapital,A099FAB32E
211,,,,Senior Financial Institutions Underwriter,markel.com,2 Locations,,https://markelcorp.wd5.myworkdayjobs.com/en-US/GlobalCareers/job/Madrid---ESP/Senior-Financial-Institutions-Underwriter_R0022773,workday,markelcorp|wd5|GlobalCareers,/job/Madrid---ESP/Senior-Financial-Institutions-Underwriter_R0022773
212,,,,Experienced/Lateral - Quantitative Researcher,fiverings.com,New York,Quantitative Research,https://job-boards.greenhouse.io/fiveringsllc/jobs/5046298008,greenhouse,fiveringsllc,5046298008
213,,,,(Senior) Backend Engineer — Trading & Asset Optimization,aenu.com,Berlin HQ,Engineering,https://jobs.ashbyhq.com/trawa/ddf52300-2d5f-47cc-b49f-7fcd3626ab5b,ashby,trawa,ddf52300-2d5f-47cc-b49f-7fcd3626ab5b
214,,,,"Research Associate, Internet",rbcbluebay.com,"BROOKFIELD PLACE FKA 3 WORLD FINANCIAL CENTER, 200 VESEY STREET:NEW YORK",,https://rbc.wd3.myworkdayjobs.com/en-US/RBCGLOBAL1/job/BROOKFIELD-PLACE-FKA-3-WORLD-FINANCIAL-CENTER-200-VESEY-STREETNEW-YORK/Research-Associate--Internet_R-0000183727,workday,rbc|wd3|RBCGLOBAL1,/job/BROOKFIELD-PLACE-FKA-3-WORLD-FINANCIAL-CENTER-200-VESEY-STREETNEW-YORK/Research-Associate--Internet_R-0000183727
215,,,,Post-Trade Client Relationship & Service Associate - Collateral Management,sweden,Stockholm,,https://jobbsafari.se/jobb/post-trade-client-relationship-service-associate-collateral-management-scsom-17908091,jobbsafari,sweden,17908091
216,,,,"Data Scientist, Professional Senior",zebra.com,"USA - Lincolnshire, Illinois",,https://zebra.wd501.myworkdayjobs.com/en-US/Zebra_careers/job/USA---Lincolnshire-Illinois/Data-Scientist--Professional-Senior_JR101472,workday,zebra|wd501|Zebra_careers,/job/USA---Lincolnshire-Illinois/Data-Scientist--Professional-Senior_JR101472
217,,,,Quant Developer (Python) ,squarepoint-capital.com,"London, Montreal, Warsaw, Hong Kong, Singapore, Madrid, Houston, Bangalore",Technology,https://www.squarepoint-capital.com/open-opportunities?id=1433622&gh_jid=1433622,greenhouse,squarepointcapital,1433622
218,rejected,,from the board,Fondadministratör på deltid till vår studentpool,isec.com,Stockholm,,https://isec.careers.haileyhr.app/en-GB/job/5d764da5-4994-422c-931b-1405c47e52cb/667bb3fc-d3ce-4f17-b066-d32896c4c8e6/cab567ab-08d0-4eab-86e0-2c727061d88c,hailey,isec,667bb3fc-d3ce-4f17-b066-d32896c4c8e6
219,rejected,,economist/project leader role,Product Manager - B2C Credit,northmill.com,"Stockholm, Sweden",Product Management,https://careers.northmill.com/jobs/8107453-product-manager-b2c-credit,teamtailor,careers.northmill.com,0d6b4b64-363c-407f-bfe8-7f8aa281ac4f
220,,,,UHNW & Institutional Investment Advisor ,focusfinancialpartners.com,"Rochester, NY / remote",Client & Advisor Experience ,https://job-boards.greenhouse.io/focusfinancialpartners/jobs/6151112004,greenhouse,focusfinancialpartners,6151112004
221,rejected,senior_6_10,leadership role for non finance company,Applied Science / Data Science Leader,hydeparkvp.com,"San Francisco, CA",Engineering,https://job-boards.greenhouse.io/attentive/jobs/4308475009,greenhouse,attentive,4308475009
222,,,,"Senior Technical Business Analyst, Private Markets",russellinvestments.com,New York; Seattle,,https://russell.wd5.myworkdayjobs.com/en-US/russellinvestments/job/New-York/Lead-Technical-Analyst--Private-Markets_R-03688,workday,russell|wd5|russellinvestments,/job/New-York/Lead-Technical-Analyst--Private-Markets_R-03688
223,,,,Portfolio Implementation and Oversight Analyst,hamiltonlane.com,"Conshohocken, PA, USA",,https://hamiltonlane.wd108.myworkdayjobs.com/en-US/search/job/Conshohocken-PA-USA/Portfolio-Implementation-and-Oversight-Analyst_R002911,workday,hamiltonlane|wd108|search,/job/Conshohocken-PA-USA/Portfolio-Implementation-and-Oversight-Analyst_R002911
224,,,,Analyst,caxton.com,,Trading,https://apply.workable.com/j/451B1CB7BB,workable,caxton,451B1CB7BB
225,,,,Experienced Trader,dvtrading.co,"Chicago; Dubai, Dubai, United Arab Emirates; London; New York",Trading,https://job-boards.greenhouse.io/dvtrading/jobs/4018000005,greenhouse,dvtrading,4018000005
226,rejected,mid_3_5,portfolio management - nothing quantitative,Associate Portfolio Manager Program - NY,caxton.com,,Portfolio Management,https://apply.workable.com/j/36FF1FBBA4,workable,caxton,36FF1FBBA4
227,rejected,,from the board,Make-Ready Specialist - The Lochley,greystar.com,"The Lochley, Carrollton, TX",,https://greystar.wd1.myworkdayjobs.com/en-US/External/job/The-Lochley-Carrollton-TX/Make-Ready-Specialist---The-Lochley_R0194363,workday,greystar|wd1|External,/job/The-Lochley-Carrollton-TX/Make-Ready-Specialist---The-Lochley_R0194363
228,,,,Portfolio Oversight Analyst – Investment Compliance,artisanpartnersuk.com,"San Francisco, CA | Boston, MA | Chicago, IL | Milwaukee, WI | New York, NY | Denver, CO",Securities and Trade Operations,https://www.artisanpartners.com/careers/career-opportunities.html?gh_jid=7887710,greenhouse,artisanpartners,7887710
229,rejected,,infrastructure engineerring,Principal Engineer - Trading Core,pepperstone.com,,IT,https://apply.workable.com/j/4071275072,workable,pepperstone,4071275072
230,,,,Emerging Markets Financial and Real Estate Equities Analyst,vontobel.com,"Hong Kong AM / 1901 Gloucester Tower, The Landmark, 15 Queen's Road",,https://vontobel.wd3.myworkdayjobs.com/en-US/Vontobel_External_Career/job/Hong-Kong-AM--1901-Gloucester-Tower-The-Landmark-15-Queens-Road/Emerging-Markets-Real-Estate-and-Financial-Equities-Analyst_8802-2,workday,vontobel|wd3|Vontobel_External_Career,/job/Hong-Kong-AM--1901-Gloucester-Tower-The-Landmark-15-Queens-Road/Emerging-Markets-Real-Estate-and-Financial-Equities-Analyst_8802-2
231,,,,Quantitative Business Analyst,radixtrading.com,"Chicago, New York, Amsterdam",Business,https://job-boards.greenhouse.io/radixuniversity/jobs/8080910002,greenhouse,radixuniversity,8080910002
232,,,,Brokerage Operations Specialist,ohiocapitalfund.com,,,https://careers-westernsouthern.icims.com/jobs/24992/brokerage-operations-specialist/job,icims,westernsouthern,24992
233,,,,Day-Ahead Trader ISO,ambitenergy.com,"Irving, Texas",,https://vst.wd5.myworkdayjobs.com/en-US/vistra_careers/job/Irving-Texas/Day-Ahead-Trader-ISO_40016321-1,workday,vst|wd5|vistra_careers,/job/Irving-Texas/Day-Ahead-Trader-ISO_40016321-1
234,rejected,head_or_md,leadership role [normalised seniority senior_6_10->head_or_md: same grade word as row 264 (head_or_md)],Director of Systematic COO Office,schonfeld.com,"New York, New York, United States",Systematic COO Office,https://job-boards.greenhouse.io/schonfeld/jobs/8020494,greenhouse,schonfeld,8020494
235,,,,Trading Underwriter,bbrown.com,"Basildon, England, United Kingdom",,https://bbinsurance.wd1.myworkdayjobs.com/en-US/Careers_Europe/job/Basildon-England-United-Kingdom/Trading-Underwriter_R25_0000000195,workday,bbinsurance|wd1|Careers_Europe,/job/Basildon-England-United-Kingdom/Trading-Underwriter_R25_0000000195
236,rejected,,from the board,Projektadministratör med inriktning kommunikation för TEF-Health,sweden,Stockholm,,https://jobbsafari.se/jobb/projektadministrator-med-inriktning-kommunikation-for-tef-health-sssvt-20478763,jobbsafari,sweden,20478763
237,,,,Senior Software Engineer,gravityteam.co,"Latvia (Riga), Rīga, Latvia, Amsterdam, Netherlands, London, United Kingdom",IT,https://careers.gravityteam.co/jobs/2622803-senior-software-engineer,teamtailor,careers.gravityteam.co,d90175fd-44af-4e78-ad13-e59bd834470a
238,,,,Casualty Brokerage Operations Coordinator,ryanspecialty.com,Remote - United States,,https://ryansg.wd5.myworkdayjobs.com/en-US/Ryan_Specialty_Career_Site/job/Remote---United-States/Casualty-Brokerage-Operations-Coordinator_JR26-5108-1,workday,ryansg|wd5|Ryan_Specialty_Career_Site,/job/Remote---United-States/Casualty-Brokerage-Operations-Coordinator_JR26-5108-1
239,,,,OM Bank - Credit Quantitative Analyst,oldmutual.com,2 Locations,,https://oldmutual.wd3.myworkdayjobs.com/en-US/Old_Mutual_Careers/job/Pinelands/OM-Bank---Credit-Quantitative-Analyst_JR-82126,workday,oldmutual|wd3|Old_Mutual_Careers,/job/Pinelands/OM-Bank---Credit-Quantitative-Analyst_JR-82126
240,less_relevant,junior_0_2,"Quant dev/infrastructure (STRAT, forward-deployed engineer). Less relevant: I want modelling/quant research. Internship contract but body demands 2-3 years.",Quantitative Research / Developer - Intern,schonfeld.com,"Hong Kong, Hong Kong",Emerging Markets & D1 Quant Team,https://job-boards.greenhouse.io/schonfeld/jobs/7185553,greenhouse,schonfeld,7185553
241,rejected,,manager for a crypto company,"Managing Director, Head of EU Sales",bitgo.com,"London, England, United Kingdom",Sales,https://job-boards.greenhouse.io/bitgo/jobs/8464699002,greenhouse,bitgo,8464699002
242,,,,Quantitative Trader / Researcher - US,tower-research.com,"New York, Chicago, Charleston, Las Vegas, Miami",Quantitative Research & Trading,https://www.tower-research.com/open-positions/?gh_jid=16635,greenhouse,towerresearchcapital,16635
243,,,,Quantitative Volatility Trader,xantium.com,"London, New York City ",Trading,https://job-boards.greenhouse.io/xantium/jobs/4179559009,greenhouse,xantium,4179559009
244,,,,"Analyst, Portfolio Management",arrowglobal.net,"Manchester, UK",,https://arrowglobal.pinpointhq.com/en/postings/d18c0d96-1c9a-4a2d-ae05-294da228fb94,pinpoint,arrowglobal,552593
245,,,,Business Analytics Senior Analyst,citibank.com.sg,New York New York United States,,https://citi.wd5.myworkdayjobs.com/en-US/2/job/New-York-New-York-United-States/Business-Analytics-Senior-Analyst_26969572,workday,citi|wd5|2,/job/New-York-New-York-United-States/Business-Analytics-Senior-Analyst_26969572
246,,,,Machine Learning Researcher,firstsparkventures.com,San Francisco,Research,https://jobs.ashbyhq.com/alljoined/537a054c-18ad-4e66-ab7a-178d1fe53ada,ashby,alljoined,537a054c-18ad-4e66-ab7a-178d1fe53ada
247,,,,"Associate, Asset-Based Finance Portfolio Management",brookfield.com,"New York, New York",,https://brookfield.wd5.myworkdayjobs.com/en-US/brookfield/job/New-York-New-York/Associate--Asset-Based-Finance-Portfolio-Management_R2050013,workday,brookfield|wd5|brookfield,/job/New-York-New-York/Associate--Asset-Based-Finance-Portfolio-Management_R2050013
248,,,,Trade Support Engineer,valkyrietrading.com,"Chicago, IL",Trade Support,https://jobs.lever.co/valkyrietrading/d5d3c739-fc8f-43d7-9076-5263d21f7a91,lever,valkyrietrading,d5d3c739-fc8f-43d7-9076-5263d21f7a91
249,,,,Business Operations Analyst (middle & Back Office),sig.com,,,https://careers-sig.icims.com/jobs/10482/business-operations-analyst-%28middle-%26-back-office%29/job,icims,sig,10482
250,,,,Quantitative Researcher - Intern,gsa-coral.com,"London, New York",Campus,https://www.gsacapital.com/careers/gh/?gh_jid=8570661002,greenhouse,gsacapital,8570661002
251,,,,"Analyst, Global Transaction Banking, Corporate Banking (12mth FTC Mat Cover)",cibc.com,"London, GBR",,https://cibc.wd3.myworkdayjobs.com/en-US/search/job/London-GBR/Analyst--Global-Transaction-Banking--Corporate-Banking--12mth-FTC-Mat-Cover-_2617278,workday,cibc|wd3|search,/job/London-GBR/Analyst--Global-Transaction-Banking--Corporate-Banking--12mth-FTC-Mat-Cover-_2617278
252,rejected,,from the board,Intern - Stockholm,sweden,Stockholm,,https://jobbsafari.se/jobb/intern-stockholm-scsom-20437987,jobbsafari,sweden,20437987
253,rejected,,manager role,Head of Managed Accounts and Model Portfolio Delivery - Senior Vice President ,icapitalnetwork.com,"Greenwich,  Connecticut, United States; New York, New York, United States",Alternative Solutions,https://job-boards.greenhouse.io/icapitalnetwork/jobs/8627403002,greenhouse,icapitalnetwork,8627403002
254,,,,Algorithmic Trader,simplextrading.com,Chicago,Trading,https://job-boards.greenhouse.io/simplextrading/jobs/4181846008,greenhouse,simplextrading,4181846008
255,,,,Industrial PhD at SuperFly Quants,danica.dk,"Copenhagen V, Denmark",,https://ejqi.fa.ocs.oraclecloud.eu/hcmUI/CandidateExperience/en/sites/CX_1001/job/24187,oracle_hcm,ejqi.fa.ocs.oraclecloud.eu|CX_1001,24187
256,,,,"Intern, Risk (Jan - Jun 2027)",qcpgroup.com,,Market Risk,https://apply.workable.com/j/6B1690698E,workable,qcp-group,6B1690698E
257,rejected,junior_0_2,asset management - not quantitative,"Asset Management Analyst (f/m/x), Frankfurt/Main (Full-Time)",savillsim.com,"Frankfurt, Frankfurt am Main, Germany",Investment,https://careers.savillsim.com/jobs/7644749-asset-management-analyst-f-m-x-frankfurt-main-full-time,teamtailor,careers.savillsim.com,508df7a2-3009-4ee2-99ff-7e5e53c0e695
258,,,,Backend Developer till Lannebo Kapitalförvaltning,jobstream,"Stockholm, Stockholms län",Mjukvaruutvecklare,https://arbetsformedlingen.se/platsbanken/annonser/31325108,jobtech,jobstream,31325108
259,,,,Staff Data Engineer,buildingventures.com,"Berkeley, California, United States",Engineering,https://copperhome.com/pages/jobs?gh_jid=5177592007,greenhouse,copperhome,5177592007
260,,,,"Associate, Production Support Engineer",galaxy.com,Hong Kong,Engineering,https://job-boards.greenhouse.io/galaxydigitalservices/jobs/5700604004,greenhouse,galaxydigitalservices,5700604004
261,,,,Quantitative Developer ,schonfeld.com,"Hong Kong, Hong Kong",Internal Portfolio Managers & Analysts,https://job-boards.greenhouse.io/schonfeld/jobs/6772399,greenhouse,schonfeld,6772399
262,rejected,,management role in a fintech company,Head of Corporate Development,plaid.com,San Francisco HQ,All Departments,https://jobs.ashbyhq.com/plaid/4a865873-eafa-423d-b9ae-3afd31ae4678,ashby,plaid,4a865873-eafa-423d-b9ae-3afd31ae4678
263,,,,"OM Bank - Senior Credit Quantitative Analyst: Impairment, Credit & Regulatory Reporting",oldmutual.com,2 Locations,,https://oldmutual.wd3.myworkdayjobs.com/en-US/Old_Mutual_Careers/job/Pinelands/OM-Bank---Senior-Credit-Quantitative-Analyst--Impairment--Credit---Regulatory-Reporting_JR-82149,workday,oldmutual|wd3|Old_Mutual_Careers,/job/Pinelands/OM-Bank---Senior-Credit-Quantitative-Analyst--Impairment--Credit---Regulatory-Reporting_JR-82149
264,,,,"Analyst, Portfolio Management",profunds.com,"Bethesda, MD",Portfolio Management ,https://boards.greenhouse.io/proshares/jobs/6132176004?gh_jid=6132176004,greenhouse,proshares,6132176004
265,,,,Equity Volatility Quant Researcher Intern (Summer 2027),walleyecapital.com,"Miami, FL",Single Stock - Volatility,https://job-boards.greenhouse.io/walleyecapital-external-students/jobs/4676334006,greenhouse,walleyecapital-external-students,4676334006
266,,,,"Analyst, Multi-Asset Portfolio Solutions (MAPS)",ares.com,"New York, NY",,https://aresmgmt.wd1.myworkdayjobs.com/en-US/External/job/New-York-NY/Analyst--Multi-Asset-Portfolio-Solutions--MAPS-_R8239,workday,aresmgmt|wd1|External,/job/New-York-NY/Analyst--Multi-Asset-Portfolio-Solutions--MAPS-_R8239
267,,,,Software Engineer Intern ,gardacp.com,"New York, New York, United States",Research & Technology (Internship),https://job-boards.greenhouse.io/gardacp/jobs/6146213004,greenhouse,gardacp,6146213004
268,,,,"Intern, Trading Analytics 2027",conocophillips.com,"Houston, TX",,https://conocophillips.wd1.myworkdayjobs.com/en-US/External/job/Houston-TX/Intern--Trading-Analytics-2027_REQ-006429,workday,conocophillips|wd1|External,/job/Houston-TX/Intern--Trading-Analytics-2027_REQ-006429
269,,,,Senior Platform Engineer,trustbank.sg,Singapore,Technology,https://job-boards.greenhouse.io/trustbank/jobs/7888996003,greenhouse,trustbank,7888996003
270,,,,Real Estate Asset Management Associate,hayfin.com,,Investment,https://apply.workable.com/j/5A14A880A9,workable,hayfin-capital-management,5A14A880A9
271,,,,"Business Operations Analyst (middle Back Office), Hong Kong",sig.com,,,https://careers-sig.icims.com/jobs/11260/business-operations-analyst-%28middle-back-office%29%2c-hong-kong/job,icims,sig,11260
272,,,,Trade Support Specialist - Middle Office,drw.com,Chicago,Technology,https://drw.com/work-at-drw/listings/trade-support-specialist-middle-office-3475663,site,drw,3475663
273,rejected,,from the board,Financial Controller - Sweden Branch,sweden,Stockholm,,https://jobbsafari.se/jobb/financial-controller-sweden-branch-scsom-20425599,jobbsafari,sweden,20425599
274,,,,"Senior Engineer, Risk Engineering",bullish.com,2 Locations,,https://bullish.wd3.myworkdayjobs.com/en-US/Bullish/job/Hong-Kong/Senior-Engineer--Risk-Engineering_JR2001260,workday,bullish|wd3|Bullish,/job/Hong-Kong/Senior-Engineer--Risk-Engineering_JR2001260
275,,,,UIT Trading & Origination Senior Associate,guggenheiminvestments.com,"Chicago, IL",,https://guggenheiminvestment.wd5.myworkdayjobs.com/en-US/External/job/Chicago-IL/UIT-Trading---Origination_JR-2026-101167,workday,guggenheiminvestment|wd5|External,/job/Chicago-IL/UIT-Trading---Origination_JR-2026-101167
276,,,,Senior Associate – Treasury Strategy & Technology,switzerland,"Zürich, ZH",,https://www.job-room.ch/job-search/2fca0e7e-681c-4854-8254-b67c0f18aeed,jobroom,switzerland,2fca0e7e-681c-4854-8254-b67c0f18aeed
277,,,,Research Senior Associate,citibank.com.sg,London  United Kingdom,,https://citi.wd5.myworkdayjobs.com/en-US/2/job/London--United-Kingdom/Research-Senior-Associate_26988223,workday,citi|wd5|2,/job/London--United-Kingdom/Research-Senior-Associate_26988223
278,,,,HPC Systems Engineer,jumptrading.com,Chicago,IT Infrastructure + WCW,https://www.jumptrading.com/hr/job?gh_jid=5752845,greenhouse,jumptrading,5752845
279,rejected,,from the board,Redovisning,sweden,Sundbyberg,,https://jobbsafari.se/jobb/redovisning-sasrb-20445343,jobbsafari,sweden,20445343
280,,,,Senior Portfolio Advisor II,northerntrust.com,"Atlanta, GA",,https://ntrs.wd1.myworkdayjobs.com/en-US/northerntrust/job/Atlanta-GA/Senior-Portfolio-Advisor-II_R154852-1,workday,ntrs|wd1|northerntrust,/job/Atlanta-GA/Senior-Portfolio-Advisor-II_R154852-1
281,,,,Treasury Analyst - Front Office,apexgroup.com,London,,https://theapexgroup.wd3.myworkdayjobs.com/en-US/apexgroupcareers/job/London/Treasury-Analyst---Front-Office_JR-0024034,workday,theapexgroup|wd3|apexgroupcareers,/job/London/Treasury-Analyst---Front-Office_JR-0024034
282,less_relevant,mid_3_5,trader role [normalised relevance adjacent->less_relevant: same firm and seat class as row 246 'Graduate Trader' (less_relevant)],Digital Assets Trader - Amsterdam ,flowtraders.com,Amsterdam,Trading,https://job-boards.greenhouse.io/flowtraders/jobs/3234877,greenhouse,flowtraders,3234877
283,,,,Datacenter Operations,xtxmarkets.com,New York,Datacentre,https://job-boards.greenhouse.io/xtxmarketstechnologies/jobs/7740507003,greenhouse,xtxmarketstechnologies,7740507003
284,,,,"Student Analyst, Investment Management",betterenergy.com,Frederiksberg C,,https://www.jobindex.dk/vis-job/h1688476,jobindex,denmark,h1688476
285,,,,Trade Support Intern,drw.com,Chicago,Campus,https://drw.com/work-at-drw/listings/trade-support-intern-3467551,site,drw,3467551
286,,,,Assistant Controller - Fund Accounting,summittxcapital.com,Fort Worth,Firm - Accounting,https://summittx.bamboohr.com/careers/27,bamboohr,summittx,27
287,,,,Derivative Sales Analyst (Prosumer Sales),blockchaincapital.com,Remote - USA,"Institutional Sales, Trading, and Prime Services",https://www.coinbase.com/careers/positions/8021857?gh_jid=8021857,greenhouse,coinbase,8021857
288,,,,Senior Underwriter (PI & D&O) – Direct & Digital Trading,markel.com,Manchester - UK,,https://markelcorp.wd5.myworkdayjobs.com/en-US/GlobalCareers/job/Manchester---UK/Senior-Underwriter--PI---D-O----Direct---Digital-Trading_R0023377-1,workday,markelcorp|wd5|GlobalCareers,/job/Manchester---UK/Senior-Underwriter--PI---D-O----Direct---Digital-Trading_R0023377-1
289,,,,Brokerage Services Registered Analyst - Series 7/63 - Remote,capital.northwesternmutual.com,"Franklin, WI Corporate; Remote-North Carolina; Remote-New Jersey; Remote-Virginia; Remote-Texas; Remote-Georgia; Remote-Florida",,https://northwesternmutual.wd5.myworkdayjobs.com/en-US/CORPORATE-CAREERS/job/Franklin-WI-Corporate/Brokerage-Services-Registered-Analyst---Series-7-63---Remote_JR-45747,workday,northwesternmutual|wd5|CORPORATE-CAREERS,/job/Franklin-WI-Corporate/Brokerage-Services-Registered-Analyst---Series-7-63---Remote_JR-45747
290,rejected,student_intern,asset management - nothing quantitative,Summer 2027 Asset Management Intern,harrisonst.com,"Chicago,  IL",Asset Management,https://jobs.lever.co/harrisonst/4594ead7-cc2f-4639-a714-8b46bcfdb653,lever,harrisonst,4594ead7-cc2f-4639-a714-8b46bcfdb653
291,,,,Discretionary Trader,geneva-trading.com,Chicago Office,DTG - Chicago Trading,https://job-boards.greenhouse.io/genevatrading/jobs/4373631007,greenhouse,genevatrading,4373631007
292,rejected,,from the board,Make-Ready Specialist - Eastbank at Waterside,greystar.com,"Eastbank at Waterside, Fort Worth, TX",,https://greystar.wd1.myworkdayjobs.com/en-US/External/job/Eastbank-at-Waterside-Fort-Worth-TX/Make-Ready-Specialist---Eastbank-at-Waterside_R0195289-1,workday,greystar|wd1|External,/job/Eastbank-at-Waterside-Fort-Worth-TX/Make-Ready-Specialist---Eastbank-at-Waterside_R0195289-1
293,,,,Analyst - Cloud FinOps,tink.com,"US - Austin, TX",,https://visa.wd5.myworkdayjobs.com/en-US/Visa/job/US---Austin-TX/Analyst---Cloud-FinOps_REF078979W,workday,visa|wd5|Visa,/job/US---Austin-TX/Analyst---Cloud-FinOps_REF078979W
294,,,,"Senior Associate, Investor Relations - Atlanta, GA",cortland.com,"Atlanta, GA",Client Relations and Capital Markets,https://job-boards.greenhouse.io/cortland/jobs/4273000009,greenhouse,cortland,4273000009
295,,,,Research Analyst - China Coverage,williamblair.com,"Shanghai, China",675 IM Investments - Global Growth,https://www.williamblair.com/Careers/job-description?gh_jid=5077802007,greenhouse,williamblair,5077802007
296,,,,Private Markets Portfolio Management & Analysis Professional,aksia.com,Chicago; New York,Private Credit,https://job-boards.greenhouse.io/aksia/jobs/8355283002,greenhouse,aksia,8355283002
297,,,,"Senior Analyst, Pricing & Analytics",conning.com,"Hartford, CT",,https://conning.wd503.myworkdayjobs.com/en-US/conningcareers/job/Hartford-CT/Senior-Analyst--Pricing---Analytics_JR1114,workday,conning|wd503|conningcareers,/job/Hartford-CT/Senior-Analyst--Pricing---Analytics_JR1114
298,,,,"Associate, Portfolio Implementation Management",cambridgeassociates.com,Boston,,https://cambridgeassociates.wd5.myworkdayjobs.com/en-US/Cambridge_Associates/job/Boston/Associate--Portfolio-Implementation-Management_JR0000347-1,workday,cambridgeassociates|wd5|Cambridge_Associates,/job/Boston/Associate--Portfolio-Implementation-Management_JR0000347-1
299,,,,Systematic Options Trader,wolve.com,"Chicago, IL",,https://careers.wolve.com/en/postings/649d44ec-fd43-42ef-8efb-1826f498cde2,pinpoint,wolve,450735
300,,,,Associate (2027 Start),digitalbridge.com,"Boca Raton, Florida; New York, New York",Investment Management,https://job-boards.greenhouse.io/digitalbridge/jobs/5052490007,greenhouse,digitalbridge,5052490007
301,,,,Machine Learning Engineer- Senior Consultant Level,tink.com,"US - Austin, TX",,https://visa.wd5.myworkdayjobs.com/en-US/Visa/job/US---Austin-TX/Machine-Learning-Engineer--Senior-Consultant-Level_REF083276W,workday,visa|wd5|Visa,/job/US---Austin-TX/Machine-Learning-Engineer--Senior-Consultant-Level_REF083276W
302,,,,Senior Software Engineer,mako.com,London,Software Engineering,https://www.mako.com/opportunities/job-listing/8147024002?gh_jid=8147024002,greenhouse,mako,8147024002
303,rejected,,,Treasury Advisor,rho.co,NYC,GTM,https://jobs.ashbyhq.com/rho/47f89f31-e9c8-4858-b9d1-5099a1742410,ashby,rho,47f89f31-e9c8-4858-b9d1-5099a1742410
304,,,,Analyst/Associate - Net Lease Real Assets,blueowl.com,Chicago - 150 - 37,,https://blueowl.wd1.myworkdayjobs.com/en-US/blueowl/job/Chicago---150---37/Analyst-Associate---Net-Lease-Real-Assets_R-102237,workday,blueowl|wd1|blueowl,/job/Chicago---150---37/Analyst-Associate---Net-Lease-Real-Assets_R-102237
305,,,,Trading Support Specialist,valic.com,TX-Houston,,https://corebridgefinancial.wd1.myworkdayjobs.com/en-US/CorebridgeFinancial/job/TX-Houston/Trading-Support-Specialist_JR2600715-1,workday,corebridgefinancial|wd1|CorebridgeFinancial,/job/TX-Houston/Trading-Support-Specialist_JR2600715-1
306,,,,"Investment Banking Associate, Capital Markets - New York",moelis.com,New York,,https://moelis.wd1.myworkdayjobs.com/en-US/Experienced-Hires/job/New-York/Investment-Banking-Associate--Capital-Markets---New-York_REQ102203,workday,moelis|wd1|Experienced-Hires,/job/New-York/Investment-Banking-Associate--Capital-Markets---New-York_REQ102203
307,,,,Treasury Client Service Support Specialist Ii,1919ic.com,,,https://careers-stifel.icims.com/jobs/9458/treasury-client-service-support-specialist-ii/job,icims,stifel,9458
308,rejected,senior_6_10,perfect fit - but has hard requirement of phd,Quantitative Researcher (Full-Time - PhD+),radixtrading.com,"Chicago, New York, Amsterdam",Research,https://job-boards.greenhouse.io/radixuniversity/jobs/7841874002,greenhouse,radixuniversity,7841874002
309,rejected,,from the board,Corporate Finance Specialist,sweden,Stockholm,,https://jobbsafari.se/jobb/corporate-finance-specialist-ssste-20370664,jobbsafari,sweden,20370664
310,,,,Senior Investment Strategist - Private Wealth,umb.com,"TX - Dallas - 5950 Berkshire Lane, #1600; St. Louis MO",,https://umb.wd1.myworkdayjobs.com/en-US/UMBExternal/job/TX---Dallas---5950-Berkshire-Lane-1600/Senior-Investment-Strategist---Private-Wealth_R-9028,workday,umb|wd1|UMBExternal,/job/TX---Dallas---5950-Berkshire-Lane-1600/Senior-Investment-Strategist---Private-Wealth_R-9028
311,,,,Execution Research Fellow,vikingglobal.com,"New York, NY",Investment Operations,https://job-boards.greenhouse.io/vikingglobalinvestors/jobs/6005845004,greenhouse,vikingglobalinvestors,6005845004
312,,,,Portfolio Analyst,bmt.com,"Berwyn, PA",,https://wsfsbank.wd1.myworkdayjobs.com/en-US/bmtcareers/job/Berwyn-PA/Portfolio-Analyst_R-103940-4,workday,wsfsbank|wd1|bmtcareers,/job/Berwyn-PA/Portfolio-Analyst_R-103940-4
313,rejected,,from the board,Balance Settlement Specialist,sweden,Solna,,https://jobbsafari.se/jobb/balance-settlement-specialist-sksee-20493331,jobbsafari,sweden,20493331
314,,,,Treasury Support,fundingsocieties.com,,Finance,https://apply.workable.com/j/EA62D8D9CD,workable,fundingsocieties,EA62D8D9CD
315,,,,Senior Derivatives Operations Specialist ,bracebridgecapital.com,"Boston, MA",Investment Operations,https://job-boards.greenhouse.io/bracebridgecapital/jobs/4719943005,greenhouse,bracebridgecapital,4719943005
316,,,,"Controller, Credit Accounting",cimgroup.com,"Los Angeles, CA",Fund Accounting,https://jobs.lever.co/cimgroup/1dbcdc1d-b6e2-467f-9a7d-90a838d3178e,lever,cimgroup,1dbcdc1d-b6e2-467f-9a7d-90a838d3178e
317,,,,2027 Trading and Research Summer Internship,capulaglobal.com,,Trading,https://apply.workable.com/j/A15A62A8BE,workable,capula-investment-management-ltd,A15A62A8BE
318,,,,"Associate, Model Development (Hybrid Position)",santander.com,Dallas,,https://santander.wd3.myworkdayjobs.com/en-US/SantanderCareers/job/Dallas/Associate--Model-Development_Req1586742,workday,santander|wd3|SantanderCareers,/job/Dallas/Associate--Model-Development_Req1586742
319,rejected,junior_0_2,electronics work,Junior FPGA Engineer,eagleseven.com,,Technology,https://apply.workable.com/j/0FE54E44C1,workable,eagle-seven,0FE54E44C1
320,,,,Global Equity Trader,brownadvisory.com,"Baltimore, MD",,https://brownadvisory.wd1.myworkdayjobs.com/en-US/Brown/job/Baltimore-MD/Global-Equity-Trader_JR1515,workday,brownadvisory|wd1|Brown,/job/Baltimore-MD/Global-Equity-Trader_JR1515
321,,,,"Investment Risk Analyst, Fixed Income",wellington.com,"London, United Kingdom; Boston, MA, United States",,https://wellington.wd5.myworkdayjobs.com/en-US/External/job/London-United-Kingdom/Investment-Risk-Analyst--Fixed-Income_R93445-1,workday,wellington|wd5|External,/job/London-United-Kingdom/Investment-Risk-Analyst--Fixed-Income_R93445-1
322,,head_or_md,,"Head, Corporate Treasury",bankofsingapore.com,BOS Singapore,,https://ocbc.wd102.myworkdayjobs.com/en-US/External/job/BOS-Singapore/Head--Corporate-Treasury_JR00010319,workday,ocbc|wd102|External,/job/BOS-Singapore/Head--Corporate-Treasury_JR00010319
323,,,,Data Scientist II - CX Analytics,unum.com,"Portland, Maine, USA; Chattanooga, Tennessee, USA; Atlanta, Georgia, USA; Columbia, South Carolina, USA",,https://unum.wd1.myworkdayjobs.com/en-US/External/job/Portland-Maine-USA/Data-Scientist-II---CX-Analytics_835834-1,workday,unum|wd1|External,/job/Portland-Maine-USA/Data-Scientist-II---CX-Analytics_835834-1
324,,,,Collateral Analyst,gmo.com,"Boston, MA",Trade Operations,https://jobs.lever.co/gmo/9366b5d7-8930-43f7-bae6-98115e3a87a2,lever,gmo,9366b5d7-8930-43f7-bae6-98115e3a87a2
325,,,,"Senior Software Engineer, Hardware Test",radical.vc,"San Jose, CA",Engineering - Hardware,https://job-boards.greenhouse.io/muonspace/jobs/5200908007,greenhouse,muonspace,5200908007
326,,,,"Staff Software Engineer, Observability ",dcvc.com,"Mountain View, California",Engineering,https://databricks.com/company/careers/open-positions/job?gh_jid=8328675002,greenhouse,databricks,8328675002
327,,,,Senior Data Scientist,sweden,Stockholm,,https://jobbsafari.se/jobb/senior-data-scientist-sasrb-20113085,jobbsafari,sweden,20113085
328,,,,"Associate, RMBS Structuring & Advisory",rram.com,"El Segundo Office 2121 Rosecreans Ave Suite 5300 El Segundo, CA 90245",Structuring,https://job-boards.greenhouse.io/reddingridge/jobs/5227161008,greenhouse,reddingridge,5227161008
329,,,,Senior Network Engineer,provequity.com,US RI Providence; US MA Boston (500 Boylston Street),,https://provequity.wd5.myworkdayjobs.com/en-US/PEP_External_Career_Site/job/US-RI-Providence/Senior-Network-Engineer_R554,workday,provequity|wd5|PEP_External_Career_Site,/job/US-RI-Providence/Senior-Network-Engineer_R554
330,,,,"Associate, Financial Control, Treasury & Regulatory Reporting",cohenandsteers.com,"New York, NY",Finance ,https://www.cohenandsteers.com/current-job-openings/?gh_jid=7720631003,greenhouse,cohensteers,7720631003
331,,,,FX Dealer,monexglobal.com,Amsterdam,,https://monex.wd3.myworkdayjobs.com/en-US/Careers/job/Amsterdam/FX-Dealer--Native-French-Speaker-_JR100667,workday,monex|wd3|Careers,/job/Amsterdam/FX-Dealer--Native-French-Speaker-_JR100667
332,,,,Treasury Analyst - Treasury Technology - Hybrid,cigna.com,"Bloomfield, CT",,https://cigna.wd5.myworkdayjobs.com/en-US/cignacareers/job/Bloomfield-CT/Treasury-Analysis-Lead-Analyst---Treasury-Technology---Hybrid_26008175,workday,cigna|wd5|cignacareers,/job/Bloomfield-CT/Treasury-Analysis-Lead-Analyst---Treasury-Technology---Hybrid_26008175
333,rejected,,from the board,Swedish Content Writer,sweden,Stockholm,,https://jobbsafari.se/jobb/swedish-content-writer-scsom-20457058,jobbsafari,sweden,20457058
334,,,,Sr. Treasury Analyst Role,tribecavp.com,Remote - United States,Finance,https://job-boards.greenhouse.io/alphasense/jobs/8635506002,greenhouse,alphasense,8635506002
335,,,,Technical Support Specialist - Back Office,convex.com,2 Locations,,https://servicetitan.wd1.myworkdayjobs.com/en-US/ServiceTitan/job/Canada-British-Columbia-Remote/Technical-Support-Specialist---Back-Office_JR115519-1,workday,servicetitan|wd1|ServiceTitan,/job/Canada-British-Columbia-Remote/Technical-Support-Specialist---Back-Office_JR115519-1
336,,,,UX Researcher | Onsite,photon.com,United States,,https://fa-ertb-saasfaprod1.fa.ocs.oraclecloud.com/hcmUI/CandidateExperience/en/sites/CX_2/job/23779,oracle_hcm,fa-ertb-saasfaprod1.fa.ocs.oraclecloud.com|CX_2,23779
337,,,,Treasury & Disbursement Specialist (1 Year Contract),prudential.com.sg,Singapore,,https://prudential.wd3.myworkdayjobs.com/en-US/prudential/job/Singapore/Treasury---Disbursement-Specialist--1-Year-Contract-_26060611,workday,prudential|wd3|prudential,/job/Singapore/Treasury---Disbursement-Specialist--1-Year-Contract-_26060611
338,adjacent,mid_3_5,"Operations/engineering: market-hours oversight, dashboards, runbooks, incident response, position reconciliations. Middle office under a quant title. 3+ years.",Quantitative Trading Associate,schonfeld.com,"Hong Kong, Hong Kong",Internal Portfolio Managers & Analysts,https://job-boards.greenhouse.io/schonfeld/jobs/7517021,greenhouse,schonfeld,7517021
339,,,,"Equity Research Internship spring/summer 2027, Stockholm",abgsc.com,"Stockholm, Sweden",Research,https://abgsc.teamtailor.com/jobs/8247755-equity-research-internship-spring-summer-2027-stockholm,teamtailor,abgsc,f12c4e69-0c83-4814-8d3c-6fae15e1028f
340,,,,Research Support Associate (Japan Equities) 1-year Contract,troweprice.com,"Tokyo, Japan; Hong Kong",,https://troweprice.wd5.myworkdayjobs.com/en-US/TRowePriceInternational/job/Tokyo-Japan/Research-Support-Associate--Japan-Equities--1-year-Contract_81367,workday,troweprice|wd5|TRowePriceInternational,/job/Tokyo-Japan/Research-Support-Associate--Japan-Equities--1-year-Contract_81367
341,,,,Investment Analyst,weissasset.com,"Boston, Massachusetts, United States",Investment,https://job-boards.greenhouse.io/weissassetmanagement/jobs/8686086002,greenhouse,weissassetmanagement,8686086002
342,,,,Treasury Analyst,samsung.com,"6625 Excellence Way, Plano, TX, USA",,https://sec.wd3.myworkdayjobs.com/en-US/Samsung_Careers/job/6625-Excellence-Way-Plano-TX-USA/Treasury-Analyst_R118335,workday,sec|wd3|Samsung_Careers,/job/6625-Excellence-Way-Plano-TX-USA/Treasury-Analyst_R118335
343,,,,Senior Data Scientist,step.com,"San Mateo, CA",Engineering,https://job-boards.greenhouse.io/mrbeastyoutube/jobs/6093110004,greenhouse,mrbeastyoutube,6093110004
344,,,,"Sr. Analyst, Financial Reporting",cimgroup.com,"Phoenix, AZ",Fund Accounting,https://jobs.lever.co/cimgroup/0dce7a78-a44a-4895-a522-6b02f9e8dfb9,lever,cimgroup,0dce7a78-a44a-4895-a522-6b02f9e8dfb9
345,,,,Senior Data Scientist,lseg.com,CHN-Beijing-Oriental Plaza,,https://lseg.wd3.myworkdayjobs.com/en-US/Careers/job/CHN-Beijing-Oriental-Plaza/Senior-Data-Scientist_R0120150-1,workday,lseg|wd3|Careers,/job/CHN-Beijing-Oriental-Plaza/Senior-Data-Scientist_R0120150-1
346,rejected,,from the board,Fullstackutvecklare .Net till Svea Bank,svea.com,"Solna, Sweden",Tech,https://career.svea.com/jobs/8211363-fullstackutvecklare-net-till-svea-bank,teamtailor,career.svea.com,3c69ec88-343c-4346-98bc-204964b12442
347,,,,Technology Operations Engineer,eagleseven.com,,Technology,https://apply.workable.com/j/6C47ECD3D5,workable,eagle-seven,6C47ECD3D5
348,,,,Senior Data Scientist,khim.com,"Irving, TX 75062 Vizient Corporate HQ; Chicago, IL 60607; Centennial, CO 80111",,https://vizient.wd1.myworkdayjobs.com/en-US/Vizient_Careers/job/Irving-TX-75062-Vizient-Corporate-HQ/Senior-Data-Scientist_34793R,workday,vizient|wd1|Vizient_Careers,/job/Irving-TX-75062-Vizient-Corporate-HQ/Senior-Data-Scientist_34793R
349,,,,Compliance Officer / MLRO Switzerland & Liechtenstein,keyrock.com,Zurich,Legal & Governance,https://jobs.ashbyhq.com/keyrock/8866e34a-248b-4ee3-9c5d-2df175463920,ashby,keyrock,8866e34a-248b-4ee3-9c5d-2df175463920
350,,,,Equity Research Associate – Biotechnology,psc.com,"Boston, MA",,https://pipersandler.wd501.myworkdayjobs.com/en-US/Piper_Sandler_Careers/job/Boston-MA/Equity-Research-Associate---Biotechnology_R-100542,workday,pipersandler|wd501|Piper_Sandler_Careers,/job/Boston-MA/Equity-Research-Associate---Biotechnology_R-100542
351,,,,CLO Structurer,sculptor.com,"New York, NY; New York 65E",,https://sculptor.wd12.myworkdayjobs.com/en-US/Sculptor_External_Career_Site/job/New-York-NY/CLO-Structurer_JR1056,workday,sculptor|wd12|Sculptor_External_Career_Site,/job/New-York-NY/CLO-Structurer_JR1056
352,,,,"Senior Analyst, Asset Management",bridge33capital.com,,Asset Management,https://apply.workable.com/j/04D48A9AB0,workable,bridge33capital,04D48A9AB0
353,rejected,,,EQUITY RESEARCH ANALYST - BANKS AND ASSET MANAGEMENT SECTOR - STOCKHOLM,keplercheuvreux.com,"Sweden - Stockholm, Stockholm, Sweden",Research,https://keplercheuvreux.teamtailor.com/jobs/8260352-equity-research-analyst-banks-and-asset-management-sector-stockholm,teamtailor,keplercheuvreux,9f57d014-71a0-433d-b395-f3c808a04141
354,,,,Quantitative Developer,pinely.com,,Research,https://apply.workable.com/j/7629B7944E,workable,pinely,7629B7944E
355,,,,Analytics Engineer,greystar.com,"City Office Chicago, Chicago, IL; City Office Atlanta, Atlanta, GA; City Office Tampa, Tampa, FL; City Office Houston, Houston, TX; City Office DC, Arlington, VA; City Office Raleigh, Raleigh, NC; City Office Charlotte, Charlotte, NC; City Office Charleston, Charleston, SC; City Office Dallas (Southlake), Southlake, TX",,https://greystar.wd1.myworkdayjobs.com/en-US/External/job/City-Office-Chicago-Chicago-IL/Analytics-Engineer_R0197674,workday,greystar|wd1|External,/job/City-Office-Chicago-Chicago-IL/Analytics-Engineer_R0197674
356,,,,Quantitative Analyst Intern,rho.co,NYC,GTM,https://jobs.ashbyhq.com/rho/eb5c9709-ab43-4e9e-9c41-ccb122955fcf,ashby,rho,eb5c9709-ab43-4e9e-9c41-ccb122955fcf
357,,,,Global Research Analyst-Industrials/Energy/Technology/Utilities,corporate.virtus.com,"Chicago, IL",,https://virtus.wd5.myworkdayjobs.com/en-US/VirtusCareers/job/Chicago-IL/Global-Research-Analyst-Infrastructure--Clean-Energy-_R831-2,workday,virtus|wd5|VirtusCareers,/job/Chicago-IL/Global-Research-Analyst-Infrastructure--Clean-Energy-_R831-2
358,rejected,,from the board,Marknadskoordinator till Medclair,sweden,Stockholm,,https://jobbsafari.se/jobb/marknadskoordinator-till-medclair-sbsra-20371006,jobbsafari,sweden,20371006
359,,,,Graduate Trader,davinciderivatives.com,"Amsterdam, North Holland, Netherlands",Trading,https://job-boards.eu.greenhouse.io/davinciderivatives/jobs/4043984101,greenhouse,davinciderivatives,4043984101
360,,,,Treasury Operations Specialist,openpayd.com,London,Operations & Projects,https://jobs.lever.co/OpenPayd/b40396bf-e500-4eaa-b207-f7d7da3c281f,lever,OpenPayd,b40396bf-e500-4eaa-b207-f7d7da3c281f
361,,,,Senior Data Platform Engineer,pepperstone.com,,IT,https://apply.workable.com/j/8E466D3BC1,workable,pepperstone,8E466D3BC1
362,,,,"Associate I, Fixed Income Trading Desk Support",fnbo.com,"Minneapolis, MN - Northland Securities Office",,https://firstnational.wd12.myworkdayjobs.com/en-US/fnbocareers/job/Minneapolis-MN---Northland-Securities-Office/Associate-I--Fixed-Income-Trading-Desk-Support_R-20261444-1,workday,firstnational|wd12|fnbocareers,/job/Minneapolis-MN---Northland-Securities-Office/Associate-I--Fixed-Income-Trading-Desk-Support_R-20261444-1
363,,,,Enterprise AI Architect,troweprice.com,"London, Warwick Court",,https://troweprice.wd5.myworkdayjobs.com/en-US/TRowePriceInternational/job/London-Warwick-Court/Enterprise-AI-Architect_82011,workday,troweprice|wd5|TRowePriceInternational,/job/London-Warwick-Court/Enterprise-AI-Architect_82011
364,,,,Senior Strategist,resolute.com,"Birmingham, Michigan, United States of America",,https://interpublic.wd5.myworkdayjobs.com/en-US/OMC/job/Birmingham-Michigan-United-States-of-America/Sr-Strategist-2_6693-AM,workday,interpublic|wd5|OMC,/job/Birmingham-Michigan-United-States-of-America/Sr-Strategist-2_6693-AM
365,,,,"Senior Analyst, Fund Management & Capital",esr.com,,Corporate - Investors Solutions & Investments,https://apply.workable.com/j/4E528F8C36,workable,esr-group,4E528F8C36
366,,,,88-50100571 Data Scientist,diagnostics.roche.com,South San Francisco,,https://roche.wd3.myworkdayjobs.com/en-US/rog_conf/job/South-San-Francisco/XMLNAME-88-50100571-Data-Scientist_202607-118334,workday,roche|wd3|rog_conf,/job/South-San-Francisco/XMLNAME-88-50100571-Data-Scientist_202607-118334
367,,,,Risk Tech Analyst,mizuhogroup.com,NYC (1285),,https://mizuho.wd1.myworkdayjobs.com/en-US/mizuhoamericas/job/NYC-1285/Risk-Tech-Analyst_R7073-2,workday,mizuho|wd1|mizuhoamericas,/job/NYC-1285/Risk-Tech-Analyst_R7073-2
368,,,,Treasury & Portfolio Finance Analyst (LH BPO),advent.com,"New York, NY; West Palm Beach, FL",,https://wd1.myworkdaysite.com/en-US/SSCTechnologies/job/New-York-NY/Treasury---Portfolio-Financing-Analyst--LH-BPO-_R38151,workday,ssctech|wd1|SSCTechnologies|myworkdaysite.com,/job/New-York-NY/Treasury---Portfolio-Financing-Analyst--LH-BPO-_R38151
369,,,,"Derivatives Trader, NYC",bitgo.com,"New York, United States",Prime,https://job-boards.greenhouse.io/bitgo/jobs/8721530002,greenhouse,bitgo,8721530002
370,,,,Senior Market Strategist,wealth.aprio.com,"Atlanta, GA",Wealth Management,https://jobs.lever.co/Aprio/d850af32-7c91-4525-8ca2-bff20a9ea98e,lever,Aprio,d850af32-7c91-4525-8ca2-bff20a9ea98e
371,rejected,,from the board,"International Private Bank, Professional for China Market, based in Singapore",singapore,Singapore,,https://www.mycareersfuture.gov.sg/job/banking-finance/international-bank-professional-china-market-based-singapore-jpmorgan-chase-bank-na-006f04030aa5adf5006d02a9c534f51a,mycareersfuture,singapore,006f04030aa5adf5006d02a9c534f51a
372,,,,AI Engineer,shieldcap.com,"Bellevue Office, Sunset Corporate Campus",R&D - AI Engineering,https://job-boards.greenhouse.io/armada/jobs/5383028008,greenhouse,armada,5383028008
373,,,,Senior Quant Researcher | High Frequency Delta 1 ,eclipsetrading.com,Hong Kong ,Quant & Integration,https://job-boards.greenhouse.io/eclipsetrading/jobs/4209233002,greenhouse,eclipsetrading,4209233002
374,rejected,,from the board,Service Now business architect (IRM),sweden,Stockholm,,https://jobbsafari.se/jobb/service-now-business-architect-irm-sascc-20438002,jobbsafari,sweden,20438002
375,,,,"Quantitative Analyst, Retail Models",commbank.com.au,2 Locations,,https://cba.wd3.myworkdayjobs.com/en-US/CommBank_Careers/job/Sydney-CBD-Area/Quantitative-Analyst--Retail-Models_REQ262035,workday,cba|wd3|CommBank_Careers,/job/Sydney-CBD-Area/Quantitative-Analyst--Retail-Models_REQ262035
376,,,,"Senior Data Scientist, Analytics (Lending)",airwallex.com,SG - Singapore,Product,https://jobs.ashbyhq.com/airwallex/341d23f4-f254-4a2b-a75c-eb267eedfffc,ashby,airwallex,341d23f4-f254-4a2b-a75c-eb267eedfffc
377,,,,Associate Member of Trading Staff,voleon.com,"Berkeley, CA",Trading,https://jobs.ashbyhq.com/voleon/27f604ea-306f-4c8e-a86f-de50a28a6125,ashby,voleon,27f604ea-306f-4c8e-a86f-de50a28a6125
378,rejected,,from the board,Regeringskansliet söker Rättssakkunniga till Finansdepartementet,sweden,Stockholm,,https://jobbsafari.se/jobb/regeringskansliet-soker-rattssakkunniga-till-finansdepartementet-sasrb-20489306,jobbsafari,sweden,20489306
379,,,,"National Accounts Associate, Broker Dealer Business Development",investx.com,,Distribution,https://investx.bamboohr.com/careers/154,bamboohr,investx,154
380,,,,Senior Financial Analyst,bbh.com,Boston,,https://bbh.wd5.myworkdayjobs.com/en-US/BBH/job/Boston/Senior-Financial-Analyst_71978,workday,bbh|wd5|BBH,/job/Boston/Senior-Financial-Analyst_71978
381,,,,MENA Equities Quantitative Researcher,winton.com,"Abu Dhabi, United Arab Emirates",IMR,https://job-boards.eu.greenhouse.io/winton/jobs/4047683101,greenhouse,winton,4047683101
382,,,,"Associate, Private Capital Markets",capitaland.com,"Singapore, Central Singapore",,https://capitaland.wd3.myworkdayjobs.com/en-US/CapitaLandGroup/job/Singapore-Central-Singapore/Associate--Private-Capital-Markets_JR004902,workday,capitaland|wd3|CapitaLandGroup,/job/Singapore-Central-Singapore/Associate--Private-Capital-Markets_JR004902
383,,,,"Sr. Data Scientist, Programmatic Algorithms",impact.com,"New York City, NY",Product,https://job-boards.greenhouse.io/impact/jobs/8427973002,greenhouse,impact,8427973002
384,,,,"Investment Banking Associate, Capital Markets - New York",moelis.com,New York,,https://moelis.wd1.myworkdayjobs.com/en-US/Experienced-Hires/job/New-York/Investment-Banking-Associate--Capital-Markets---New-York_REQ102205-1,workday,moelis|wd1|Experienced-Hires,/job/New-York/Investment-Banking-Associate--Capital-Markets---New-York_REQ102205-1
385,,,,IT Software Asset Management Specialist,trustage.com,"Madison, WI",,https://trustage.wd1.myworkdayjobs.com/en-US/TruStage/job/Madison-WI/IT-Software-Asset-Management-Specialist_R-011950-1,workday,trustage|wd1|TruStage,/job/Madison-WI/IT-Software-Asset-Management-Specialist_R-011950-1
386,,,,"Equity Research Analyst - U.S. Small & Mid-Cap Quality Strategy, KAR",kayne.com,"Los Angeles, CA",,https://virtus.wd5.myworkdayjobs.com/en-US/KayneCareers/job/Los-Angeles-CA/Equity-Research-Analyst---US-Small---Mid-Cap-Quality-Strategy--KAR_R783-1,workday,virtus|wd5|KayneCareers,/job/Los-Angeles-CA/Equity-Research-Analyst---US-Small---Mid-Cap-Quality-Strategy--KAR_R783-1
387,,,,Experienced DI Trader,gelbergroup.com,"Amsterdam, North Holland, Netherlands",Trading,https://job-boards.greenhouse.io/gelbergroup/jobs/4656676006,greenhouse,gelbergroup,4656676006
388,rejected,,from the board,IT-upphandlare till Solna stad,sweden,Solna,,https://jobbsafari.se/jobb/it-upphandlare-till-solna-stad-sasrb-20502839,jobbsafari,sweden,20502839
389,,,,Datacentre Operations Engineer,xtxmarkets.com,"Singapore, Central, Singapore",Datacentre,https://job-boards.greenhouse.io/xtxmarketstechnologies/jobs/7645996003,greenhouse,xtxmarketstechnologies,7645996003
390,,,,Software Engineer,simplextrading.com,Chicago,Development,https://job-boards.greenhouse.io/simplextrading/jobs/4409005008,greenhouse,simplextrading,4409005008
391,,,,"AI Engineering, TIFIN.ai",tifin.com,"Boulder, CO",Product + Engineering,https://tifin.com/careers/apply/?gh_jid=5818272004,greenhouse,tifin,5818272004
392,,,,Medium Frequency Quantitative Researcher ,tudor.com,"New York City, London, Singapore",Macro Pipeline,https://job-boards.greenhouse.io/tudorgroup/jobs/5358422,greenhouse,tudorgroup,5358422
393,,,,Quantitative Data Analyst,lazard.com,"Boston, United States",,https://icbpjb.fa.ocs.oraclecloud.com/hcmUI/CandidateExperience/en/sites/LazardProfessionalCareers/job/6148,oracle_hcm,icbpjb.fa.ocs.oraclecloud.com|LazardProfessionalCareers,6148
394,,,,Summer 2027 Portfolio Management Analyst,harrisonst.com,"Chicago,  IL",Portfolio Management,https://jobs.lever.co/harrisonst/15b41728-9422-462c-8be2-297612048644,lever,harrisonst,15b41728-9422-462c-8be2-297612048644
395,,,,AP3 söker två globala aktieförvaltare,ap3.se,"Stockholm, Sweden",Kapitalförvaltning,https://karriar.ap3.se/jobs/8166837-ap3-soker-tva-globala-aktieforvaltare,teamtailor,karriar.ap3.se,694c0d71-b293-4ac9-817a-d3975fd97ea1
396,,,,Summer Intern 2027 - Quantitative Trader,fiverings.com,New York,Quantitative Trading,https://job-boards.greenhouse.io/fiveringsllc/jobs/5139668008,greenhouse,fiveringsllc,5139668008
397,,,,Trainee Broker- CHN Deliverable Forwards (Mandarin Speaking),tpicap.com,Hong Kong,,https://tp.wd107.myworkdayjobs.com/en-US/TP-ICAP/job/Hong-Kong/Trainee-Broker--CHN-DF--Native-Mandarin-Speaking-_R5606,workday,tp|wd107|TP-ICAP,/job/Hong-Kong/Trainee-Broker--CHN-DF--Native-Mandarin-Speaking-_R5606
398,,,,"Investment Banking Analyst- Real Assets Debt Advisory (London, UK)",alantra.com,UK - London,,https://alantra.wd3.myworkdayjobs.com/en-US/Alantra/job/UK---London/Investment-Banking-Analyst--Real-Assets-Debt-Advisory--London--UK-_JR454,workday,alantra|wd3|Alantra,/job/UK---London/Investment-Banking-Analyst--Real-Assets-Debt-Advisory--London--UK-_JR454
399,rejected,,from the board,Kassa/Service,sweden,Stockholm,,https://jobbsafari.se/jobb/kassaservice-sasrb-20442213,jobbsafari,sweden,20442213
400,,,,Fund Accounting Oversight Specialist – Private Markets,mandg.com,2 Locations,,https://mgpru.wd3.myworkdayjobs.com/en-US/mandgprudential/job/London/Fund-Accounting-Oversight-Specialist---Private-Markets_R19514,workday,mgpru|wd3|mandgprudential,/job/London/Fund-Accounting-Oversight-Specialist---Private-Markets_R19514
401,,,,Portfolio Implementation Associate,alliancebernstein.com,"Nashville, Tennessee",,https://abglobal.wd1.myworkdayjobs.com/en-US/alliancebernsteincareers/job/Nashville-Tennessee/Portfolio-Implementation-Associate_R0018821,workday,abglobal|wd1|alliancebernsteincareers,/job/Nashville-Tennessee/Portfolio-Implementation-Associate_R0018821
402,,,,Senior AI Engineer,dawncapital.com,"New York, New York, USA",Engineering,https://www.collibra.com/us/en/company/careers/job-listing/?gh_jid=8132499,greenhouse,collibra,8132499
403,,,,Data Management Analyst – AI Governance (12 Month FTC),priceforbes.com,"Ardonagh Specialty, London, United Kingdom",Ardonagh Specialty - IT,https://ardonaghspeciality.teamtailor.com/jobs/8032109-data-management-analyst-ai-governance-12-month-ftc,teamtailor,ardonaghspeciality,81a07d22-604d-4f60-8530-9a82fff7655a
404,,,,"Sr. Data Scientist, Translational Research",lightbank.com,Chicago; Redwood City; New York City,,https://tempus.wd5.myworkdayjobs.com/en-US/Tempus_Careers/job/Chicago/Sr-Data-Scientist--Translational-Research_JR202600424,workday,tempus|wd5|Tempus_Careers,/job/Chicago/Sr-Data-Scientist--Translational-Research_JR202600424
405,rejected,,mechanical engieering job,Thermal - Fluids Analyst I / II,reveillevc.com,Los Angeles,Reactor Hardware Engineering,https://jobs.ashbyhq.com/Antares/13b0d7cc-152f-4a1a-a28a-c09ba92e0096,ashby,Antares,13b0d7cc-152f-4a1a-a28a-c09ba92e0096
406,,,,Trader (Physical Commodity/ Sales exp/ No exp welcomed!),singapore,"Singapore, D02 Anson, Tanjong Pagar",,https://www.mycareersfuture.gov.sg/job/sales/trader-trust-recruit-00234fb9092f0aeacdc93c10deb7a7fa,mycareersfuture,singapore,00234fb9092f0aeacdc93c10deb7a7fa
407,,,,Senior Credit Risk Analyst,btv.vc,"New York, NY",Credit & Risk,https://job-boards.greenhouse.io/coast/jobs/6161102004,greenhouse,coast,6161102004
408,rejected,,from the board,Business Controller,sweden,Södertälje,,https://jobbsafari.se/jobb/business-controller-sssca-20495957,jobbsafari,sweden,20495957
409,rejected,,physics job,"Senior Software Engineer, Multiphysics Simulation",reveillevc.com,Los Angeles,Nuclear Engineering,https://jobs.ashbyhq.com/Antares/f9c1158a-55db-4a6c-91a0-36a6f7f57869,ashby,Antares,f9c1158a-55db-4a6c-91a0-36a6f7f57869
410,,,,Senior Underwriter - North America Casualty Reinsurance,axiscapital.com,5 Locations,,https://axiscapital.wd1.myworkdayjobs.com/en-US/axiscareers/job/New-York-NY/Senior-Underwriter---North-America-Casualty-Reinsurance_REQ06678,workday,axiscapital|wd1|axiscareers,/job/New-York-NY/Senior-Underwriter---North-America-Casualty-Reinsurance_REQ06678
411,,,,"Associate, Asset Management",quadreal.com,London,,https://quadreal.wd10.myworkdayjobs.com/en-US/quadreal/job/London/Associate--Asset-Management_R0006883,workday,quadreal|wd10|quadreal,/job/London/Associate--Asset-Management_R0006883
412,,,,Senior Trading Associate,kaleelcompany.com,"Hybrid - Dallas, TX",Trading Operations,https://job-boards.greenhouse.io/fartherfinance/jobs/4673926005,greenhouse,fartherfinance,4673926005
413,,,,"Institutional Distribution Associate, Digital Assets",galaxy.com,"New York, NY",Trading,https://job-boards.greenhouse.io/galaxydigitalservices/jobs/6114560004,greenhouse,galaxydigitalservices,6114560004
414,,,,Market Data Administrator,rothschildandco.com,London,,https://rothschildandco.wd3.myworkdayjobs.com/en-US/RothschildAndCo_Lateral/job/London/Market-Data-Administrator_JR016217,workday,rothschildandco|wd3|RothschildAndCo_Lateral,/job/London/Market-Data-Administrator_JR016217
415,rejected,,from the board,Två kundansvariga redovisningskonsulter till affärsområde Värdepapper / KC,sweden,Stockholm,,https://jobbsafari.se/jobb/tva-kundansvariga-redovisningskonsulter-till-affarsomrade-vardepapper-kc-sasrb-20431263,jobbsafari,sweden,20431263
416,,,,Securities Services Operations Associate SR,umb.com,Kansas City MO; St. Louis MO; Milwaukee WI; DE - Wilmington - 405 Silverside Road,,https://umb.wd1.myworkdayjobs.com/en-US/UMBExternal/job/Kansas-City-MO/Securities-Services-Operations-Associate-SR_R-9246,workday,umb|wd1|UMBExternal,/job/Kansas-City-MO/Securities-Services-Operations-Associate-SR_R-9246
417,,,,Quantitative Researcher | Trading Team,jumptrading.com,London,Front Office ,https://www.jumptrading.com/hr/job?gh_jid=3115552,greenhouse,jumptrading,3115552
418,,,,Treasury Coordinator,berkshireresidentialinvestments.com,Boston Headquarters,Treasury,https://job-boards.greenhouse.io/berkshiregroupllc/jobs/4358059009,greenhouse,berkshiregroupllc,4358059009
419,,,,Software Engineer: State Estimation & Prediction,inflection.fund,"Los Angeles, US",Engineering,https://job-boards.eu.greenhouse.io/lodestarspace/jobs/4661398101,greenhouse,lodestarspace,4661398101
420,,,,Product Controller,caxton.com,,Finance,https://apply.workable.com/j/00D89B4A7E,workable,caxton,00D89B4A7E
421,,,,Experienced Software Engineer - US,ctceurope.com,"Chicago, Illinois, United States; New York, New York, United States",Technology,https://job-boards.greenhouse.io/chicagotrading/jobs/4369884005,greenhouse,chicagotrading,4369884005
422,,,,Machine Learning Researcher,janestreet.com,"New York, New York, United States",Machine Learning,https://www.janestreet.com/join-jane-street/apply/4276720002?gh_jid=4276720002,greenhouse,janestreet,4276720002
423,,,,Quantitative Developer,midpointmarkets.com,"San Francisco, Japan, Australia, New Zealand, South Korea, Singapore, UAE, Israel, EU",Development,https://job-boards.greenhouse.io/midpointmarkets/jobs/4955615008,greenhouse,midpointmarkets,4955615008
424,,,,Quantitative Researcher,omico.net,"New York, NY, United States",Trading,https://www.oldmissioncapital.com/careers/?gh_jid=4461365003,greenhouse,oldmissioncapital,4461365003
425,,,,Quantitative Trader ,itgeurope.com,Singapore,Trading,https://job-boards.greenhouse.io/virtu/jobs/4232867002,greenhouse,virtu,4232867002
426,rejected,,accounting job,Fund Accounting (Asset Management) / 회계 (자산운용관리) (AM6),esr.com,,Korea,https://apply.workable.com/j/FBDB802E68,workable,esr-group,FBDB802E68
427,,,,Quantitative Trader,omico.net,London,Trading,https://www.oldmissioncapital.com/careers/?gh_jid=4455441003,greenhouse,oldmissioncapital,4455441003
428,,,,Senior Quantitative Researcher - Interest Rates,transmarketgroup.com,"Chicago, Illinois, United States",Quantitative Trading,https://job-boards.greenhouse.io/transmarketgroup/jobs/5151557007?gh_jid=5151557007,greenhouse,transmarketgroup,5151557007
429,,,,Senior Analyst,invesco.com,"London, London",,https://invesco.wd1.myworkdayjobs.com/en-US/IVZ/job/London-London/Senior-Analyst_R-15073,workday,invesco|wd1|IVZ,/job/London-London/Senior-Analyst_R-15073
430,rejected,,from the board,Inköpare för UBW Inköp support,openings.incluso.se,"Stockholm, Stockholms län",Inköpare,https://arbetsformedlingen.se/platsbanken/annonser/31370154,jobtech,jobstream,31370154
431,rejected,,from the board,Oil & Gas Analyst,singapore,"Singapore, D09 Cairnhill, Orchard, River Valley",,https://www.mycareersfuture.gov.sg/job/others/oil-gas-analyst-hartree-partners-singapore-cf8105b4c307834711d917683bcd9492,mycareersfuture,singapore,cf8105b4c307834711d917683bcd9492
432,,,,"Senior Data Scientist, Costing",cherry.vc,"Waltham, MA",Data Science and Engineering ,https://job-boards.greenhouse.io/xometry/jobs/4774824007,greenhouse,xometry,4774824007
433,rejected,,phd required,"PhD Degree Required - Quantitative Analyst/Programmer, Mortgage Trading Desk (RMBS)",cerberus.com,"New York, NY",,https://cerberus.wd1.myworkdayjobs.com/en-US/CerberusCareers/job/New-York-NY/PhD-Degree-Required---Quantitative-Analyst-Programmer--Mortgage-Trading-Desk--RMBS-_R1616,workday,cerberus|wd1|CerberusCareers,/job/New-York-NY/PhD-Degree-Required---Quantitative-Analyst-Programmer--Mortgage-Trading-Desk--RMBS-_R1616
434,,,,Investment Grade Corporate Trader,westernasset.com,"Pasadena, California, United States of America",,https://franklintempleton.wd5.myworkdayjobs.com/en-US/Jobs-WAM/job/Pasadena-California-United-States-of-America/Trader_867386,workday,franklintempleton|wd5|Jobs-WAM,/job/Pasadena-California-United-States-of-America/Trader_867386
435,,,,Legal Structuring - Infrastructure Investments,pantheon.com,"New York, New York, United States",Investment,https://job-boards.greenhouse.io/pantheonpublic/jobs/8653498002,greenhouse,pantheonpublic,8653498002
436,,,,AI Architect,seic.com,USA - PA - Oaks,,https://seic.wd1.myworkdayjobs.com/en-US/SEI_Global_Services/job/USA---PA---Oaks/AI-Architect_R0036615,workday,seic|wd1|SEI_Global_Services,/job/USA---PA---Oaks/AI-Architect_R0036615
437,,,,"Senior Analyst, Healthcare Capital Markets",transwesterninvest.com,"Remote - Florida; Houston, TX; Dallas, TX",,https://transwestern.wd1.myworkdayjobs.com/en-US/TWCareers/job/Remote---Florida/Senior-Analyst--Healthcare-Capital-Markets_R0006234,workday,transwestern|wd1|TWCareers,/job/Remote---Florida/Senior-Analyst--Healthcare-Capital-Markets_R0006234
438,,,,Trader - Program Trading & FX Team,artisanpartnersuk.com,"San Francisco, CA",Investments,https://www.artisanpartners.com/careers/career-opportunities.html?gh_jid=7927183,greenhouse,artisanpartners,7927183
439,rejected,,from the board,Inköpare för UBW Inköp support,sweden,Stockholm,,https://jobbsafari.se/jobb/inkopare-for-ubw-inkop-support-sasrb-20502283,jobbsafari,sweden,20502283
440,,,,Quantitative Researcher - Systematic ,ctceurope.com,"Chicago, Illinois, United States; New York, New York, United States",Trading & Quant,https://job-boards.greenhouse.io/chicagotrading/jobs/4564801005,greenhouse,chicagotrading,4564801005
441,,,,"Associate, Investment & Markets Research",bbrpartners.com,"New York, NY",Investment Research,https://www.bbrpartners.com/careers/positions/?gh_jid=8035621,greenhouse,bbrpartners,8035621
442,,,,Portfolio Engineer,bridgewater.com,"Westport, CT ",Investment Implementation,https://job-boards.greenhouse.io/bridgewater89/jobs/8750665002,greenhouse,bridgewater89,8750665002
443,rejected,,ib job - telltale is asking for ib experience word and excel,Equity Capital Markets - Associate,rothschildandco.com,London,,https://rothschildandco.wd3.myworkdayjobs.com/en-US/RothschildAndCo_Lateral/job/London/Private-Equity-Capital-Markets---Associate_JR014712,workday,rothschildandco|wd3|RothschildAndCo_Lateral,/job/London/Private-Equity-Capital-Markets---Associate_JR014712
444,,,,Senior Data Scientist,trustbank.sg,Singapore,Technology,https://job-boards.greenhouse.io/trustbank/jobs/7792231003,greenhouse,trustbank,7792231003
445,,,,"Senior Quantitative Researcher, Options",teza.com,London,Research,https://jobs.ashbyhq.com/teza-technologies/2001ca6c-5588-49d0-9cb6-8626492571c2,ashby,teza-technologies,2001ca6c-5588-49d0-9cb6-8626492571c2
446,,,,Senior AI Compute Infrastructure Engineer,payward.com,United Kingdom,Engineering,https://jobs.ashbyhq.com/kraken.com/055adaf0-a15b-40f3-89ab-dc5ab4fa719e,ashby,kraken.com,055adaf0-a15b-40f3-89ab-dc5ab4fa719e
447,,,,Senior Catastrophe Modelling Analyst,insurance.archgroup.com,"London, United Kingdom",,https://archgroup.wd1.myworkdayjobs.com/en-US/careers/job/London-United-Kingdom/Senior-Catastrophe-Modelling-Analyst_R26_622,workday,archgroup|wd1|careers,/job/London-United-Kingdom/Senior-Catastrophe-Modelling-Analyst_R26_622
448,,,,"Analyst, MBS Trader",conning.com,"Hartford, CT",,https://conning.wd503.myworkdayjobs.com/en-US/conningcareers/job/Hartford-CT/VP--ABS-Trader_JR1123,workday,conning|wd503|conningcareers,/job/Hartford-CT/VP--ABS-Trader_JR1123
449,,,,Senior Underwriter/Data Scientist - London,descartesunderwriting.com,"London, United Kingdom",Underwriting,https://careers.descartesunderwriting.com/jobs/5449832-senior-underwriter-data-scientist-london,teamtailor,careers.descartesunderwriting.com,061b4d3a-f008-43c4-9be4-ea069875e464
450,rejected,,real estate job,"Associate, Brokerage",jll.com,"Denver, CO",,https://jll.wd1.myworkdayjobs.com/en-US/jllcareers/job/Denver-CO/Associate--Brokerage_REQ513703-1,workday,jll|wd1|jllcareers,/job/Denver-CO/Associate--Brokerage_REQ513703-1
451,,,,Digital Deployment Engineer,jll.com,"Chandler, AZ; Hillsboro, OR",,https://jll.wd1.myworkdayjobs.com/en-US/jllcareers/job/Chandler-AZ/Digital-Deployment-Engineer_REQ531519-1,workday,jll|wd1|jllcareers,/job/Chandler-AZ/Digital-Deployment-Engineer_REQ531519-1
452,,,,Product Performance Actuary ,ethos.com,Remote US,Actuarial,https://job-boards.greenhouse.io/ethoslife/jobs/8574159002,greenhouse,ethoslife,8574159002
453,rejected,,from the board,Kampanjplanerare till Hemköp!,sweden,Stockholm,,https://jobbsafari.se/jobb/kampanjplanerare-till-hemkop-sasrb-20494816,jobbsafari,sweden,20494816
454,,,,Treasury Processor,oneamerica.com,Indianapolis Tower,Accounting & Finance,https://recruiting.ultipro.com/ONE1003ONEA/JobBoard/02f5e999-587f-441c-83e0-b6effa8094b2/OpportunityDetail?opportunityId=1a156300-240c-4bdc-8e74-7ca17caab3c1,ukg,ONE1003ONEA|02f5e999-587f-441c-83e0-b6effa8094b2,1a156300-240c-4bdc-8e74-7ca17caab3c1
455,,,,"Investor Relations Analyst - Atlanta, GA",cortland.com,"Atlanta, Georgia, United States",Client Relations and Capital Markets,https://job-boards.greenhouse.io/cortland/jobs/4294722009,greenhouse,cortland,4294722009
456,,,,Quant Researcher,bluecrestcapital.com,"Singapore, Central Singapore, Singapore",Technology - QR,https://job-boards.greenhouse.io/bluecrestcapitalmanagement/jobs/7763385003,greenhouse,bluecrestcapitalmanagement,7763385003
457,,,,Experienced Trader (DV Commodities),dvtrading.co,New York,DV Commodities,https://job-boards.greenhouse.io/dvtrading/jobs/4219811005,greenhouse,dvtrading,4219811005
458,,,,"NPL/RPL Trader, Analyst/Associate ",pretium.com,"New York, New York",Residential Credit,https://job-boards.greenhouse.io/pretiumpartnersllc/jobs/8702062002,greenhouse,pretiumpartnersllc,8702062002
459,,,,Pricing and Offer Strategy Senior Analyst,ambitenergy.com,"Irving, Texas",,https://vst.wd5.myworkdayjobs.com/en-US/vistra_careers/job/Irving-Texas/Pricing-and-Offer-Strategy-Senior-Analyst_40016125-2,workday,vst|wd5|vistra_careers,/job/Irving-Texas/Pricing-and-Offer-Strategy-Senior-Analyst_40016125-2
460,,,,Product Specialist Solutions - Associate ,icapitalnetwork.com,US CO - Colorado Springs,Compliance Solutions,https://job-boards.greenhouse.io/icapitalnetwork/jobs/8615832002,greenhouse,icapitalnetwork,8615832002
461,,,,Quantitative Technologist (Full-Time - C++ Developer) ,radixtrading.com,"Chicago, New York, Amsterdam",Research Technology & Trading Systems,https://job-boards.greenhouse.io/radixuniversity/jobs/8500240002,greenhouse,radixuniversity,8500240002
462,,,,Senior Investment Consultant,marshmma.com,Chicago - 155 Wacker; St. Louis - 800 Market; Minneapolis - South Seventh,,https://mmc.wd1.myworkdayjobs.com/en-US/MMC/job/Chicago---155-Wacker/Senior-Investment-Consultant-III_R_356324,workday,mmc|wd1|MMC,/job/Chicago---155-Wacker/Senior-Investment-Consultant-III_R_356324
463,,,,Graduate Quantitative Trader,blackedge.com,Chicago,Trading,https://job-boards.greenhouse.io/blackedgecapital/jobs/4703824005,greenhouse,blackedgecapital,4703824005
464,,,,"Associate - Finance (Revenue, Treasury & Analytics)",pjtpartners.com,London,,https://pjtpartners.wd1.myworkdayjobs.com/en-US/Careers/job/London/Associate---Finance--Revenue--Treasury---Analytics-_R0003298,workday,pjtpartners|wd1|Careers,/job/London/Associate---Finance--Revenue--Treasury---Analytics-_R0003298
465,,,,Treasury Implementation Consultant (German-Speaking),castleisland.vc,"London, UK",Service & Delivery,https://ripple.com/careers/all-jobs/job/8009442?gh_jid=8009442,greenhouse,ripple,8009442
466,relevant,junior_0_2,perfect match,Quantitative Equity Researcher,seic.com,GBR - London,,https://seic.wd1.myworkdayjobs.com/en-US/SEI_Global_Services/job/GBR---London/Quantitative-Equity-Researcher_R0034268-1,workday,seic|wd1|SEI_Global_Services,/job/GBR---London/Quantitative-Equity-Researcher_R0034268-1
467,,,,Sales Trader (Scandinavian Markets),otcflow.com,Amsterdam,Sales,https://otcflow.bamboohr.com/careers/174,bamboohr,otcflow,174
468,,,,Quantitative Researcher,midpointmarkets.com,"San Francisco, Japan, Australia, New Zealand, South Korea, Singapore, UAE, Israel, EU",Research,https://job-boards.greenhouse.io/midpointmarkets/jobs/4955603008,greenhouse,midpointmarkets,4955603008
469,,,,Quantitative Developer,vaticlabs.ai,New York,Quantitative Research & Trading,https://job-boards.greenhouse.io/vaticlabs/jobs/598228,greenhouse,vaticlabs,598228
470,,,,Senior Research Analyst,russellinvestments.com,London,,https://russell.wd5.myworkdayjobs.com/en-US/russellinvestments/job/London/Senior-Research-Analyst_R-04081-1,workday,russell|wd5|russellinvestments,/job/London/Senior-Research-Analyst_R-04081-1
471,rejected,,from the board,Make-Ready Specialist - The Trestles Apartments,greystar.com,"The Trestles Apartments, Stafford, TX",,https://greystar.wd1.myworkdayjobs.com/en-US/External/job/The-Trestles-Apartments-Stafford-TX/Make-Ready-Specialist---The-Trestles-Apartments_R0196975,workday,greystar|wd1|External,/job/The-Trestles-Apartments-Stafford-TX/Make-Ready-Specialist---The-Trestles-Apartments_R0196975
472,,,,Trade Support Specialist,brevanhoward.com,London (82),,https://wd3.myworkdaysite.com/en-US/BH_ExternalCareers/job/London-82/Trade-Support-Specialist_JR101535-2,workday,brevanhoward|wd3|BH_ExternalCareers|myworkdaysite.com,/job/London-82/Trade-Support-Specialist_JR101535-2
473,rejected,,from the board,Regeringskansliet söker Rättssakkunniga till Finansdepartementet,regeringen.se,"Stockholm, Stockholms län",Kanslijurist,https://arbetsformedlingen.se/platsbanken/annonser/31350628,jobtech,jobstream,31350628
474,rejected,,from the board,China Economy & Government Reporter - Singapore,singapore,"Singapore, D01 Marina, Raffles Place, People's Park, Cecil",,https://www.mycareersfuture.gov.sg/job/banking-finance/china-economy-government-reporter-singapore-bloomberg-singapore-18c7d2616aa2ded5fb6046531e97f543,mycareersfuture,singapore,18c7d2616aa2ded5fb6046531e97f543
475,rejected,,from the board,Corporate Secretary,coeli.com,Coeli Stockholm HK,,https://coeli.careers.haileyhr.app/sv-SE/job/e632dcb6-8606-4468-a51c-fb374ee6acf5/1af507ea-37eb-4071-8c15-025b97a5ed1b/97aaa720-2bcb-41ab-acba-b3b3d00d2264,hailey,coeli,1af507ea-37eb-4071-8c15-025b97a5ed1b
476,,,,Risk Modelling Data Expert,ayvens.com,Amsterdam; Paris; Madrid Majadahonda,,https://ayvens.wd3.myworkdayjobs.com/en-US/AyvensCareers/job/Amsterdam/Risk-Modelling-Data-Expert_JR_10040116-2,workday,ayvens|wd3|AyvensCareers,/job/Amsterdam/Risk-Modelling-Data-Expert_JR_10040116-2
477,,,,Research & Portfolio Management Engineer - Specialized Investments Group,aqr.com,"Greenwich, CT",Engineering,https://careers.aqr.com/jobs?gh_jid=7943790&gh_jid=7943790,greenhouse,aqr,7943790
478,,,,"Analyst, Private Credit - Portfolio & Account Management",antares.com,Atlanta,,https://antares.wd5.myworkdayjobs.com/en-US/antares/job/Atlanta/Analyst--Private-Credit---Portfolio---Account-Management_R628,workday,antares|wd5|antares,/job/Atlanta/Analyst--Private-Credit---Portfolio---Account-Management_R628
479,,,,Equity Research Analyst - US Healthcare,lazard.com,"New York, United States",,https://icbpjb.fa.ocs.oraclecloud.com/hcmUI/CandidateExperience/en/sites/LazardProfessionalCareers/job/6406,oracle_hcm,icbpjb.fa.ocs.oraclecloud.com|LazardProfessionalCareers,6406
480,,,,"Associate, Strategic Partnerships",ares.com,"New York, NY",,https://aresmgmt.wd1.myworkdayjobs.com/en-US/External/job/New-York-NY/Senior-Associate--Strategic-Partnerships_R7402,workday,aresmgmt|wd1|External,/job/New-York-NY/Senior-Associate--Strategic-Partnerships_R7402
481,rejected,,devops is pure dev role - worse than quant dev,Senior DevOps Engineer - Trading Platforms,pepperstone.com,,IT,https://apply.workable.com/j/4CB0F0B29E,workable,pepperstone,4CB0F0B29E
482,,,,Portfolio Controller,rclco.com,"Los Angeles, Denver",RCLCO Fund Advisors,https://job-boards.greenhouse.io/rclco/jobs/8134251,greenhouse,rclco,8134251
483,,,,Market Data Sr. Java Developer,mizuhogroup.com,"New York, NY (1271 AOA/6th Ave)",,https://mizuho.wd1.myworkdayjobs.com/en-US/mizuhoamericas/job/New-York-NY-1271-AOA6th-Ave/Market-Data-Sr-Java-Developer_R6948,workday,mizuho|wd1|mizuhoamericas,/job/New-York-NY-1271-AOA6th-Ave/Market-Data-Sr-Java-Developer_R6948
484,rejected,,from the board,Software Engineer,jobstream,"Stockholm, Stockholms län",Backend-utvecklare,https://arbetsformedlingen.se/platsbanken/annonser/31360554,jobtech,jobstream,31360554
485,rejected,,from the board,Inköpare med fokus på UBW-support,jobs.avaron.se,"Stockholm, Stockholms län",Inköpare,https://arbetsformedlingen.se/platsbanken/annonser/31366824,jobtech,jobstream,31366824
486,rejected,,this is a real estate brokerage job,Brokerage Coordinator,transwesterninvest.com,"Washington, DC",,https://transwestern.wd1.myworkdayjobs.com/en-US/TWCareers/job/Washington-DC/Brokerage-Coordinator_R0006287-1,workday,transwestern|wd1|TWCareers,/job/Washington-DC/Brokerage-Coordinator_R0006287-1
487,,,,"Agentic Product Builder, Sr. Associate - State Street Investment Managment",statestreet.com,"Boston, Massachusetts",,https://statestreet.wd1.myworkdayjobs.com/en-US/Global/job/Boston-Massachusetts/Agentic-Product-Builder--Sr-Associate---State-Street-Investment-Managment_R-796094,workday,statestreet|wd1|Global,/job/Boston-Massachusetts/Agentic-Product-Builder--Sr-Associate---State-Street-Investment-Managment_R-796094
488,rejected,,from the board,"Market Head, Nordics",sweden,Stockholm,,https://jobbsafari.se/jobb/market-head-nordics-scsom-20500030,jobbsafari,sweden,20500030
489,,,,Sr. Treasury ALM & Analytics Analyst ,toyotafinancial.com,"Plano, Texas",,https://toyota.wd503.myworkdayjobs.com/en-US/TMNA/job/Plano-Texas/Sr-Treasury-ALM---Analytics-Analyst-_10331282,workday,toyota|wd503|TMNA,/job/Plano-Texas/Sr-Treasury-ALM---Analytics-Analyst-_10331282
490,,,,Trade Support Specialist,brevanhoward.com,Singapore,,https://wd3.myworkdaysite.com/en-US/BH_ExternalCareers/job/Singapore/Trade-Support-Specialist_JR101539,workday,brevanhoward|wd3|BH_ExternalCareers|myworkdaysite.com,/job/Singapore/Trade-Support-Specialist_JR101539
491,rejected,,this is a real estate brokerage job,Brokerage Coordinator,transwesterninvest.com,"Edina, MN",,https://transwestern.wd1.myworkdayjobs.com/en-US/TWCareers/job/Edina-MN/Brokerage-Coordinator_R0006268,workday,transwestern|wd1|TWCareers,/job/Edina-MN/Brokerage-Coordinator_R0006268
492,,,,"Intern, Trading - ALM (Jan - Jun 2027)",qcpgroup.com,,Trading - ALM,https://apply.workable.com/j/4599D0F542,workable,qcp-group,4599D0F542
493,,,,"Controller, Investment Operations",ondo.finance,Remote,Operations,https://job-boards.greenhouse.io/ondofinance/jobs/4297169009,greenhouse,ondofinance,4297169009
494,,,,Machine Learning Research (Intern),pinely.com,,Research,https://apply.workable.com/j/4B5411E50B,workable,pinely,4B5411E50B
495,,,,Assistant Controller - Fund Accounting,summittxcapital.com,New York,Firm - Accounting,https://summittx.bamboohr.com/careers/26,bamboohr,summittx,26
496,,,,Senior Trading Support Engineer,eclipsetrading.com,Hong Kong,IT - Support ,https://job-boards.greenhouse.io/eclipsetrading/jobs/8086187002,greenhouse,eclipsetrading,8086187002
497,,,,"Analyst, Portfolio Management",capitaland.com,"Singapore, Central Singapore",,https://capitaland.wd3.myworkdayjobs.com/en-US/CapitaLandGroup/job/Singapore-Central-Singapore/Analyst--Portfolio-Management_JR004816-2,workday,capitaland|wd3|CapitaLandGroup,/job/Singapore-Central-Singapore/Analyst--Portfolio-Management_JR004816-2
498,,,,Investment Risk Analyst - Risk Analytics & Modelling,mandg.com,London; Edinburgh,,https://mgpru.wd3.myworkdayjobs.com/en-US/mandgprudential/job/London/Investment-Risk-Analyst---Risk-Analytics---Modelling_R20240,workday,mgpru|wd3|mandgprudential,/job/London/Investment-Risk-Analyst---Risk-Analytics---Modelling_R20240
499,rejected,,from the board,Make-Ready Specialist - The Kelley at Samuels Avenue,greystar.com,"The Kelley at Samuels Avenue, Fort Worth, TX",,https://greystar.wd1.myworkdayjobs.com/en-US/External/job/The-Kelley-at-Samuels-Avenue-Fort-Worth-TX/Make-Ready-Specialist---The-Kelley-at-Samuels-Avenue_R0197057,workday,greystar|wd1|External,/job/The-Kelley-at-Samuels-Avenue-Fort-Worth-TX/Make-Ready-Specialist---The-Kelley-at-Samuels-Avenue_R0197057
500,,,,"Data Engineer II (AWS, Python, SQL)",travelers.com,2 Locations,,https://travelers.wd5.myworkdayjobs.com/en-US/External/job/CT---Hartford/Data-Engineer-II--AWS--Python--SQL-_R-51507,workday,travelers|wd5|External,/job/CT---Hartford/Data-Engineer-II--AWS--Python--SQL-_R-51507
501,,,,Finance intern (Treasury),airbus.com,Beijing Area,,https://ag.wd3.myworkdayjobs.com/en-US/Airbus/job/Beijing-Area/Finance-intern--Treasury-_JR10435653,workday,ag|wd3|Airbus,/job/Beijing-Area/Finance-intern--Treasury-_JR10435653
502,,,,Lean Portfolio Management Expert,techrytera.se,"Stockholm, Stockholms län",Verksamhetsutvecklare,https://arbetsformedlingen.se/platsbanken/annonser/31390473,jobtech,jobstream,31390473
503,,,,"Markets Capital Optimization Analyst, Officer",statestreet.com,"Boston, Massachusetts",,https://statestreet.wd1.myworkdayjobs.com/en-US/Global/job/Boston-Massachusetts/Markets-Capital-Optimization-Analyst--Officer_R-788670,workday,statestreet|wd1|Global,/job/Boston-Massachusetts/Markets-Capital-Optimization-Analyst--Officer_R-788670
504,,,,"Senior Analyst, Asset Management - Industrial",s2cp.com,"Houston, TX",,https://s2cp.wd5.myworkdayjobs.com/en-US/s2capital/job/Houston-TX/Senior-Analyst--Asset-Management---Industrial_JR101371-1,workday,s2cp|wd5|s2capital,/job/Houston-TX/Senior-Analyst--Asset-Management---Industrial_JR101371-1
505,,,,Senior Data Scientist,northmill.com,"Stockholm, Sweden",Analytics & Credit,https://careers.northmill.com/jobs/8258034-senior-data-scientist,teamtailor,careers.northmill.com,916b99a4-19df-43b9-9159-6557c002b98b
506,,,,Sales Structured Solutions Financial Institutions,vontobel.com,"Hong Kong AM / 1901 Gloucester Tower, The Landmark, 15 Queen's Road",,https://vontobel.wd3.myworkdayjobs.com/en-US/Vontobel_External_Career/job/Hong-Kong-AM--1901-Gloucester-Tower-The-Landmark-15-Queens-Road/Sales-Structured-Solutions-Financial-Institutions_9304-2,workday,vontobel|wd3|Vontobel_External_Career,/job/Hong-Kong-AM--1901-Gloucester-Tower-The-Landmark-15-Queens-Road/Sales-Structured-Solutions-Financial-Institutions_9304-2
507,,,,"2026 Summer Associate, Treasury & Business Management",apollo.com,"El Segundo, California",,https://athene.wd5.myworkdayjobs.com/en-US/Apollo_Careers/job/El-Segundo-California/XMLNAME-2026-Summer-Associate--Treasury---Business-Management_R253683,workday,athene|wd5|Apollo_Careers,/job/El-Segundo-California/XMLNAME-2026-Summer-Associate--Treasury---Business-Management_R253683
508,,,,Spot Trade Sales Specialist,3stepit.com,"Copenhagen, Denmark, Helsinki, Finland, Oslo, Norway, Stockholm, Sweden",Sales,https://3stepit-1732609133.teamtailor.com/jobs/7804346-spot-trade-sales-specialist,teamtailor,3stepit-1732609133,8c0aa0ac-f580-47d1-9524-26eef603d7b2
509,,,,Treasury & Disbursement Specialist (1 Year Contract),prudential.com.sg,Singapore,,https://prudential.wd3.myworkdayjobs.com/en-US/prudential/job/Singapore/Treasury---Disbursement-Specialist--1-Year-Contract-_26070025,workday,prudential|wd3|prudential,/job/Singapore/Treasury---Disbursement-Specialist--1-Year-Contract-_26070025
510,,,,Client Solutions & Analytics: Analyst/ Associate - London,pimco.com,"London, GBR",,https://pimco.wd1.myworkdayjobs.com/en-US/pimco-careers/job/London-GBR/Client-Solutions---Analytics---London_R106468,workday,pimco|wd1|pimco-careers,/job/London-GBR/Client-Solutions---Analytics---London_R106468
511,,,,Experienced Software Engineer - Trading Development,webbtraders.nl,"Amsterdam, Netherlands",IT,https://webbtraders.recruitee.com/o/experienced-software-engineer-trading-development,recruitee,webbtraders,2365086
512,,,,"Sales Representative, SMB (Remote, US)",reachcapital.com,Remote - US,Sales,https://job-boards.greenhouse.io/newsela/jobs/8120805,greenhouse,newsela,8120805
513,,,,Underwriter Financial Institutions – Retail – Complex Risk,axiscapital.com,"Chicago, IL",,https://axiscapital.wd1.myworkdayjobs.com/en-US/axiscareers/job/Chicago-IL/Underwriter-Financial-Institutions---Retail---Complex-Risk_REQ06609,workday,axiscapital|wd1|axiscareers,/job/Chicago-IL/Underwriter-Financial-Institutions---Retail---Complex-Risk_REQ06609
514,,,,"Analyst, Asset Management",quadreal.com,London,,https://quadreal.wd10.myworkdayjobs.com/en-US/quadreal/job/London/Analyst--Asset-Management_R0006882,workday,quadreal|wd10|quadreal,/job/London/Analyst--Asset-Management_R0006882
515,,,,Experienced Trader - Amsterdam,maverickderivatives.com,"Amsterdam, North Holland, Netherlands",Trading,https://job-boards.greenhouse.io/maverickderivatives/jobs/6141839004,greenhouse,maverickderivatives,6141839004
516,,,,Staff Data Scientist,firstminute.capital,London; Sunnyvale,"Simulation, Evaluation, Validation",https://wayve.firststage.co/jobs?gh_jid=8487813002,greenhouse,wayve,8487813002
517,rejected,,,Treasury Controller,revelop.se,"Revelop Stockholm, Stockholm, Sweden",Finance & Controlling,https://career.revelop.se/jobs/7785869-treasury-controller,teamtailor,career.revelop.se,876af771-8d62-4d8d-bb1b-15d96c9dc00c
518,,,,Sr. Fixed Income Credit Analyst,bbh.com,New York,,https://bbh.wd5.myworkdayjobs.com/en-US/BBH/job/New-York/Sr-Fixed-Income-Credit-Analyst_70528,workday,bbh|wd5|BBH,/job/New-York/Sr-Fixed-Income-Credit-Analyst_70528
519,,,,Commercial Garage Door Sales Representative,guildgaragegroup.com,"Garage Door Doctor - Indianapolis, IN",Sales,https://job-boards.greenhouse.io/guildgaragegroup/jobs/4253027009,greenhouse,guildgaragegroup,4253027009
520,rejected,mid_3_5,equity research is an ib job - e.g. this asks for a cfa,"Equity Research Analyst - U.S. Small & Mid-Cap Quality Strategy, KAR",corporate.virtus.com,"Los Angeles, CA",,https://virtus.wd5.myworkdayjobs.com/en-US/VirtusCareers/job/Los-Angeles-CA/Equity-Research-Analyst---US-Small---Mid-Cap-Quality-Strategy--KAR_R783,workday,virtus|wd5|VirtusCareers,/job/Los-Angeles-CA/Equity-Research-Analyst---US-Small---Mid-Cap-Quality-Strategy--KAR_R783
521,,,,"Associate II, Fixed Income Trading Desk Support",fnbo.com,"Minneapolis, MN - Northland Securities Office",,https://firstnational.wd12.myworkdayjobs.com/en-US/fnbocareers/job/Minneapolis-MN---Northland-Securities-Office/Associate-II--Fixed-Income-Trading-Desk-Support_R-20261445,workday,firstnational|wd12|fnbocareers,/job/Minneapolis-MN---Northland-Securities-Office/Associate-II--Fixed-Income-Trading-Desk-Support_R-20261445
522,rejected,,from the board,Make-Ready Specialist - Park at River Oaks,greystar.com,"Park at River Oaks, Houston, TX",,https://greystar.wd1.myworkdayjobs.com/en-US/External/job/Park-at-River-Oaks-Houston-TX/Make-Ready-Specialist---Park-at-River-Oaks_R0195350,workday,greystar|wd1|External,/job/Park-at-River-Oaks-Houston-TX/Make-Ready-Specialist---Park-at-River-Oaks_R0195350
523,,,,"Consulting Senior Associate, Private Markets Value Creation",erm.com,"Manhattan, New York; Rolling Meadows, Illinois; Philadelphia, Pennsylvania; Houston, Texas; Washington, DC; Novi, Michigan; Rockland",,https://erm.wd3.myworkdayjobs.com/en-US/ERM_Careers/job/Manhattan-New-York/Consulting-Senior-Associate--Private-Markets-Value-Creation_R00029954-1,workday,erm|wd3|ERM_Careers,/job/Manhattan-New-York/Consulting-Senior-Associate--Private-Markets-Value-Creation_R00029954-1
524,rejected,,from the board,Make-Ready Specialist - Benton Pointe,greystar.com,"Benton Pointe, Allen, TX",,https://greystar.wd1.myworkdayjobs.com/en-US/External/job/Benton-Pointe-Allen-TX/Make-Ready-Specialist---Benton-Pointe_R0196565,workday,greystar|wd1|External,/job/Benton-Pointe-Allen-TX/Make-Ready-Specialist---Benton-Pointe_R0196565
525,,,,Senior Machine Learning Engineer,step.com,"San Mateo, CA",Engineering,https://job-boards.greenhouse.io/mrbeastyoutube/jobs/6093126004,greenhouse,mrbeastyoutube,6093126004
526,,,,AI Enablement Intern,provequity.com,UK London (72 Welbeck Street),,https://provequity.wd5.myworkdayjobs.com/en-US/PEP_External_Career_Site/job/UK-London-72-Welbeck-Street/AI-Enablement-Intern_R541,workday,provequity|wd5|PEP_External_Career_Site,/job/UK-London-72-Welbeck-Street/AI-Enablement-Intern_R541
527,,,,Senior Treasury Specialist for Group Treasury Front Office,dsv.com,Hedehusene,,https://www.jobindex.dk/vis-job/h1692569,jobindex,denmark,h1692569
528,,,,Senior Investment Strategist (Bay Area),kingfishercapital.com,Menlo Park; San Francisco; Walnut Creek,Portfolio Management Group,https://job-boards.greenhouse.io/merceradvisors/jobs/5398846008,greenhouse,merceradvisors,5398846008
529,,,,"Analyst, Brokerage Placement - Commercial Lines",bridgespecialtygroup.com,Remote - USA,,https://bbinsurance.wd1.myworkdayjobs.com/en-US/BSGCareers/job/Remote---USA/Analyst--Brokerage-Placement---Commercial-Lines_R26_0000002703,workday,bbinsurance|wd1|BSGCareers,/job/Remote---USA/Analyst--Brokerage-Placement---Commercial-Lines_R26_0000002703
530,,,,Premier Client Service Specialist,moomoo.com,,Customer Service Department,https://apply.workable.com/j/105B811939,workable,moomoo,105B811939
531,,,,Semiconductor Industry Applications Engineer,cloud.com,California - Home Office; Arizona - Home Office; Massachusetts - Home Office; Texas - Home Office; Washington State - Home Office,,https://tibco.wd5.myworkdayjobs.com/en-US/Cloud_Software_Group/job/California---Home-Office/Semiconductor-Industry-Applications-Engineer_R104777-2,workday,tibco|wd5|Cloud_Software_Group,/job/California---Home-Office/Semiconductor-Industry-Applications-Engineer_R104777-2
532,,,,"Corporate Treasury, Finance",bankofsingapore.com,"OCBC China, Shanghai",,https://ocbc.wd102.myworkdayjobs.com/en-US/External/job/OCBC-China-Shanghai/Corporate-Treasury--Finance_JR00010064,workday,ocbc|wd102|External,/job/OCBC-China-Shanghai/Corporate-Treasury--Finance_JR00010064
533,,,,"Analyst/Associate , Transaction Management Group, Multi Asset Structuring",rbcbluebay.com,"London, United Kingdom of Great Britain and Northern Ireland",,https://rbc.wd3.myworkdayjobs.com/en-US/RBCGLOBAL1/job/London-United-Kingdom-of-Great-Britain-and-Northern-Ireland/Analyst-Associate---Transaction-Management-Group--Multi-Asset-Structuring_R-0000184114-1,workday,rbc|wd3|RBCGLOBAL1,/job/London-United-Kingdom-of-Great-Britain-and-Northern-Ireland/Analyst-Associate---Transaction-Management-Group--Multi-Asset-Structuring_R-0000184114-1
534,rejected,new_grad,student job - also no relevant tasks,Euronext Securities Copenhagen - Student Employee,euronext.com,Copenhagen,,https://hrhub.wd3.myworkdayjobs.com/en-US/Euronext_Career_Page/job/Copenhagen/Euronext-Securities-Copenhagen---Student-Employee_R28053,workday,hrhub|wd3|Euronext_Career_Page,/job/Copenhagen/Euronext-Securities-Copenhagen---Student-Employee_R28053
535,,,,Data Trading Analyst Summer Internship - 2027 [New York],quantbot.com,New York,Internships,https://www.quantbot.com/careers/4299767009?gh_jid=4299767009,greenhouse,quantbot-technologies,4299767009
536,,,,Experienced Investments Analyst,s2cp.com,"Dallas, TX",,https://s2cp.wd5.myworkdayjobs.com/en-US/s2capital/job/Dallas-TX/Experienced-Investments-Analyst_JR101557,workday,s2cp|wd5|s2capital,/job/Dallas-TX/Experienced-Investments-Analyst_JR101557
537,rejected,,from the board,Balance Settlement Specialist,sweden,Stockholm,,https://jobbsafari.se/jobb/balance-settlement-specialist-sfsor-20493864,jobbsafari,sweden,20493864
538,,,,Sr. Analytics Engineer ,lionheart.vc,New York City,Data,https://job-boards.greenhouse.io/pelago/jobs/5195899007,greenhouse,pelago,5195899007
539,,,,Data Scientist,lseg.com,CHN-Beijing-Zhong Guan Cun No.1,,https://lseg.wd3.myworkdayjobs.com/en-US/Careers/job/CHN-Beijing-Zhong-Guan-Cun-No1/Data-Scientist_R0122086,workday,lseg|wd3|Careers,/job/CHN-Beijing-Zhong-Guan-Cun-No1/Data-Scientist_R0122086
540,,,,Core Java Developer - Trading Platform,teza.com,Austin,Realtime Platform,https://jobs.ashbyhq.com/teza-technologies/28cde40f-178f-45f8-82ca-a913ef8b0812,ashby,teza-technologies,28cde40f-178f-45f8-82ca-a913ef8b0812
541,,,,"Associate , Investor Services",jll.com,"Chicago, IL",,https://jll.wd1.myworkdayjobs.com/en-US/jllcareers/job/Chicago-IL/Associate---Investor-Services_REQ510637,workday,jll|wd1|jllcareers,/job/Chicago-IL/Associate---Investor-Services_REQ510637
542,,,,Client Services Specialist,drivewealth.com,Office - Chicago,Brokerage & Client Services,https://boards.greenhouse.io/drivewealth/jobs/7766057003?gh_jid=7766057003,greenhouse,drivewealth,7766057003
543,,,,"Senior Associate, Global Middle Office - Financial Operations",deshaw.com,New York,Financial Operations,https://www.deshaw.com/careers/senior-associate-global-middle-office-financial-operations-5481,site,deshaw,5481
544,,,,"Associate, Equity Derivatives Trade Services, Equity Derivatives",clsa.com,Hong Kong,,https://citicclsa.wd3.myworkdayjobs.com/en-US/External/job/Hong-Kong/Analyst--Equity-Derivatives-Trade-Services--Equity-Derivatives_JR002887,workday,citicclsa|wd3|External,/job/Hong-Kong/Analyst--Equity-Derivatives-Trade-Services--Equity-Derivatives_JR002887
545,,,,"Analyst / Associate, Capital Markets",brookfield.com,"New York, New York",,https://brookfield.wd5.myworkdayjobs.com/en-US/brookfield/job/New-York-New-York/Analyst---Associate--Capital-Markets_R2049778,workday,brookfield|wd5|brookfield,/job/New-York-New-York/Analyst---Associate--Capital-Markets_R2049778
546,rejected,,from the board,Vikariat på tandtekniska laboratorium i Södertälje,sweden,Södertälje,,https://jobbsafari.se/jobb/vikariat-pa-tandtekniska-laboratorium-i-sodertalje-sasrb-20399750,jobbsafari,sweden,20399750
547,,,,Fixed Income Junior Underwriter,psc.com,"San Francisco, CA",,https://pipersandler.wd501.myworkdayjobs.com/en-US/Piper_Sandler_Careers/job/San-Francisco-CA/Fixed-Income-Junior-Underwriter_R-100561,workday,pipersandler|wd501|Piper_Sandler_Careers,/job/San-Francisco-CA/Fixed-Income-Junior-Underwriter_R-100561
548,rejected,,from the board,Backofficekonsulter inom valuta och värdepapper till Handelsbanken,sweden,Stockholm,,https://jobbsafari.se/jobb/backofficekonsulter-inom-valuta-och-vardepapper-till-handelsbanken-sasrb-20473505,jobbsafari,sweden,20473505
549,,,,APO to Group Treasury,swedbank.com,"Stockholm Region, Sundbyberg, Sweden",IT and data,https://jobs.swedbank.com/jobs/27442-apo-to-group-treasury,teamtailor,jobs.swedbank.com,06147435-bba4-42f1-a7ef-d8eb52ad2ed7
550,rejected,,from the board,Backoffice Administrator - Mutual Funds,sweden,Stockholm,,https://jobbsafari.se/jobb/backoffice-administrator-mutual-funds-sksee-20479685,jobbsafari,sweden,20479685
551,,,,Underwriting Assistant - Financial Institutions,antaresglobal.com,London,,https://antaresunderwriting.wd3.myworkdayjobs.com/en-US/Antares/job/London/Underwriting-Assistant---Financial-Institutions_JR231-1,workday,antaresunderwriting|wd3|Antares,/job/London/Underwriting-Assistant---Financial-Institutions_JR231-1
552,,,,Portfolio Data Analyst,motorolasolutions.com,"Chicago, IL, More...",,https://motorolasolutions.wd5.myworkdayjobs.com/en-US/Careers/job/Chicago-IL/Portfolio-Data-Analyst_R67974,workday,motorolasolutions|wd5|Careers,/job/Chicago-IL/Portfolio-Data-Analyst_R67974
553,,,,Quantitative Trader,janestreet.com,"London, England, United Kingdom",Quantitative Trading,https://www.janestreet.com/join-jane-street/apply/4273643002?gh_jid=4273643002,greenhouse,janestreet,4273643002
554,,,,Machine Learning Engineer,motorolasolutions.com,"Los Angeles, CA",,https://motorolasolutions.wd5.myworkdayjobs.com/en-US/Careers/job/Los-Angeles-CA/Machine-Learning-Engineer_R64440,workday,motorolasolutions|wd5|Careers,/job/Los-Angeles-CA/Machine-Learning-Engineer_R64440
555,,,,Treasury Analyst,samsung.com,"Samsung House 2000 Hillswood Drive, Chertsey, United Kingdom",,https://sec.wd3.myworkdayjobs.com/en-US/Samsung_Careers/job/Samsung-House-2000-Hillswood-Drive-Chertsey-United-Kingdom/Treasury-Analyst_R119543,workday,sec|wd3|Samsung_Careers,/job/Samsung-House-2000-Hillswood-Drive-Chertsey-United-Kingdom/Treasury-Analyst_R119543
556,less_relevant,junior_0_2,very relevant-only downside is trading role - little model development [normalised relevance relevant->less_relevant: same category as row 19 'Algorithmic Trader' (less_relevant)],Quantitative Trader,alloptions.nl,Austin,AOUS,https://alloptions.bamboohr.com/careers/70,bamboohr,alloptions,70
557,,,,Sales Trader (French Market),otcflow.com,Amsterdam,Sales,https://otcflow.bamboohr.com/careers/112,bamboohr,otcflow,112
558,,,,"Quantitative & Risk Analytics (Structured Products: CLOs, ABS, MBS)",barings.com,"Charlotte,  NC, United States; US - MA - BOSTON - 10 FAN PIER BLVD",,https://barings.wd1.myworkdayjobs.com/en-US/Barings/job/Charlotte--NC-United-States/Director--Portfolio---Risk-Analytics_JR_005426-1,workday,barings|wd1|Barings,/job/Charlotte--NC-United-States/Director--Portfolio---Risk-Analytics_JR_005426-1
559,,,,"Associate I, Fixed Income Trading Desk Support",northlandsecurities.com,"Minneapolis, MN - Northland Securities Office",,https://firstnational.wd12.myworkdayjobs.com/en-US/northlandcareers/job/Minneapolis-MN---Northland-Securities-Office/Associate-I--Fixed-Income-Trading-Desk-Support_R-20261444,workday,firstnational|wd12|northlandcareers,/job/Minneapolis-MN---Northland-Securities-Office/Associate-I--Fixed-Income-Trading-Desk-Support_R-20261444
560,rejected,,from the board,IT-upphandlare till Värmdö kommun,sweden,Värmdö,,https://jobbsafari.se/jobb/it-upphandlare-till-varmdo-kommun-sasrb-20443277,jobbsafari,sweden,20443277
561,,,,Consulting Associate - Liability Portfolio Management & Remediation,erm.com,2 Locations,,https://erm.wd3.myworkdayjobs.com/en-US/ERM_Careers/job/Kolkata-India/Consulting-Associate---Liability-Portfolio-Management---Remediation_R00031582-1,workday,erm|wd3|ERM_Careers,/job/Kolkata-India/Consulting-Associate---Liability-Portfolio-Management---Remediation_R00031582-1
562,,,,Fixed Income Product Analyst,alliancebernstein.com,"Nashville, Tennessee",,https://abglobal.wd1.myworkdayjobs.com/en-US/alliancebernsteincareers/job/Nashville-Tennessee/Fixed-Income-Product-Analyst_R0019396-2,workday,abglobal|wd1|alliancebernsteincareers,/job/Nashville-Tennessee/Fixed-Income-Product-Analyst_R0019396-2
563,,,,"Senior Associate, Investor Services",carmelpartners.com,San Francisco Corp,Investor Relations,https://recruiting.ultipro.com/CAR1041/JobBoard/f19a3aa9-abdb-1b6d-46ec-d3e4716019ec/OpportunityDetail?opportunityId=841be22c-69b5-45a9-b695-880498b389ad,ukg,CAR1041|f19a3aa9-abdb-1b6d-46ec-d3e4716019ec,841be22c-69b5-45a9-b695-880498b389ad
564,,,,Fundamental Researcher - Canvas ,point72,"New York, NY ",Market Intelligence ,https://boards.greenhouse.io/point72/jobs/4644225002?gh_jid=4644225002,greenhouse,point72,4644225002
565,,,,Structured Products Dealer (Digital Banking),moomoo.com,,Bank Product R&D Department,https://apply.workable.com/j/250A3CDB8D,workable,moomoo,250A3CDB8D
566,,,,Software Engineer ,pdtpartners.com,"New York, NY",Technology,https://job-boards.greenhouse.io/pdtpartners/jobs/3914106,greenhouse,pdtpartners,3914106
567,,,,Associate,digitalbridge.com,"Boca Raton, Florida",Investment Management,https://job-boards.greenhouse.io/digitalbridge/jobs/4578684007,greenhouse,digitalbridge,4578684007
568,,,,Technical Support Specialist - Back Office,convex.com,2 Locations,,https://servicetitan.wd1.myworkdayjobs.com/en-US/ServiceTitan/job/US-Remote/Technical-Support-Specialist---Back-Office_JR115517,workday,servicetitan|wd1|ServiceTitan,/job/US-Remote/Technical-Support-Specialist---Back-Office_JR115517
569,,,,Research Analyst in Sustainable Finance (SGFIN),singapore,"Singapore, D05 Pasir Panjang, Hong Leong Garden, Clementi New Town",,https://www.mycareersfuture.gov.sg/job/sciences/research-analyst-sustainable-finance-national-university-singapore-00d7f7634a0649266981533ff2486d99,mycareersfuture,singapore,00d7f7634a0649266981533ff2486d99
570,rejected,,from the board,Timanställda administratörer till Karolinska Universitetssjukhuset,sweden,Solna,,https://jobbsafari.se/jobb/timanstallda-administratorer-till-karolinska-universitetssjukhuset-sasrb-20482841,jobbsafari,sweden,20482841
571,rejected,,from the board,Make-Ready Specialist - The Caroline (TX),greystar.com,"The Caroline (TX), Houston, TX",,https://greystar.wd1.myworkdayjobs.com/en-US/External/job/The-Caroline-TX-Houston-TX/Make-Ready-Specialist---The-Caroline--TX-_R0197858,workday,greystar|wd1|External,/job/The-Caroline-TX-Houston-TX/Make-Ready-Specialist---The-Caroline--TX-_R0197858
572,less relevant,junior_0_2,mosty interest rate modelling cash flows etc. not directly market quant,Quantitative Developer/Financial Modeling Specialist (AAP Program),apollo.com,"El Segundo, California",,https://athene.wd5.myworkdayjobs.com/en-US/Apollo_Careers/job/El-Segundo-California/Quantitative-Developer-Financial-Modeling-Specialist--AAP-Program-_R260101,workday,athene|wd5|Apollo_Careers,/job/El-Segundo-California/Quantitative-Developer-Financial-Modeling-Specialist--AAP-Program-_R260101
573,,,,Broker Money Markets - Corporate & Sovereign Desk,afsgroup.nl,"Amsterdam, Netherlands",Public Debt | AFS Interest,https://afsgroup.recruitee.com/o/broker-money-markets-corporate-sovereign-desk-3,recruitee,afsgroup,2602838
574,rejected,,from the board,Skaderådgivare,sweden,Stockholm,,https://jobbsafari.se/jobb/skaderadgivare-sasrb-20465631,jobbsafari,sweden,20465631
575,rejected,,from the board,IT-upphandlare till Solna stad,solna.se,"Solna, Stockholms län",Upphandlare,https://arbetsformedlingen.se/platsbanken/annonser/31372285,jobtech,jobstream,31372285
576,,,,"Fixed Income Product Specialist, Europe",guggenheiminvestments.com,"London, UK",,https://guggenheiminvestment.wd5.myworkdayjobs.com/en-US/External/job/London-UK/Fixed-Income-Product-Specialist--Europe_JR-2026-101108,workday,guggenheiminvestment|wd5|External,/job/London-UK/Fixed-Income-Product-Specialist--Europe_JR-2026-101108
577,,,,Sr Alternative Investments Operations Analyst I,pacificlife.com,Charlotte - NC,,https://pacificlife.wd1.myworkdayjobs.com/en-US/PacificLifeCareers/job/Charlotte---NC/Sr-Private-Placement-Investment-Ops-Analyst-I_R16771,workday,pacificlife|wd1|PacificLifeCareers,/job/Charlotte---NC/Sr-Private-Placement-Investment-Ops-Analyst-I_R16771
578,,,,Senior Quant Researcher - Fixed Income,squarepoint-capital.com,"Houston, London, Madrid, Montreal, New York, Paris, Singapore, Zug, Bangalore, Dubai, Geneva, Hong Kong, Boston",Investment,https://www.squarepoint-capital.com/open-opportunities?id=1163559&gh_jid=1163559,greenhouse,squarepointcapital,1163559
579,less_relevant,new_grad,"Trader role. Body prefers Maths/Stats degrees and mental arithmetic, but the coding bar is Excel plus 'affinity for development languages' -- shallow, so not a quant modelling role.",Graduate Trader,flowtraders.com,Hong Kong,Trading,https://job-boards.greenhouse.io/flowtraders/jobs/4782837,greenhouse,flowtraders,4782837
580,rejected,,chemistry,Computational Chemist (Electronic & Functional Materials),breega.com,,,https://jobs.breega.com/jobs/7965943-computational-chemist-electronic-functional-materials,teamtailor,breega-1704461133,38b9facf-a08f-48f3-acd3-b7671b022ecf
581,,,,Financial Controller,mako.com,London,Finance,https://www.mako.com/opportunities/job-listing/8591803002?gh_jid=8591803002,greenhouse,mako,8591803002
582,,,,Software Engineer Intern - Summer 2027,belvederetrading.com,"Chicago, Illinois",Campus,https://jobs.lever.co/belvederetrading/10746b3d-1760-4573-9b63-b93f5a5e4fc0,lever,belvederetrading,10746b3d-1760-4573-9b63-b93f5a5e4fc0
583,,,,Senior Data Scientist (Hybrid),enova.com,"Chicago, IL",Analytics,https://job-boards.greenhouse.io/enova/jobs/8047624,greenhouse,enova,8047624
584,,,,Materials and Processes Engineer (Military Derivatives),airbus.com,2 Locations,,https://ag.wd3.myworkdayjobs.com/en-US/Airbus/job/Getafe-Area/Materials-and-Processes-Engineer--Military-Derivatives-_JR10431841,workday,ag|wd3|Airbus,/job/Getafe-Area/Materials-and-Processes-Engineer--Military-Derivatives-_JR10431841
585,,,,Senior Engineer – Systematic Equity,lynxhedge.se,"Stockholm, Sweden",System Development,https://careers.lynxhedge.se/jobs/8039444-senior-engineer-systematic-equity,teamtailor,careers.lynxhedge.se,d77974ab-179a-44d2-94e0-f1d1c0e30143
586,,,,Dealer Financial Services Specialist,avisbudgetgroup.com,"300 Centre Pointe Dr, Virginia Beach, 23462",,https://avisbudget.wd1.myworkdayjobs.com/en-US/ABG_Careers/job/300-Centre-Pointe-Dr-Virginia-Beach-23462/Dealer-Financial-Services-Specialist_R0190324,workday,avisbudget|wd1|ABG_Careers,/job/300-Centre-Pointe-Dr-Virginia-Beach-23462/Dealer-Financial-Services-Specialist_R0190324
587,,,,Senior Catastrophe Risk Modeler (Flood Modeling),tmhcc.com,Georgia - Duluth; Georgia - Kennesaw; Georgia - Alpharetta,,https://tmhcc.wd108.myworkdayjobs.com/en-US/External/job/Georgia---Duluth/Senior-Catastrophe-Risk-Modeler--Flood-Modeling-_2026-808,workday,tmhcc|wd108|External,/job/Georgia---Duluth/Senior-Catastrophe-Risk-Modeler--Flood-Modeling-_2026-808
588,rejected,,from the board,Elgiganten Sickla söker Sales Advisor,sweden,Nacka,,https://jobbsafari.se/jobb/elgiganten-sickla-soker-sales-advisor-sasrb-20445492,jobbsafari,sweden,20445492
589,,,,"Associate, Global Markets",cibc.com,"New York, NY",,https://cibc.wd3.myworkdayjobs.com/en-US/search/job/New-York-NY/Associate--Global-Markets_2615673,workday,cibc|wd3|search,/job/New-York-NY/Associate--Global-Markets_2615673
590,rejected,,data infrastructure engineering,Data Infrastructure Engineer,firstsparkventures.com,San Francisco,Engineering,https://jobs.ashbyhq.com/alljoined/3ba86bc8-dfa4-4b04-8d33-574a419103dc,ashby,alljoined,3ba86bc8-dfa4-4b04-8d33-574a419103dc
591,rejected,,this is in bulgaria for a data scientist role for a payment solutions company,Data Scientist,mypos.com,"Sofia - Office, Sofia, Bulgaria, Varna",Data and AI,https://careers.mypos.com/jobs/7965703-data-scientist,teamtailor,careers.mypos.com,2fedba8e-f3d9-46bf-8257-e08439c63b43
592,rejected,head_or_md,,Northland Capital Markets - MD -Investment Banking - Banker - NJ or MN,fnbo.com,2 Locations,,https://firstnational.wd12.myworkdayjobs.com/en-US/fnbocareers/job/Minneapolis-MN---Northland-Securities-Office/Managing-Director--ECM-Investment-Banking--FINRA--2_R-20260909-1,workday,firstnational|wd12|fnbocareers,/job/Minneapolis-MN---Northland-Securities-Office/Managing-Director--ECM-Investment-Banking--FINRA--2_R-20260909-1
593,,,,Broker (Placing),willisre.com,London,,https://willisre.wd107.myworkdayjobs.com/en-US/Careers/job/London/Placing-Broker_JR156,workday,willisre|wd107|Careers,/job/London/Placing-Broker_JR156
594,,,,2027 Business Development Summer Analyst ,aqr.com,"Greenwich, CT",University - Open Positions,https://careers.aqr.com/jobs?gh_jid=7926659&gh_jid=7926659,greenhouse,aqr,7926659
595,,,,Data Scientist I,ethoca.com,"Salt Lake City, Utah (Holladay)",,https://mastercard.wd1.myworkdayjobs.com/en-US/CorporateCareers/job/Salt-Lake-City-Utah-Holladay/Data-Scientist-I_R-286655,workday,mastercard|wd1|CorporateCareers,/job/Salt-Lake-City-Utah-Holladay/Data-Scientist-I_R-286655
596,,,,"Intern, SEA Fund Management",esr.com,,SEA - Singapore,https://apply.workable.com/j/50889D3FC1,workable,esr-group,50889D3FC1
597,,,,Treasury Implementation Consultant (German-Speaking),castleisland.vc,"Geneva, Switzerland",Service & Delivery,https://ripple.com/careers/all-jobs/job/8009463?gh_jid=8009463,greenhouse,ripple,8009463
598,rejected,,from the board,Inköpare  UBW Inköpssupport,sweden,Sundbyberg,,https://jobbsafari.se/jobb/inkopare-ubw-inkopssupport-sasrb-20503663,jobbsafari,sweden,20503663
599,,,,Senior Investment Strategist (Texas; Mountain or Pacific Time Zones),tuftoncapital.com,"Remote, USA",Portfolio Management Group,https://job-boards.greenhouse.io/merceradvisors/jobs/5213469008,greenhouse,merceradvisors,5213469008
600,,,,"Senior Associate, Investor Services - Hybrid",advent.com,"Evansville, IN; Bellevue, WA",,https://wd1.myworkdaysite.com/en-US/SSCTechnologies/job/Evansville-IN/Senior-Associate--Investor-Services---Hybrid_R43217-1,workday,ssctech|wd1|SSCTechnologies|myworkdaysite.com,/job/Evansville-IN/Senior-Associate--Investor-Services---Hybrid_R43217-1
601,,,,"Quantitative Developer Intern, Summer 2027",arrowstreetcapital.com,Boston,,https://arrowstreetcapital.wd5.myworkdayjobs.com/en-US/Campus_Careers/job/Boston/Quantitative-Developer-Intern--Summer-2027_R1506,workday,arrowstreetcapital|wd5|Campus_Careers,/job/Boston/Quantitative-Developer-Intern--Summer-2027_R1506
602,rejected,,from the board,Legal Engineer - Tax & Audit,sweden,Stockholm,,https://jobbsafari.se/jobb/legal-engineer-tax-audit-sasrb-20410360,jobbsafari,sweden,20410360
603,,,,AI Researcher,vaticlabs.ai,New York,Quantitative Research & Trading,https://job-boards.greenhouse.io/vaticlabs/jobs/5114560,greenhouse,vaticlabs,5114560
604,rejected,,cloud engineer - im not interested in non-market related software,Cloud Engineer,winton.com,"London, United Kingdom",Infrastructure,https://job-boards.eu.greenhouse.io/winton/jobs/4495461101,greenhouse,winton,4495461101
605,,,,Data Scientist,mypos.com,"London - Office, London, United Kingdom",Data and AI,https://careers.mypos.com/jobs/7985735-data-scientist,teamtailor,careers.mypos.com,a32b1aeb-86b5-419a-b774-f0b204af2733
606,rejected,head_or_md,filter out becuase VP role,Credit Risk Sanctioner (VP),cards.barclaycardus.com,"Geneva, 18-20 Chemin de Grange-Canal",,https://barclays.wd3.myworkdayjobs.com/en-US/External_Career_Site_Barclays/job/Geneva-18-20-Chemin-de-Grange-Canal/Credit-Risk-Sanctioner--VP-_JR-0000118718,workday,barclays|wd3|External_Career_Site_Barclays,/job/Geneva-18-20-Chemin-de-Grange-Canal/Credit-Risk-Sanctioner--VP-_JR-0000118718
607,,,,"Senior Associate, Fund Analysis (Real Estate)",invesco.com,"London, London; Munich, Bavaria",,https://invesco.wd1.myworkdayjobs.com/en-US/IVZ/job/London-London/Senior-Associate--Fund-Analysis--Real-Estate-_R-14531,workday,invesco|wd1|IVZ,/job/London-London/Senior-Associate--Fund-Analysis--Real-Estate-_R-14531
608,,,,Senior Data Engineer,aenu.com,Berlin HQ,Engineering,https://jobs.ashbyhq.com/trawa/62a94b9d-7b35-44f6-ab42-60a610e0588f,ashby,trawa,62a94b9d-7b35-44f6-ab42-60a610e0588f
609,,,,Equities Execution Data Analyst - 12 month Fixed Term Contract,tpicap.com,London,,https://tp.wd107.myworkdayjobs.com/en-US/TP-ICAP/job/London/Equities-Execution-Data-Analyst---12-month-Fixed-Term-Contract_R5525,workday,tp|wd107|TP-ICAP,/job/London/Equities-Execution-Data-Analyst---12-month-Fixed-Term-Contract_R5525
610,,,,US ETF Market Strategist,nasdaq.com,USA - Philadelphia - Pennsylvania; USA - New York City - New York,,https://nasdaq.wd1.myworkdayjobs.com/en-US/Global_External_Site/job/USA---Philadelphia---Pennsylvania/US-ETF-Strategist_R0025601,workday,nasdaq|wd1|Global_External_Site,/job/USA---Philadelphia---Pennsylvania/US-ETF-Strategist_R0025601
611,rejected,head_or_md,filter out becuase VP role,"Vice President, Assistant Portfolio Manager ",rxr.com,New York,Fund Portfolio Management,https://job-boards.greenhouse.io/rxr/jobs/5354831008,greenhouse,rxr,5354831008
612,relevant,,,"Quantitative Researcher, Early Career ",aquatic.com,Chicago; New York,Research,https://job-boards.greenhouse.io/aquaticcapitalmanagement/jobs/8489150002,greenhouse,aquaticcapitalmanagement,8489150002
613,rejected,junior_0_2,quality engineering role for software,Staff QE,tribecavp.com,Remote - United States,Engineering,https://job-boards.greenhouse.io/alphasense/jobs/8659959002,greenhouse,alphasense,8659959002
614,rejected,head_or_md,filter out because director role,Corporate & Investment Banking - Debt Capital Markets - Director - New York,santander.com,Madison Ave Corp,,https://santander.wd3.myworkdayjobs.com/en-US/SantanderCareers/job/Madison-Ave-Corp/Investment-Banking---Debt-Capital-Markets---Director---New-York_Req1592817-1,workday,santander|wd3|SantanderCareers,/job/Madison-Ave-Corp/Investment-Banking---Debt-Capital-Markets---Director---New-York_Req1592817-1
615,,,,"Real Assets, Digital Infrastructure Associate",blueowl.com,Chicago - 150 - 36,,https://blueowl.wd1.myworkdayjobs.com/en-US/blueowl/job/Chicago---150---36/Real-Assets--Digital-Infrastructure-Associate_R-102326,workday,blueowl|wd1|blueowl,/job/Chicago---150---36/Real-Assets--Digital-Infrastructure-Associate_R-102326
616,,,,Quantitative Strategist (PhD),capulaglobal.com,,Strategy,https://apply.workable.com/j/9582487D5F,workable,capula-investment-management-ltd,9582487D5F
617,,,,Associate Investment Grade Credit Research I,capital.northwesternmutual.com,"Milwaukee, WI Corporate",,https://northwesternmutual.wd5.myworkdayjobs.com/en-US/CORPORATE-CAREERS/job/Milwaukee-WI-Corporate/Associate-Investment-Grade-Credit-Research-I_JR-45860,workday,northwesternmutual|wd5|CORPORATE-CAREERS,/job/Milwaukee-WI-Corporate/Associate-Investment-Grade-Credit-Research-I_JR-45860
618,,,,Software Developer,tower-research.com,Singapore,Quantitative Research & Trading,https://www.tower-research.com/open-positions/?gh_jid=1904195,greenhouse,towerresearchcapital,1904195
619,rejected,head_or_md,,Head of Capital Markets,shieldcap.com,"Bellevue Office, Sunset Corporate Campus",G&A - Finance,https://job-boards.greenhouse.io/armada/jobs/5231816008,greenhouse,armada,5231816008
620,rejected,head_or_md,filter out becuase VP role,Client Portfolio Manager - VP,bankofsingapore.com,BOS Hong Kong,,https://ocbc.wd102.myworkdayjobs.com/en-US/External/job/BOS-Hong-Kong/Client-Portfolio-Manager---VP_JR00006780,workday,ocbc|wd102|External,/job/BOS-Hong-Kong/Client-Portfolio-Manager---VP_JR00006780
621,rejected,head_or_md,,Northland Capital Markets - MD -Investment Banking - Banker - NJ or MN,fnbo.com,Work at Home - Illinois,,https://firstnational.wd12.myworkdayjobs.com/en-US/fnbocareers/job/Work-at-Home---Illinois/Managing-Director--ECM-Investment-Banking--FINRA--1_R-20260910-1,workday,firstnational|wd12|fnbocareers,/job/Work-at-Home---Illinois/Managing-Director--ECM-Investment-Banking--FINRA--1_R-20260910-1
622,,,,Senior Quantitative Researcher - Options Market Making ,mavensecurities.com,Chicago ,Options Market Making,https://job-boards.greenhouse.io/mavensecuritiesholdingltd/jobs/5848395,greenhouse,mavensecuritiesholdingltd,5848395
623,,,,Trading Strategy Software Engineer,blackedge.com,Chicago,General,https://job-boards.greenhouse.io/blackedgecapital/jobs/4707865005,greenhouse,blackedgecapital,4707865005
624,rejected,,from the board,Electrical Power Engineer,~flower,Stockholm,,https://jobbsafari.se/jobb/electrical-power-engineer-scsom-20367662,jobbsafari,sweden,20367662
625,rejected,,from the board,Norvestor Private Equity Internship Stockholm,norvestor.com,Stockholm,Deal professionals,https://norvestor.jobs.personio.de/job/2742326,personio,norvestor,2742326
626,rejected,,from the board,Service  personal,~lilla rött ab,Tyresö,,https://jobbsafari.se/jobb/service-personal-sasrb-20519676,jobbsafari,sweden,20519676
627,rejected,,from the board,Fönsterrenovering,~nacka fönsterrenovering ab,Stockholm,,https://jobbsafari.se/jobb/fonsterrenovering-sasrb-20514318,jobbsafari,sweden,20514318
628,rejected,,from the board,Pizzeria Mezzaluna HB,~pizzeria mezzaluna handelsbolag,Stockholm,,https://jobbsafari.se/jobb/pizzeria-mezzaluna-hb-sasrb-20506813,jobbsafari,sweden,20506813
629,rejected,,from the board,"Junior Associate, International Commercial & Trade - Stockholm",~baker mckenzie,Stockholm,,https://jobbsafari.se/jobb/junior-associate-international-commercial-trade-stockholm-scsom-20508428,jobbsafari,sweden,20508428
630,rejected,,from the board,Business Controller,~scania cv aktiebolag,"Södertälje, Stockholms län",Business controller,https://arbetsformedlingen.se/platsbanken/annonser/31366076,jobtech,jobstream,31366076
631,rejected,,from the board,KAM BMW,~bmw group,Stockholm,,https://jobbsafari.se/jobb/kam-bmw-scsom-20467842,jobbsafari,sweden,20467842
632,rejected,,from the board,Engineering Support Analyst,~kindred people ab,Stockholm,,https://jobbsafari.se/jobb/engineering-support-analyst-sasrb-20467942,jobbsafari,sweden,20467942
633,rejected,,from the board,Group Consolidation & Reporting Specialist,~brocc ab (publ),Stockholm,,https://jobbsafari.se/jobb/group-consolidation-reporting-specialist-scsom-20467851,jobbsafari,sweden,20467851
634,rejected,,from the board,Senior Financial Controller,~bird & bird llp,Stockholm,,https://jobbsafari.se/jobb/senior-financial-controller-scsom-20491286,jobbsafari,sweden,20491286
635,rejected,,from the board,Sommarvikarier,~vardaga ab,Solna,,https://jobbsafari.se/jobb/sommarvikarier-sksee-19152526,jobbsafari,sweden,19152526
636,rejected,,from the board,"Associate, Global Transaction Advisory Group",~alvarez & marsal,Stockholm,,https://jobbsafari.se/jobb/associate-global-transaction-advisory-group-scsom-19852230,jobbsafari,sweden,19852230
637,rejected,,from the board,Student Assistant,airbus.com,Copenhagen,,https://ag.wd3.myworkdayjobs.com/en-US/Airbus/job/Copenhagen/Student-Assistant_JR10433758,workday,ag|wd3|Airbus,/job/Copenhagen/Student-Assistant_JR10433758
638,rejected,,from the board,Oliver Wyman - Inclusion & Culture Generalist - Amsterdam,marshmma.com,Amsterdam - Strawinskylaan 410,,https://mmc.wd1.myworkdayjobs.com/en-US/MMC/job/Amsterdam---Strawinskylaan-410/Oliver-Wyman---Inclusion---Culture-Generalist---Amsterdam_R_353175,workday,mmc|wd1|MMC,/job/Amsterdam---Strawinskylaan-410/Oliver-Wyman---Inclusion---Culture-Generalist---Amsterdam_R_353175
639,rejected,,from the board,Jr Legal Counsel - Trading,~michael page switzerland,"Genève, GE",,https://www.job-room.ch/job-search/0686b0c4-e22d-4917-94ff-eb2347eb89ad,jobroom,switzerland,0686b0c4-e22d-4917-94ff-eb2347eb89ad
640,rejected,,from the board,Front Office Crew 60% på Home Hotel Tapto,~nordic choice commercial services ab,Stockholm,,https://jobbsafari.se/jobb/front-office-crew-60-pa-home-hotel-tapto-snsor-20513130,jobbsafari,sweden,20513130
641,rejected,,from the board,Working Student – Customer Support (Amsterdam),invesdor.at,Invesdor Benelux,Customer Support,https://invesdor.jobs.personio.de/job/2768802,personio,invesdor,2768802
642,rejected,,from the board,Telemarketer,~stratify consulting llp,"Singapore, D19 Hougang, Sengkang, Serangoon Garden, Punggol",,https://www.mycareersfuture.gov.sg/job/telecommunications/telemarketer-stratify-consulting-d88d256053bdcefbf466b521641f03dd,mycareersfuture,singapore,d88d256053bdcefbf466b521641f03dd
643,rejected,,from the board,Sr HR Generalist,bakertilly.com,5 Locations,,https://bakertilly.wd5.myworkdayjobs.com/en-US/BTCareers/job/USA-TX-Frisco/Sr-HR-Generalist_JR106773,workday,bakertilly|wd5|BTCareers,/job/USA-TX-Frisco/Sr-HR-Generalist_JR106773
644,rejected,,from the board,Sr HR Generalist,bakertilly.com,16 Locations,,https://bakertilly.wd5.myworkdayjobs.com/en-US/BTCareers/job/USA-TX-Frisco/Sr-HR-Generalist_JR106548,workday,bakertilly|wd5|BTCareers,/job/USA-TX-Frisco/Sr-HR-Generalist_JR106548
645,rejected,,from the board,Analyst - BI Internal Reporting,cards.barclaycardus.com,2 Locations,,https://barclays.wd3.myworkdayjobs.com/en-US/External_Career_Site_Barclays/job/Chennai-DLF-IT-Park/Analyst---BI-Internal-Reporting_JR-0000118847,workday,barclays|wd3|External_Career_Site_Barclays,/job/Chennai-DLF-IT-Park/Analyst---BI-Internal-Reporting_JR-0000118847
646,rejected,,from the board,Winter 2027 Audit Associate,bakertilly.com,USA MA Tewksbury,,https://bakertilly.wd5.myworkdayjobs.com/en-US/BTCareers/job/USA-MA-Tewksbury/Winter-2027-Audit-Associate_JR107330,workday,bakertilly|wd5|BTCareers,/job/USA-MA-Tewksbury/Winter-2027-Audit-Associate_JR107330
647,rejected,,from the board,Store Mgr II (23rd & Lexington),td.com,"New York, New York",,https://td.wd3.myworkdayjobs.com/en-US/TD_Bank_Careers/job/New-York-New-York/Store-Mgr-II--23rd---Lexington-_R_1498597,workday,td|wd3|TD_Bank_Careers,/job/New-York-New-York/Store-Mgr-II--23rd---Lexington-_R_1498597
648,rejected,,from the board,Settlement Analyst,~achieve career consultant pte ltd,Singapore,,https://www.mycareersfuture.gov.sg/job/accounting/settlement-analyst-achieve-career-consultant-8824699dc30beec87ec5014c044538d6,mycareersfuture,singapore,8824699dc30beec87ec5014c044538d6
649,rejected,,from the board,Sales Coordinator,jll.com,"Overland Park, KS",,https://jll.wd1.myworkdayjobs.com/en-US/jllcareers/job/Overland-Park-KS/Sales-Coordinator_REQ530163,workday,jll|wd1|jllcareers,/job/Overland-Park-KS/Sales-Coordinator_REQ530163
650,rejected,,from the board,Admin Support,~helius technologies pte. ltd.,"Singapore, D01 Marina, Raffles Place, People's Park, Cecil",,https://www.mycareersfuture.gov.sg/job/banking-finance/admin-support-helius-technologies-c0e9b98b76d0bd5809999b66eef937c6,mycareersfuture,singapore,c0e9b98b76d0bd5809999b66eef937c6
651,rejected,,from the board,Shift Engineer,jll.com,"London, GBR",,https://jll.wd1.myworkdayjobs.com/en-US/jllcareers/job/London-GBR/Shift-Engineer_REQ511803,workday,jll|wd1|jllcareers,/job/London-GBR/Shift-Engineer_REQ511803
652,rejected,,from the board,Workplace Services Coordinator,jll.com,"Mountain View, CA",,https://jll.wd1.myworkdayjobs.com/en-US/jllcareers/job/Mountain-View-CA/Workplace-Services-Coordinator_REQ531212,workday,jll|wd1|jllcareers,/job/Mountain-View-CA/Workplace-Services-Coordinator_REQ531212
653,rejected,,from the board,Winter 2027 Audit Associate,bakertilly.com,USA NY New York City 66 Hudson Blvd E; USA NY Uniondale 1500 RXR Plaza; USA NJ Iselin,,https://bakertilly.wd5.myworkdayjobs.com/en-US/BTCareers/job/USA-NY-New-York-City-66-Hudson-Blvd-E/Winter-2027-Audit-Associate_JR107331,workday,bakertilly|wd5|BTCareers,/job/USA-NY-New-York-City-66-Hudson-Blvd-E/Winter-2027-Audit-Associate_JR107331
654,rejected,,from the board,Treasury Analyst,unum.com,3 Locations,,https://unum.wd1.myworkdayjobs.com/en-US/External/job/Chattanooga-Tennessee-USA/Treasury-Analyst_835980,workday,unum|wd1|External,/job/Chattanooga-Tennessee-USA/Treasury-Analyst_835980
655,rejected,,from the board,[Central] 6 Months Front Office Assistant - UP $16/HR #HCY,~recruit express pte ltd,Singapore,,https://www.mycareersfuture.gov.sg/job/customer-service/central-6-months-front-office-assistant-16hr-hcy-recruit-express-b1a0019bfea3e7563418d7c514b60ad3,mycareersfuture,singapore,b1a0019bfea3e7563418d7c514b60ad3
656,rejected,,from the board,Data Center Engineer (North/Central New Jersey),deshaw.com,Piscataway,Quantitative Strategies,https://www.deshaw.com/careers/data-center-engineer-north-central-new-jersey-5990,site,deshaw,5990
657,rejected,,from the board,Oliver Wyman - Consultant - Hong Kong,marshmma.com,Hong Kong - Taikoo,,https://mmc.wd1.myworkdayjobs.com/en-US/MMC/job/Hong-Kong---Taikoo/Oliver-Wyman---Consultant---Hong-Kong_R_348341,workday,mmc|wd1|MMC,/job/Hong-Kong---Taikoo/Oliver-Wyman---Consultant---Hong-Kong_R_348341
658,rejected,,from the board,Contractor,ovalpark.com,"Hong Kong, Hong Kong, Hong Kong",,https://hctz.fa.us2.oraclecloud.com/hcmUI/CandidateExperience/en/sites/CX_1001/job/2506029,oracle_hcm,hctz.fa.us2.oraclecloud.com|CX_1001,2506029
659,rejected,,from the board,Client Support Specialist,currenxie.com,Quarry Bay,Client Support,https://currenxie.bamboohr.com/careers/20,bamboohr,currenxie,20
660,rejected,,from the board,"Equity Research Internship spring/summer 2027, Stockholm",~abg sundal collier,Stockholm,,https://jobbsafari.se/jobb/equity-research-internship-springsummer-2027-stockholm-scsom-20513286,jobbsafari,sweden,20513286
661,rejected,,from the board,Treasury Specialist med systemintresse,~capega ab,Stockholm,,https://jobbsafari.se/jobb/treasury-specialist-med-systemintresse-sasrb-20435341,jobbsafari,sweden,20435341
662,rejected,,from the board,Treasury Specialist med systemintresse,~capega ab,Stockholm,,https://jobbsafari.se/jobb/treasury-specialist-med-systemintresse-scsom-20436503,jobbsafari,sweden,20436503
663,rejected,,from the board,"Verksamhetsstrateg, Software Asset Management",~atea,"Stockholm, Malmö, Göteborg",,https://jobbsafari.se/jobb/verksamhetsstrateg-software-asset-management-saste-20418193,jobbsafari,sweden,20418193
664,rejected,,from the board,"Verksamhetsstrateg, Software Asset Management",~atea,Stockholm,,https://jobbsafari.se/jobb/verksamhetsstrateg-software-asset-management-scsom-20422748,jobbsafari,sweden,20422748
665,rejected,,from the board,Private Equity Event Volunteer,~cfo insights,Stockholm,,https://jobbsafari.se/jobb/private-equity-event-volunteer-scsom-19236653,jobbsafari,sweden,19236653
666,rejected,,from the board,Private Equity Conference Volunteer,~cfo insights,Stockholm,,https://jobbsafari.se/jobb/private-equity-conference-volunteer-scsom-19236659,jobbsafari,sweden,19236659
667,rejected,,from the board,Capital Markets Analyst Off Cycle Internship 2024 Stockholm,~barclays,Stockholm,,https://jobbsafari.se/jobb/capital-markets-analyst-off-cycle-internship-2024-stockholm-scsom-18314412,jobbsafari,sweden,18314412
668,rejected,,from the board,Senior Solutions Consultant ( Pre Sales) | Copperleaf | Nordics,~ifs,Stockholm,,https://jobbsafari.se/jobb/senior-solutions-consultant-pre-sales-copperleaf-nordics-scsom-20449171,jobbsafari,sweden,20449171
669,rejected,,from the board,Senior Spare Parts Pricing Analyst,~husqvarna group,Stockholm,,https://jobbsafari.se/jobb/senior-spare-parts-pricing-analyst-scsom-20458499,jobbsafari,sweden,20458499
670,rejected,,from the board,Specialist inom teleteknik - bidra till framtidens järnvägsinfrastruktur!,~trafikverket,"Borlänge, Gävle, Halmstad, Östersund, Jönköping, Växjö, Gällivare, Kiruna, Luleå, Örebro, Linköping, Norrköping, Kristianstad, Malmö, Eskilstuna, Stockholm, Uppsala, Karlstad, Skellefteå, Umeå, Härnösand, Sundsvall, Västerås, Göteborg, Skövde, Trollhättan",,https://jobbsafari.se/jobb/specialist-inom-teleteknik-bidra-till-framtidens-jarnvagsinfrastruktur-sksee-20499825,jobbsafari,sweden,20499825
671,rejected,,from the board,HR Adviser EMEIA - Fixed Term Contract,~assa abloy ab,Stockholm,,https://jobbsafari.se/jobb/hr-adviser-emeia-fixed-term-contract-sasss-20500143,jobbsafari,sweden,20500143
672,rejected,,from the board,"Rättslig expert, RA, Stockholm",~försäkringskassan,Stockholm,,https://jobbsafari.se/jobb/jurist-ra-stockholm-sasrb-20489582,jobbsafari,sweden,20489582
673,rejected,,from the board,Application Specialist  Microsoft Dynamics 365 (Junior),~co-worker technology sweden ab,"Nacka, Stockholms län",Applikationsutvecklare,https://arbetsformedlingen.se/platsbanken/annonser/31331284,jobtech,jobstream,31331284
674,rejected,,from the board,ställning byggare,~r k diagonal ab,Stockholm,,https://jobbsafari.se/jobb/stallning-byggare-sasrb-20076273,jobbsafari,sweden,20076273
675,rejected,,from the board,Innovation Program Associate - Lighthouse Program,"~mastercard, inc.",Stockholm,,https://jobbsafari.se/jobb/innovation-program-associate-scsom-17994462,jobbsafari,sweden,17994462
676,rejected,,from the board,Engineering Support Analyst,~fdj united,Stockholm,,https://jobbsafari.se/jobb/engineering-support-analyst-scsom-20472187,jobbsafari,sweden,20472187
677,rejected,,from the board,Junior Depositary Officer,~embankment,København,,https://www.jobindex.dk/vis-job/r13935635,jobindex,denmark,r13935635
678,rejected,,from the board,Due Diligence And Investment Analyst Senior,claconnect.com,"Minneapolis, MN",,https://cliftonlarsonallen.wd115.myworkdayjobs.com/en-US/CLA/job/Minneapolis-MN/Due-Diligence-And-Investment-Analyst-Senior_R17835,workday,cliftonlarsonallen|wd115|CLA,/job/Minneapolis-MN/Due-Diligence-And-Investment-Analyst-Senior_R17835
679,rejected,,from the board,"2027 | EMEA | Stockholm | Asset Management, Client Solutions Group | Seasonal/Off-Cycle Analyst","~goldman sachs, inc.",Stockholm,,https://jobbsafari.se/jobb/2027-emea-stockholm-asset-management-client-solutions-group-seasonaloff-cycle-analyst-scsom-20492069,jobbsafari,sweden,20492069
680,rejected,,from the board,.Net/C# developer to the Portfolio Solutions and Derivatives Clearing Tech team,~seb,Solna,,https://jobbsafari.se/jobb/netc-developer-to-the-portfolio-solutions-and-derivatives-clearing-tech-team-ssseb-20348880,jobbsafari,sweden,20348880
681,rejected,,from the board,2027 M&A Internship - Stockholm,lazard.com,Sweden,,https://icbpjb.fa.ocs.oraclecloud.com/hcmUI/CandidateExperience/en/sites/LazardProfessionalCareers/job/6507,oracle_hcm,icbpjb.fa.ocs.oraclecloud.com|LazardProfessionalCareers,6507
682,rejected,,from the board,Alliances & Ecosystems Pursuit Strategist | EY Europe Central,~ernst & young ab,Stockholm,,https://jobbsafari.se/jobb/alliances-ecosystems-pursuit-strategist-ey-europe-central-scsom-20236119,jobbsafari,sweden,20236119
683,rejected,,from the board,IT Infrastructure Specialist - Nordea Life & Pension,nordea.com,"Sweden, Stockholm",IT/Technology,https://www.nordea.com/en/positions/it-infrastructure-specialist-nordea-life-pension,site,nordea,84046
684,rejected,,from the board,Experienced Consultant | People Consulting | Stockholm,~ernst & young ab,Göteborg,,https://jobbsafari.se/jobb/experienced-consultant-people-consulting-stockholm-sasrb-20420778,jobbsafari,sweden,20420778
685,rejected,,from the board,"Associate, HR Technology and Analytics (Contract)",hkexgroup.com,HK-TWO ES 9/F,,https://hkex.wd3.myworkdayjobs.com/en-US/HKEXCareerPage/job/HK-TWO-ES-9F/Associate--HR-Technology-and-Analytics--Contract-_R004290,workday,hkex|wd3|HKEXCareerPage,/job/HK-TWO-ES-9F/Associate--HR-Technology-and-Analytics--Contract-_R004290
686,rejected,,from the board,(Senior) Systems Analysts - Associate - Listing Systems - IT - 12 months Contract,hkexgroup.com,HK-TKO 5/F,,https://hkex.wd3.myworkdayjobs.com/en-US/HKEXCareerPage/job/HK-TKO-5F/XMLNAME--Senior--Systems-Analysts---Associate---Listing-Systems---IT---12-months-Contract_R003502,workday,hkex|wd3|HKEXCareerPage,/job/HK-TKO-5F/XMLNAME--Senior--Systems-Analysts---Associate---Listing-Systems---IT---12-months-Contract_R003502
687,rejected,,from the board,"Associate, Secretariat",dbs.com,One Island East,,https://dbs.wd3.myworkdayjobs.com/en-US/DBS_Careers/job/One-Island-East/Associate--Secretariat_WD84574,workday,dbs|wd3|DBS_Careers,/job/One-Island-East/Associate--Secretariat_WD84574
688,relevant,,from the board,Cubist Quantitative Researcher,~point72,"Dubai, London, Paris, Hong Kong, Sydney, Toronto",Quant Management,https://boards.greenhouse.io/point72/jobs/7318012002?gh_jid=7318012002,greenhouse,point72,7318012002
689,rejected,,from the board,Business Controls Officer,cards.barclaycardus.com,"Hong Kong, Cheung Kong Center",,https://barclays.wd3.myworkdayjobs.com/en-US/External_Career_Site_Barclays/job/Hong-Kong-Cheung-Kong-Center/Business-Controls-Officer_JR-0000122641-1,workday,barclays|wd3|External_Career_Site_Barclays,/job/Hong-Kong-Cheung-Kong-Center/Business-Controls-Officer_JR-0000122641-1
690,rejected,,from the board,Applications Developer,~saksoft pte limited,"Singapore, D08 Little India",,https://www.mycareersfuture.gov.sg/job/information-technology/applications-developer-saksoft-f8d625d0a134c9d4dba0bb80bcdf7ab4,mycareersfuture,singapore,f8d625d0a134c9d4dba0bb80bcdf7ab4
691,adjacent,,from the board,AI Engineer,~norges bank singapore branch,"Singapore, D01 Marina, Raffles Place, People's Park, Cecil",,https://www.mycareersfuture.gov.sg/job/banking-finance/ai-engineer-norges-bank-singapore-branch-833a32f650a9929a4d1efe60e039df0c,mycareersfuture,singapore,833a32f650a9929a4d1efe60e039df0c
692,adjacent,,from the board,AI Engineer,~searchasia consulting pte. ltd.,"Singapore, D09 Cairnhill, Orchard, River Valley",,https://www.mycareersfuture.gov.sg/job/information-technology/ai-engineer-searchasia-consulting-6d9908bbc2767a41353a042d3b515ff8,mycareersfuture,singapore,6d9908bbc2767a41353a042d3b515ff8
693,rejected,,from the board,Business Analyst,~iotalents pte. ltd.,Singapore,,https://www.mycareersfuture.gov.sg/job/banking-finance/business-analyst-iotalents-da97eba4efdc1fb4ccd0c4972574b68c,mycareersfuture,singapore,da97eba4efdc1fb4ccd0c4972574b68c
694,rejected,,from the board,IT Business Analyst - 1555,~jobster private ltd.,Singapore,,https://www.mycareersfuture.gov.sg/job/information-technology/business-analyst-1555-jobster-f03d3b9e06e4ba44fc1d7e24ded888b4,mycareersfuture,singapore,f03d3b9e06e4ba44fc1d7e24ded888b4
695,rejected,,from the board,Business Analyst,~lyneer corp (singapore) pte. ltd.,"Singapore, D02 Anson, Tanjong Pagar",,https://www.mycareersfuture.gov.sg/job/information-technology/business-analyst-lyneer-corp-2e0c1003fb0c12c633b36bfe6765611f,mycareersfuture,singapore,2e0c1003fb0c12c633b36bfe6765611f
696,rejected,,from the board,Business Analyst,~lyneer corp (singapore) pte. ltd.,"Singapore, D02 Anson, Tanjong Pagar",,https://www.mycareersfuture.gov.sg/job/information-technology/business-analyst-lyneer-corp-15396c11d4ec4cd65268d0719fe7d930,mycareersfuture,singapore,15396c11d4ec4cd65268d0719fe7d930
697,rejected,,from the board,Application Developer,~jeet analytics pte. ltd.,"Singapore, D01 Marina, Raffles Place, People's Park, Cecil",,https://www.mycareersfuture.gov.sg/job/information-technology/application-developer-jeet-analytics-d50ee78b4e7fa0861a2627a28c635841,mycareersfuture,singapore,d50ee78b4e7fa0861a2627a28c635841
698,rejected,,from the board,Experienced Consultant | People Consulting | Stockholm & Gothenburg,~ernst & young ab,Stockholm,,https://jobbsafari.se/jobb/experienced-consultant-people-consulting-stockholm-gothenburg-scsom-20425541,jobbsafari,sweden,20425541
699,rejected,,from the board,"Intern, HR",bosch.com,"Singapore, sg",,,smartrecruiters,BoschGroup,744000144697745
700,rejected,,from the board,"Research Associate Singapore, Kemin Animal Health & Nutrition",kemin.com,,,https://careers-kemin.icims.com/jobs/11846/research-associate---singapore%2c-kemin-animal-health-%26-nutrition/job,icims,kemin,11846
701,rejected,,from the board,"Qc Technologist Singapore, Kemin Animal Health & Nutrition",kemin.com,,,https://careers-kemin.icims.com/jobs/12192/qc-technologist---singapore%2c-kemin-animal-health-%26-nutrition/job,icims,kemin,12192
702,rejected,,from the board,Private Equity Investment Analyst (6-months internship) - starting July or August 2026,hqcapital.com,Singapore,Investment Asia,https://hq-capital-deutschland-gmbh.jobs.personio.de/job/2694266,personio,hq-capital-deutschland-gmbh,2694266
703,rejected,,from the board,"Relationship & Business Management Associate, Global Financial Institutions (12 mths contract)",bankofsingapore.com,OCBC Singapore,,https://ocbc.wd102.myworkdayjobs.com/en-US/External/job/OCBC-Singapore/Relationship---Business-Management-Associate--Global-Financial-Institutions--12-mths-contract-_JR00010394-1,workday,ocbc|wd102|External,/job/OCBC-Singapore/Relationship---Business-Management-Associate--Global-Financial-Institutions--12-mths-contract-_JR00010394-1
704,rejected,,from the board,Expert IT Analyst,nordea.com,"Finland, Helsinki, Poland, Gdynia, Sweden, Stockholm, Poland, Warszawa, Sweden, Stockholm, Poland, Gdańsk",IT/Technology,https://www.nordea.com/en/positions/expert-it-analyst-2,site,nordea,86366
705,rejected,,from the board,Konferensvärd - deltidstjänst,carnegie.dk,Stockholm,,https://jobs.carnegie.se/job/Stockholm-Konferensv%C3%A4rd-deltidstj%C3%A4nst-103-38/1431979833/,successfactors,jobs.carnegie.se,1431979833
706,rejected,,from the board,Konferensvärd DNB Carnegie,carnegie.dk,Stockholm,,https://jobs.carnegie.se/job/Stockholm-Konferensv%C3%A4rd-DNB-Carnegie-103-38/1431979233/,successfactors,jobs.carnegie.se,1431979233
707,rejected,,from the board,HR Student Intern,bendix.com,"Hong Kong, HK",,https://careers.knorr-bremse.com/job/Hong-Kong-HR-Student-Intern/1370398833/,successfactors,careers.knorr-bremse.com,1370398833
708,rejected,,from the board,Company Secretarial Officer,computershare.com,"Wanchai, Hong Kong",,https://fa-evdq-saasfaprod1.fa.ocs.oraclecloud.com/hcmUI/CandidateExperience/en/sites/computersharecareers/job/12675,oracle_hcm,fa-evdq-saasfaprod1.fa.ocs.oraclecloud.com|computersharecareers,12675
709,rejected,,from the board,Compensation Consulting Analyst,marsh.com,Hong Kong - FWD Tower,,https://mmc.wd1.myworkdayjobs.com/en-US/MMC/job/Hong-Kong---FWD-Tower/Compensation-Consulting-Analyst_R_362683-1,workday,mmc|wd1|MMC,/job/Hong-Kong---FWD-Tower/Compensation-Consulting-Analyst_R_362683-1
710,rejected,,from the board,Leadership and Professional Development Specialist | Talent Development,jumptrading.com,"Hong Kong, Singapore, Shanghai or Sydney",Operations,https://www.jumptrading.com/hr/job?gh_jid=7946175,greenhouse,jumptrading,7946175
711,rejected,,from the board,Senior Associate,advent.com,3 Locations,,https://wd1.myworkdaysite.com/en-US/SSCTechnologies/job/Maharashtra-Navi-Mumbai/Senior-Associate_R30301,workday,ssctech|wd1|SSCTechnologies|myworkdaysite.com,/job/Maharashtra-Navi-Mumbai/Senior-Associate_R30301
712,rejected,,from the board,Værkfører til Scania Padborg,traton.com,,,https://jobs.scania.com/job/Padborg-V%C3%A6rkf%C3%B8rer-til-Scania-Padborg-REGI-6330/1402787633/,successfactors,jobs.scania.com,1402787633
713,rejected,,from the board,Vrachtwagentechnieker Wijnegem,traton.com,,,https://jobs.scania.com/job/Wijnegem-Vrachtwagentechnieker-Wijnegem-2110/1415786333/,successfactors,jobs.scania.com,1415786333
714,rejected,,from the board,Vrachtwagentechnieker Regio Vlaanderen (West- & Oost-Vlaanderen),traton.com,,,https://jobs.scania.com/job/Gent-Vrachtwagentechnieker-Regio-Vlaanderen-%28West-&amp;-Oost-Vlaanderen%29-9031/1385849133/,successfactors,jobs.scania.com,1385849133
715,rejected,,from the board,Warranty Administrator,volvo.com,"Corona, CA, US, 92883",,https://jobs.volvogroup.com/job/Corona-Warranty-Administrator-CA-92883/1351870355/,successfactors,jobs.volvogroup.com,1351870355
716,rejected,,from the board,Warranty Specialist,traton.com,,,https://jobs.scania.com/job/Wiri-Warranty-Specialist-2104/1414084933/,successfactors,jobs.scania.com,1414084933
717,rejected,,from the board,Warranty Specialist,volvo.com,"Chesapeake, VA, US, 23320",,https://jobs.volvogroup.com/job/Chesapeake-Warranty-Specialist-VA-23320/1365986055/,successfactors,jobs.volvogroup.com,1365986055
718,rejected,,from the board,Werkstattadministration (m/w/d) für Dresden,traton.com,,,https://jobs.scania.com/job/Scharfenberger-Str_-61%2C-01139-Werkstattadministration-%28mwd%29-f%C3%BCr-Dresden/1196485301/,successfactors,jobs.scania.com,1196485301
719,rejected,,from the board,Werkstattadministration (m/w/d) für Nürnberg/Wendelstein,traton.com,,,https://jobs.scania.com/job/Johann-H%C3%B6llfritsch-Str_-41-4-Werkstattadministration-%28mwd%29-f%C3%BCr-N%C3%BCrnbergWendelstein/1276397301/,successfactors,jobs.scania.com,1276397301
720,rejected,,from the board,Zahnmedizinische Fachangestellte Abrechnung (m/w/d),riverty.com,"Hamburg, Germany, 20459",,https://jobsearch.createyourowncareer.com/BFS_Health_Finance/job/Hamburg-Zahnmedizinische-Fachangestellte-Abrechnung-%28mwd%29-20459/1421243733/,successfactors,jobsearch.createyourowncareer.com,1421243733
721,rejected,,from the board,Überführungsfahrer (m/w/d) für Limburg,traton.com,,,https://jobs.scania.com/job/Brunnenstr_-11%2C-65551-Limburg-%C3%9Cberf%C3%BChrungsfahrer-%28mwd%29-f%C3%BCr-Limburg/1422777233/,successfactors,jobs.scania.com,1422777233
722,rejected,,from the board,北區車體廠專員 Bodybuilder Coordinator,traton.com,,,https://jobs.scania.com/job/Taipei-%E5%8C%97%E5%8D%80%E8%BB%8A%E9%AB%94%E5%BB%A0%E5%B0%88%E5%93%A1-Bodybuilder-Coordinator/1417018733/,successfactors,jobs.scania.com,1417018733
723,rejected,,from the board,Vorarbeiter Logistik (m/w/x),riverty.com,"Dorsten, Germany, 46282",,https://jobsearch.createyourowncareer.com/ARVATO/job/Dorsten-Vorarbeiter-Logistik-%28mwx%29-46282/1419676533/,successfactors,jobsearch.createyourowncareer.com,1419676533
724,rejected,,from the board,Vorarbeiter Logistik (m/w/x),riverty.com,"Hannover, Germany, 30539",,https://jobsearch.createyourowncareer.com/ARVATO/job/Hannover-Vorarbeiter-Logistik-%28mwx%29-30539/1416822333/,successfactors,jobsearch.createyourowncareer.com,1416822333
725,rejected,,from the board,Vorarbeiter Logistik (m/w/x),riverty.com,"Hamm, Germany, 59071",,https://jobsearch.createyourowncareer.com/ARVATO/job/Hamm-Vorarbeiter-Logistik-%28mwx%29-59071/1413491433/,successfactors,jobsearch.createyourowncareer.com,1413491433
726,rejected,,from the board,Vocational Trainee: Welding (Fall 2026),volvo.com,"Shippensburg, PA, US, 17257",,https://jobs.volvogroup.com/job/Shippensburg-Vocational-Trainee-Welding-%28Fall-2026%29-PA-17257/1356241155/,successfactors,jobs.volvogroup.com,1356241155
727,rejected,,from the board,VENDEDOR DE SOLUCIONES SAN LUIS POTOSÍ,traton.com,,,https://jobs.scania.com/job/QUERETARO-VENDEDOR-DE-SOLUCIONES-SAN-LUIS-POTOS%C3%8D-76246/1429333933/,successfactors,jobs.scania.com,1429333933
728,rejected,,from the board,Vadybininkas(-ė) viešiesiems pirkimams,traton.com,,,https://jobs.scania.com/job/Vilnius-Vadybininkas%28-%C4%97%29-vie%C5%A1iesiems-pirkimams-LT-02300/1400743033/,successfactors,jobs.scania.com,1400743033
729,rejected,,from the board,Vocational Trainee: Assembly (Fall 2026),volvo.com,"Shippensburg, PA, US, 17257",,https://jobs.volvogroup.com/job/Shippensburg-Vocational-Trainee-Assembly-%28Fall-2026%29-PA-17257/1356241255/,successfactors,jobs.volvogroup.com,1356241255
730,rejected,,from the board,Vocational Trainee: Kaizen/Continuous Improvement (Fall 2026),volvo.com,"Shippensburg, PA, US, 17257",,https://jobs.volvogroup.com/job/Shippensburg-Vocational-Trainee-KaizenContinuous-Improvement-%28Fall-2026%29-PA-17257/1365446955/,successfactors,jobs.volvogroup.com,1365446955
731,rejected,,from the board,Vocational Trainee: Machining (Fall 2026),volvo.com,"Shippensburg, PA, US, 17257",,https://jobs.volvogroup.com/job/Shippensburg-Vocational-Trainee-Machining-%28Fall-2026%29-PA-17257/1356241855/,successfactors,jobs.volvogroup.com,1356241855
732,rejected,,from the board,Vocational Trainee: Paint (Fall 2026),volvo.com,"Shippensburg, PA, US, 17257",,https://jobs.volvogroup.com/job/Shippensburg-Vocational-Trainee-Paint-%28Fall-2026%29-PA-17257/1356241355/,successfactors,jobs.volvogroup.com,1356241355
733,rejected,,from the board,Trainee Key Account Management & Solution Design (m/w/x),riverty.com,"Gütersloh, Germany, 33333",,https://jobsearch.createyourowncareer.com/ARVATO/job/G%C3%BCtersloh-Trainee-Key-Account-Management-&amp;-Solution-Design-%28mwx%29-33333/1411438233/,successfactors,jobsearch.createyourowncareer.com,1411438233
734,rejected,,from the board,Trainee Logistik- und Materialflussplanung (m/w/x),riverty.com,"Gütersloh, Germany, 33333",,https://jobsearch.createyourowncareer.com/ARVATO/job/G%C3%BCtersloh-Trainee-Logistik-und-Materialflussplanung-%28mwx%29-33333/1424716533/,successfactors,jobsearch.createyourowncareer.com,1424716533
735,rejected,,from the board,Trainee (w/m/d) in der Fondskontrolle & -buchhaltung,dekabank.de,,,https://karriere.deka.de/job/Frankfurt-am-Main-Trainee-%28wmd%29-in-der-Fondskontrolle-&amp;-buchhaltung-HE-60315/1420088333/,successfactors,karriere.deka.de,1420088333
736,rejected,,from the board,Sr. Environmental Engineer Job,arkema.com,"Houston, TX, United States",,https://jobs.arkema.com/job/Houston-Sr_-Environmental-Engineer-Job-TX/1430569933/,successfactors,jobs.arkema.com,1430569933
737,rejected,,from the board,Sr Chem Engineer Job,arkema.com,"Alsip, IL, United States",,https://jobs.arkema.com/job/Alsip-Sr-Chem-Engineer-Job-IL/1417876033/,successfactors,jobs.arkema.com,1417876033
738,rejected,,from the board,Spezialist Prozessoptimierung Logistik (m/w/x),riverty.com,"Landsberg, Germany, 06188",,https://jobsearch.createyourowncareer.com/ARVATO/job/Landsberg-Spezialist-Prozessoptimierung-Logistik-%28mwx%29-06188/1424669133/,successfactors,jobsearch.createyourowncareer.com,1424669133
739,rejected,,from the board,Service Coordinator,volvo.com,"Amsterdam, NL, 1047 HN",,https://jobs.volvogroup.com/job/Amsterdam-Service-Coordinator-1047-HN/1354983855/,successfactors,jobs.volvogroup.com,1354983855
740,rejected,,from the board,Service Center Coordinator,volvo.com,"Byhalia, MS, US, 38611",,https://jobs.volvogroup.com/job/Byhalia-Service-Center-Coordinator-MS-38611/1340176555/,successfactors,jobs.volvogroup.com,1340176555
741,rejected,,from the board,Tax Internship: Summer 2027,sig.com,"Bala Cynwyd (Philadelphia Area), Pennsylvania",Interns + Co-ops,https://careers.sig.com/careers-home/jobs/10965,icims_cs,careers.sig.com,10965
742,,senior_6_10,from the board,Sr. Researcher,tvccapital.com,United States,,https://jobs.jobvite.com/webmd/job/om31zfwJ,jobvite,webmd,om31zfwJ
743,rejected,,from the board,Student analyst in Electrification Ventures,abb.dk,Ballerup,,https://www.jobindex.dk/vis-job/h1690824,jobindex,denmark,h1690824
744,rejected,,from the board,Promoter,~dazzle workshop company limited,"Hong Kong, Sheung Wan",,https://www2.jobs.gov.hk/0/en/jobseeker/jobCard/?order=ODRnelBHUGNVWGZEc2J1VUQ0MnBUOHN1ZmFMenpKUUtDWWFwQkd3Q2orcz0%3D&from=joblist&cd=22&page=684&for=jobtype,iesjobs,hongkong,12-26-0013231
745,rejected,,from the board,Promoter,~time stories limited,"Hong Kong, Anywhere in H.K.",,https://www2.jobs.gov.hk/0/en/jobseeker/jobCard/?order=TlpZMGdHM1NLaVZraExWMERmQ0ZXZVNoQXBWRmx5SzlVT1VFSUZ3VDRYQT0%3D&from=joblist&cd=22&page=687&for=jobtype,iesjobs,hongkong,22-26-0016273
746,rejected,,from the board,Shop Sales,~natural home collections limited,"Hong Kong, Aberdeen, Causeway Bay, Sheung Wan, Kai Tak, Prince Edward, Kwai Fong, Tsing Yi, Tsuen Wan",,https://www2.jobs.gov.hk/0/en/jobseeker/jobCard/?order=OE52ZU4xYkdKK2lUU1BRY1dqSTczbklkSzdSRnB1ZnlVRUhDNm9oOTN6QT0%3D&from=joblist&cd=22&page=732&for=jobtype,iesjobs,hongkong,21-26-0007937
747,rejected,,from the board,Part-time Promoter,~telford international company limited,"Hong Kong, Anywhere in H.K.",,https://www2.jobs.gov.hk/0/en/jobseeker/jobCard/?order=Q2NPMlRPdU5GK2lzOVlianc1TmcwV1hyNmliZDlRcVNQamRGM1NIdnhKOD0%3D&from=joblist&cd=22&page=754&for=jobtype,iesjobs,hongkong,35-26-0013838
748,rejected,,from the board,Art Investment Consultant,~jcaw gp limited,"Hong Kong, Tsim Sha Tsui",,https://www2.jobs.gov.hk/0/en/jobseeker/jobCard/?order=TlpZMGdHM1NLaVh0ck1qY1lnSXBrTXZ1ck1OREtmVWkrM0hCcXFwRTNHMD0%3D&from=joblist&cd=22&page=738&for=jobtype,iesjobs,hongkong,22-26-0016238
749,rejected,,from the board,Salesman / Saleswoman,~daniel & co,"Hong Kong, Mong Kok",,https://www2.jobs.gov.hk/0/en/jobseeker/jobCard/?order=TlpZMGdHM1NLaVVzV1BtV0pqSVhhaTA5L3lrZGRKTGxrVi9HTU14SmZuVT0%3D&from=joblist&cd=22&page=801&for=jobtype,iesjobs,hongkong,22-26-0016075
